{"type":"FeatureCollection","provenance":{"geometry_source":[{"key":"ne_10m_admin_0_map_units.json","url":"https://raw.githubusercontent.com/martynafford/natural-earth-geojson/master/10m/cultural/ne_10m_admin_0_map_units.json","sha256":"1f1aa9386edab4031687aa205125f6be2a3b910ff29632fbbcf76dd71c46f8b4","bytes":24878664,"downloaded_utc":"2026-08-18T00:19:11Z","licence":"Public domain. Natural Earth: 'All versions of Natural Earth raster + vector map data found on this website are in the public domain. You may use the maps in any manner, including modifying the content and design, electronic dissemination, and offset printing.'","licence_url":"https://www.naturalearthdata.com/about/terms-of-use/","note":"Natural Earth 10m admin-0 MAP UNITS, not admin_0_countries. The countries layer folds Guadeloupe and Martinique into a single 'France' feature with SUBREGION='Western Europe', which would have silently dropped two real Caribbean hurricane targets. Map units split them out."}],"geometry_selection":"SUBREGION='Caribbean' from the MAP UNITS layer","name_source":[{"key":"ne_10m_admin_0_map_units.json","url":"https://raw.githubusercontent.com/martynafford/natural-earth-geojson/master/10m/cultural/ne_10m_admin_0_map_units.json","sha256":"1f1aa9386edab4031687aa205125f6be2a3b910ff29632fbbcf76dd71c46f8b4","bytes":24878664,"downloaded_utc":"2026-08-18T00:19:11Z","licence":"Public domain. Natural Earth: 'All versions of Natural Earth raster + vector map data found on this website are in the public domain. You may use the maps in any manner, including modifying the content and design, electronic dissemination, and offset printing.'","licence_url":"https://www.naturalearthdata.com/about/terms-of-use/","note":"Natural Earth 10m admin-0 MAP UNITS, not admin_0_countries. The countries layer folds Guadeloupe and Martinique into a single 'France' feature with SUBREGION='Western Europe', which would have silently dropped two real Caribbean hurricane targets. Map units split them out."}],"name_rule":"Natural Earth admin_0 'GEOUNIT'","gaps":[],"region":"caribbean","built_utc":"2026-08-18T00:36:50Z","processing_version":"1.0.0","coordinate_precision_dp":4,"polygons":159,"vertices":7822},"features":[{"type":"Feature","properties":{"region":"caribbean","name":"Aruba","name_official":"Aruba"},"geometry":{"type":"Polygon","coordinates":[[[-69.9969,12.5776],[-69.9364,12.5317],[-69.9247,12.5192],[-69.9158,12.497],[-69.8802,12.4536],[-69.8768,12.4274],[-69.8881,12.4177],[-69.9088,12.4178],[-69.9305,12.426],[-69.9451,12.4404],[-69.9247,12.4404],[-69.9247,12.4472],[-69.9586,12.4632],[-70.0277,12.5229],[-70.0481,12.5312],[-70.0581,12.5372],[-70.0624,12.5468],[-70.0604,12.557],[-70.0511,12.574],[-70.0487,12.5837],[-70.0526,12.6],[-70.0596,12.6142],[-70.0611,12.6254],[-70.0487,12.6321],[-70.0072,12.5855],[-69.9969,12.5776]]]}},{"type":"Feature","properties":{"region":"caribbean","name":"Antigua","name_official":"Antigua"},"geometry":{"type":"Polygon","coordinates":[[[-61.8836,17.049],[-61.8792,17.0605],[-61.8828,17.0702],[-61.8824,17.0788],[-61.8662,17.0869],[-61.8734,17.0895],[-61.8942,17.1005],[-61.8831,17.1105],[-61.8654,17.1178],[-61.8424,17.1244],[-61.8505,17.1376],[-61.8488,17.1495],[-61.8397,17.1599],[-61.8253,17.1688],[-61.7934,17.1649],[-61.7807,17.1472],[-61.773,17.1265],[-61.7564,17.1142],[-61.7554,17.123],[-61.7528,17.1289],[-61.7433,17.1415],[-61.7376,17.133],[-61.7298,17.128],[-61.7201,17.1264],[-61.7086,17.1278],[-61.7135,17.1225],[-61.7163,17.1188],[-61.7205,17.1161],[-61.7296,17.1142],[-61.7251,17.0998],[-61.7148,17.0931],[-61.7016,17.0935],[-61.6881,17.1005],[-61.6807,17.1005],[-61.6755,17.0956],[-61.6721,17.0906],[-61.6676,17.0794],[-61.6744,17.0799],[-61.6881,17.0789],[-61.6949,17.0794],[-61.6857,17.0683],[-61.6771,17.0629],[-61.6722,17.0576],[-61.6744,17.0459],[-61.6857,17.0286],[-61.697,17.0278],[-61.71,17.0342],[-61.7262,17.0385],[-61.734,17.0349],[-61.7344,17.0258],[-61.7296,17.0012],[-61.7371,16.9892],[-61.7535,16.9968],[-61.7698,17.011],[-61.7768,17.0185],[-61.7836,17.0169],[-61.8041,17.0073],[-61.8179,17.005],[-61.8387,17.0048],[-61.8517,17.0076],[-61.8837,17.0263],[-61.8904,17.0354],[-61.8836,17.049]]]}},{"type":"Feature","properties":{"region":"caribbean","name":"Barbuda","name_official":"Barbuda"},"geometry":{"type":"Polygon","coordinates":[[[-61.8389,17.5933],[-61.8518,17.5866],[-61.8573,17.601],[-61.8594,17.6418],[-61.8639,17.6601],[-61.8697,17.6755],[-61.8739,17.6911],[-61.873,17.7106],[-61.8694,17.7073],[-61.8678,17.7041],[-61.8662,17.6964],[-61.8601,17.6842],[-61.8442,17.666],[-61.8389,17.6554],[-61.8392,17.6414],[-61.8432,17.6296],[-61.8432,17.6202],[-61.8315,17.6138],[-61.8265,17.6325],[-61.825,17.6579],[-61.8312,17.6805],[-61.8492,17.6901],[-61.8564,17.7011],[-61.8517,17.7203],[-61.8378,17.7277],[-61.8179,17.7032],[-61.8246,17.6994],[-61.8315,17.6964],[-61.8182,17.6918],[-61.7973,17.6988],[-61.7843,17.6964],[-61.7682,17.6846],[-61.7543,17.6688],[-61.7433,17.6514],[-61.7359,17.6349],[-61.7287,17.605],[-61.7278,17.5884],[-61.7296,17.5728],[-61.7364,17.554],[-61.7433,17.5506],[-61.7536,17.5515],[-61.7707,17.5456],[-61.777,17.5634],[-61.7947,17.5761],[-61.8389,17.5933]]]}},{"type":"Feature","properties":{"region":"caribbean","name":"Anguilla","name_official":"Anguilla"},"geometry":{"type":"Polygon","coordinates":[[[-63.0377,18.213],[-63.0995,18.1762],[-63.1024,18.1804],[-63.1091,18.185],[-63.1138,18.1898],[-63.1368,18.1734],[-63.1505,18.1691],[-63.1678,18.1693],[-63.1421,18.1981],[-63.1343,18.2041],[-63.1228,18.2081],[-63.0972,18.2125],[-63.0858,18.2177],[-63.0678,18.2365],[-63.0551,18.2543],[-63.0382,18.2677],[-63.0074,18.273],[-62.984,18.2764],[-62.9726,18.2759],[-62.9729,18.2693],[-62.9929,18.2369],[-63.0006,18.2274],[-63.0115,18.2204],[-63.0377,18.213]]]}},{"type":"Feature","properties":{"region":"caribbean","name":"Anguilla","name_official":"Anguilla"},"geometry":{"type":"Polygon","coordinates":[[[-63.4236,18.6],[-63.428,18.5928],[-63.4288,18.6013],[-63.4236,18.6]]]}},{"type":"Feature","properties":{"region":"caribbean","name":"The Bahamas","name_official":"The Bahamas"},"geometry":{"type":"Polygon","coordinates":[[[-73.0339,21.1567],[-73.0976,21.0814],[-73.1298,20.9937],[-73.1512,20.9821],[-73.2256,20.9525],[-73.2689,20.9587],[-73.2816,20.9551],[-73.2911,20.9506],[-73.3105,20.9376],[-73.3173,20.9376],[-73.3173,20.9451],[-73.3107,20.9505],[-73.3254,20.9613],[-73.3469,20.9638],[-73.399,20.9358],[-73.4334,20.9376],[-73.4926,20.9245],[-73.5368,20.9412],[-73.6008,20.9465],[-73.6152,20.9446],[-73.6314,20.9367],[-73.6356,20.9293],[-73.6414,20.9203],[-73.6451,20.9124],[-73.6516,20.9138],[-73.6634,20.9211],[-73.6761,20.9352],[-73.679,20.946],[-73.6814,20.9632],[-73.6823,20.9858],[-73.7,21.0143],[-73.7032,21.0198],[-73.6999,21.0269],[-73.6701,21.0298],[-73.6533,21.0399],[-73.6471,21.0616],[-73.6452,21.0805],[-73.6569,21.094],[-73.6679,21.105],[-73.6678,21.1152],[-73.6334,21.0997],[-73.6131,21.1069],[-73.5959,21.1126],[-73.5841,21.1213],[-73.5529,21.1302],[-73.5458,21.1497],[-73.5237,21.1683],[-73.5146,21.1869],[-73.4926,21.1821],[-73.4728,21.1927],[-73.4436,21.1929],[-73.4333,21.1933],[-73.4232,21.1979],[-73.4129,21.2051],[-73.3982,21.2248],[-73.3899,21.2333],[-73.3862,21.229],[-73.3798,21.2082],[-73.3639,21.1903],[-73.3438,21.1654],[-73.3179,21.1541],[-73.2552,21.1351],[-73.2331,21.148],[-73.211,21.1581],[-73.161,21.1699],[-73.1377,21.1977],[-73.1174,21.2367],[-73.0682,21.3099],[-73.053,21.3293],[-73.0338,21.3404],[-73.0122,21.332],[-73.0046,21.3144],[-73.0057,21.2914],[-73.0255,21.1846],[-73.0339,21.1567]]]}},{"type":"Feature","properties":{"region":"caribbean","name":"The Bahamas","name_official":"The Bahamas"},"geometry":{"type":"Polygon","coordinates":[[[-73.0437,21.4261],[-73.053,21.4249],[-73.0549,21.4354],[-73.0522,21.4478],[-73.0593,21.467],[-73.0724,21.4863],[-73.0762,21.5068],[-73.0662,21.5141],[-73.0428,21.5214],[-73.024,21.5322],[-73.0066,21.5521],[-72.9915,21.562],[-72.9822,21.5565],[-72.97,21.5419],[-72.9595,21.5331],[-72.9396,21.5231],[-72.9197,21.5148],[-72.9104,21.5049],[-72.9146,21.4851],[-72.9334,21.4735],[-72.9708,21.4694],[-72.9882,21.4541],[-72.9996,21.4517],[-73.0337,21.4359],[-73.0437,21.4261]]]}},{"type":"Feature","properties":{"region":"caribbean","name":"The Bahamas","name_official":"The Bahamas"},"geometry":{"type":"Polygon","coordinates":[[[-75.7221,22.2026],[-75.7182,22.1958],[-75.7147,22.1829],[-75.7219,22.1754],[-75.7344,22.175],[-75.7427,22.1833],[-75.7485,22.1967],[-75.7497,22.2045],[-75.745,22.2058],[-75.7391,22.2039],[-75.733,22.1998],[-75.734,22.206],[-75.7395,22.2228],[-75.7362,22.2248],[-75.7314,22.2182],[-75.7221,22.2026]]]}},{"type":"Feature","properties":{"region":"caribbean","name":"The Bahamas","name_official":"The Bahamas"},"geometry":{"type":"Polygon","coordinates":[[[-75.746,22.236],[-75.7497,22.2348],[-75.7534,22.2374],[-75.7519,22.2633],[-75.7475,22.2615],[-75.7449,22.2447],[-75.746,22.236]]]}},{"type":"Feature","properties":{"region":"caribbean","name":"The Bahamas","name_official":"The Bahamas"},"geometry":{"type":"Polygon","coordinates":[[[-75.8026,22.3532],[-75.8055,22.3476],[-75.8131,22.3563],[-75.8202,22.3713],[-75.8236,22.3857],[-75.8196,22.3884],[-75.8136,22.3779],[-75.8117,22.3716],[-75.8079,22.3657],[-75.8026,22.3532]]]}},{"type":"Feature","properties":{"region":"caribbean","name":"The Bahamas","name_official":"The Bahamas"},"geometry":{"type":"Polygon","coordinates":[[[-73.1061,22.4335],[-73.0908,22.4316],[-73.0909,22.4337],[-73.0851,22.4382],[-73.0771,22.4429],[-73.0702,22.4453],[-73.0631,22.4447],[-73.0482,22.4401],[-73.0399,22.439],[-73.0152,22.4305],[-72.9637,22.3977],[-72.9399,22.3969],[-72.9448,22.4025],[-72.9536,22.4186],[-72.9203,22.4029],[-72.9036,22.3991],[-72.8928,22.4043],[-72.8771,22.393],[-72.8617,22.3869],[-72.8437,22.3843],[-72.8205,22.3838],[-72.8138,22.381],[-72.806,22.3743],[-72.7928,22.3596],[-72.7833,22.3532],[-72.7637,22.3532],[-72.755,22.3497],[-72.7462,22.3313],[-72.7509,22.3112],[-72.7638,22.2949],[-72.7794,22.2882],[-72.7972,22.2936],[-72.8437,22.336],[-72.864,22.3499],[-72.88,22.3582],[-72.8976,22.3623],[-72.9229,22.3633],[-72.9342,22.3621],[-72.9491,22.357],[-72.957,22.3559],[-72.9688,22.3581],[-72.9753,22.363],[-72.9805,22.3679],[-72.9884,22.3702],[-73.0099,22.366],[-73.0495,22.3466],[-73.0737,22.3422],[-73.0843,22.3444],[-73.091,22.3491],[-73.0959,22.3537],[-73.1013,22.3559],[-73.1391,22.3633],[-73.1564,22.3677],[-73.166,22.3742],[-73.1637,22.3837],[-73.1454,22.3969],[-73.1511,22.404],[-73.1515,22.4086],[-73.1454,22.4186],[-73.1407,22.4315],[-73.1424,22.4423],[-73.1422,22.4514],[-73.1317,22.4595],[-73.1146,22.4385],[-73.1061,22.4335]]]}},{"type":"Feature","properties":{"region":"caribbean","name":"The Bahamas","name_official":"The Bahamas"},"geometry":{"type":"Polygon","coordinates":[[[-73.6076,22.5773],[-73.6255,22.5743],[-73.6182,22.6012],[-73.606,22.6095],[-73.5938,22.602],[-73.6076,22.5773]]]}},{"type":"Feature","properties":{"region":"caribbean","name":"The Bahamas","name_official":"The Bahamas"},"geometry":{"type":"Polygon","coordinates":[[[-73.4687,22.5877],[-73.4752,22.5862],[-73.5174,22.5982],[-73.5361,22.6035],[-73.5564,22.6065],[-73.5589,22.6117],[-73.541,22.614],[-73.5239,22.6162],[-73.5012,22.6109],[-73.4785,22.6012],[-73.4687,22.5877]]]}},{"type":"Feature","properties":{"region":"caribbean","name":"The Bahamas","name_official":"The Bahamas"},"geometry":{"type":"Polygon","coordinates":[[[-74.3547,22.5633],[-74.3856,22.5414],[-74.3767,22.5844],[-74.3476,22.6129],[-74.312,22.6383],[-74.2838,22.6718],[-74.2889,22.6437],[-74.3175,22.6025],[-74.3547,22.5633]]]}},{"type":"Feature","properties":{"region":"caribbean","name":"The Bahamas","name_official":"The Bahamas"},"geometry":{"type":"Polygon","coordinates":[[[-73.8449,22.7202],[-73.8685,22.6815],[-73.8797,22.6718],[-73.8802,22.6819],[-73.8837,22.6898],[-73.8902,22.6955],[-73.8995,22.6985],[-73.8961,22.6849],[-73.8878,22.6718],[-73.8769,22.6655],[-73.8654,22.6718],[-73.8586,22.6572],[-73.8495,22.5825],[-73.844,22.5671],[-73.8312,22.5414],[-73.8484,22.5376],[-73.8556,22.5207],[-73.8591,22.4987],[-73.8654,22.48],[-73.8752,22.4685],[-73.8896,22.455],[-73.9048,22.4438],[-73.9169,22.439],[-73.9284,22.4301],[-73.9616,22.3702],[-74.0138,22.3301],[-74.023,22.3258],[-74.0336,22.325],[-74.0944,22.3019],[-74.1194,22.2969],[-74.1347,22.2839],[-74.1597,22.2466],[-74.1677,22.2384],[-74.1942,22.2169],[-74.2043,22.2125],[-74.2269,22.2092],[-74.2447,22.2004],[-74.277,22.1715],[-74.2782,22.1806],[-74.277,22.2159],[-74.2725,22.2257],[-74.262,22.2285],[-74.2225,22.2255],[-74.2141,22.2292],[-74.1839,22.2541],[-74.1831,22.2605],[-74.1937,22.2678],[-74.1937,22.2739],[-74.1741,22.2855],[-74.1671,22.2882],[-74.1729,22.2899],[-74.1775,22.2917],[-74.1805,22.2953],[-74.1813,22.3019],[-74.1612,22.3092],[-74.1318,22.3259],[-74.1087,22.3292],[-74.1033,22.3324],[-74.0924,22.3465],[-74.0792,22.3552],[-74.0802,22.3677],[-74.0841,22.3815],[-74.0839,22.3906],[-74.0654,22.3975],[-74.0381,22.4002],[-74.0133,22.4058],[-74.0026,22.4217],[-73.9984,22.4459],[-73.9869,22.4575],[-73.9693,22.4622],[-73.9473,22.4658],[-73.9077,22.4794],[-73.8802,22.5029],[-73.8708,22.5353],[-73.8859,22.5756],[-73.9134,22.5945],[-73.9845,22.5956],[-74.0162,22.6103],[-74.0312,22.6237],[-74.0295,22.6274],[-74.0174,22.6455],[-74.0109,22.6513],[-74.0036,22.6551],[-73.9957,22.6575],[-74.0021,22.664],[-74.0162,22.6849],[-73.9831,22.676],[-73.9752,22.6718],[-73.9719,22.6829],[-73.9645,22.6915],[-73.9556,22.6954],[-73.9473,22.6923],[-73.9413,22.6965],[-73.9385,22.6979],[-73.9343,22.6985],[-73.9343,22.706],[-73.9425,22.7081],[-73.9459,22.7102],[-73.9486,22.7138],[-73.9547,22.7202],[-73.9031,22.7197],[-73.8785,22.7233],[-73.8517,22.7333],[-73.8507,22.7294],[-73.8502,22.7262],[-73.8488,22.7231],[-73.8449,22.7202]]]}},{"type":"Feature","properties":{"region":"caribbean","name":"The Bahamas","name_official":"The Bahamas"},"geometry":{"type":"Polygon","coordinates":[[[-74.1937,22.7612],[-74.1902,22.7602],[-74.178,22.7617],[-74.1739,22.7612],[-74.1718,22.7582],[-74.1671,22.7469],[-74.1475,22.7407],[-74.1116,22.7383],[-74.0907,22.7333],[-74.0981,22.7469],[-74.0759,22.7419],[-74.0162,22.7202],[-74.0907,22.6575],[-74.0941,22.6657],[-74.0946,22.6679],[-74.105,22.6718],[-74.1041,22.6883],[-74.1224,22.6852],[-74.1484,22.6778],[-74.2223,22.6956],[-74.2326,22.7035],[-74.2489,22.7202],[-74.2545,22.7085],[-74.2664,22.6986],[-74.2783,22.6932],[-74.2838,22.6954],[-74.278,22.717],[-74.2781,22.7284],[-74.2869,22.7333],[-74.352,22.8227],[-74.3482,22.8259],[-74.3466,22.8292],[-74.3459,22.8326],[-74.3446,22.8362],[-74.3336,22.8369],[-74.3169,22.8422],[-74.3104,22.8432],[-74.2985,22.84],[-74.2701,22.8227],[-74.2601,22.8202],[-74.2384,22.8184],[-74.2285,22.8158],[-74.2006,22.7947],[-74.1975,22.7861],[-74.1964,22.7685],[-74.1937,22.7612]]]}},{"type":"Feature","properties":{"region":"caribbean","name":"The Bahamas","name_official":"The Bahamas"},"geometry":{"type":"Polygon","coordinates":[[[-73.817,23.1038],[-73.7419,23.097],[-73.6857,23.1025],[-73.6662,23.097],[-73.6662,23.0895],[-73.7552,23.073],[-73.7974,23.0738],[-73.817,23.1038]]]}},{"type":"Feature","properties":{"region":"caribbean","name":"The Bahamas","name_official":"The Bahamas"},"geometry":{"type":"Polygon","coordinates":[[[-75.5398,23.4277],[-75.5238,23.4049],[-75.5598,23.4156],[-75.6019,23.4234],[-75.6373,23.4355],[-75.6536,23.4595],[-75.62,23.4571],[-75.577,23.4459],[-75.5398,23.4277]]]}},{"type":"Feature","properties":{"region":"caribbean","name":"The Bahamas","name_official":"The Bahamas"},"geometry":{"type":"Polygon","coordinates":[[[-79.514,23.4957],[-79.5176,23.494],[-79.5366,23.5065],[-79.5384,23.5102],[-79.514,23.4957]]]}},{"type":"Feature","properties":{"region":"caribbean","name":"The Bahamas","name_official":"The Bahamas"},"geometry":{"type":"Polygon","coordinates":[[[-79.5529,23.5338],[-79.5546,23.5331],[-79.5943,23.5747],[-79.5887,23.5714],[-79.5633,23.5467],[-79.5529,23.5338]]]}},{"type":"Feature","properties":{"region":"caribbean","name":"The Bahamas","name_official":"The Bahamas"},"geometry":{"type":"Polygon","coordinates":[[[-75.977,23.6774],[-75.9683,23.6649],[-75.9572,23.6549],[-75.945,23.6488],[-75.9293,23.6458],[-75.9081,23.645],[-75.9114,23.6408],[-75.9132,23.6375],[-75.9159,23.6347],[-75.9217,23.6314],[-75.8563,23.5673],[-75.8089,23.542],[-75.7982,23.5386],[-75.7825,23.5076],[-75.7449,23.4827],[-75.661,23.4526],[-75.6754,23.4385],[-75.6982,23.4443],[-75.743,23.4669],[-75.7938,23.4705],[-75.8127,23.4796],[-75.8044,23.5004],[-75.823,23.5124],[-75.8419,23.5285],[-75.8592,23.5375],[-75.8734,23.5284],[-75.9081,23.5624],[-75.9455,23.588],[-75.9877,23.6008],[-76.0372,23.5966],[-76.0372,23.6035],[-76.0077,23.6118],[-76.003,23.614],[-76.005,23.623],[-76.0116,23.632],[-76.0106,23.6376],[-76.0211,23.6441],[-76.0294,23.6557],[-76.0315,23.6685],[-76.0235,23.6792],[-76.0112,23.6769],[-76.0026,23.6802],[-75.9961,23.6846],[-75.99,23.686],[-75.9822,23.6827],[-75.977,23.6774]]]}},{"type":"Feature","properties":{"region":"caribbean","name":"The Bahamas","name_official":"The Bahamas"},"geometry":{"type":"Polygon","coordinates":[[[-75.3116,23.6723],[-75.2529,23.583],[-75.2393,23.5751],[-75.2213,23.5561],[-75.2046,23.5334],[-75.1949,23.5141],[-75.1827,23.4464],[-75.1707,23.4291],[-75.1532,23.4112],[-75.0941,23.3053],[-75.0956,23.295],[-75.0877,23.2858],[-75.0851,23.2641],[-75.085,23.2199],[-75.0769,23.1717],[-75.06,23.1417],[-75.0316,23.1234],[-74.9464,23.0937],[-74.9097,23.0673],[-74.8448,23.0001],[-74.8491,22.995],[-74.8546,22.9853],[-74.8591,22.9803],[-74.847,22.9701],[-74.8384,22.9444],[-74.8334,22.9141],[-74.832,22.8749],[-74.834,22.8643],[-74.84,22.8599],[-74.8523,22.8636],[-74.8581,22.8706],[-74.8653,22.9045],[-74.869,22.9022],[-74.879,22.8978],[-74.8855,22.9238],[-74.9141,22.9709],[-74.9244,23.0117],[-74.9339,23.0257],[-74.9676,23.0639],[-74.978,23.0729],[-74.9905,23.0786],[-75.1049,23.0996],[-75.1298,23.114],[-75.1426,23.1237],[-75.214,23.1655],[-75.2296,23.1715],[-75.2267,23.1812],[-75.222,23.1901],[-75.2158,23.1982],[-75.2079,23.2062],[-75.2017,23.2062],[-75.1917,23.1918],[-75.1636,23.179],[-75.1533,23.1652],[-75.1791,23.1686],[-75.1874,23.1715],[-75.1806,23.1599],[-75.1703,23.15],[-75.1583,23.1442],[-75.1465,23.1448],[-75.1343,23.1373],[-75.1152,23.1224],[-75.1061,23.1175],[-75.0948,23.115],[-75.0787,23.1137],[-75.0685,23.1166],[-75.0751,23.1274],[-75.1322,23.186],[-75.1396,23.2028],[-75.1359,23.2298],[-75.1274,23.2493],[-75.1183,23.2651],[-75.1129,23.2813],[-75.1138,23.3051],[-75.1204,23.3319],[-75.1317,23.3558],[-75.1465,23.3708],[-75.1501,23.3662],[-75.1608,23.357],[-75.159,23.3806],[-75.1969,23.4101],[-75.1949,23.4321],[-75.2084,23.4352],[-75.2206,23.4398],[-75.2269,23.4473],[-75.2222,23.4595],[-75.2425,23.4743],[-75.2501,23.4902],[-75.2563,23.5351],[-75.2768,23.583],[-75.2865,23.5876],[-75.293,23.5854],[-75.3002,23.5805],[-75.3116,23.5768],[-75.3048,23.6249],[-75.3105,23.6394],[-75.3314,23.624],[-75.322,23.6372],[-75.3179,23.6415],[-75.3116,23.645],[-75.3241,23.6487],[-75.3323,23.6415],[-75.3403,23.6308],[-75.3526,23.624],[-75.3526,23.6314],[-75.3424,23.6414],[-75.3346,23.6531],[-75.3304,23.6677],[-75.3314,23.686],[-75.3253,23.6845],[-75.3203,23.6816],[-75.3158,23.6775],[-75.3116,23.6723]]]}},{"type":"Feature","properties":{"region":"caribbean","name":"The Bahamas","name_official":"The Bahamas"},"geometry":{"type":"Polygon","coordinates":[[[-74.7873,23.6841],[-74.7937,23.6713],[-74.8038,23.664],[-74.8249,23.6649],[-74.8249,23.6587],[-74.8187,23.6511],[-74.8367,23.6508],[-74.8607,23.6579],[-74.8728,23.6723],[-74.8909,23.6647],[-74.9239,23.6645],[-74.9416,23.6587],[-74.9454,23.6816],[-74.9386,23.6943],[-74.9231,23.7012],[-74.9001,23.7065],[-74.8497,23.7201],[-74.8124,23.7197],[-74.7996,23.7145],[-74.7772,23.6997],[-74.7873,23.6841]]]}},{"type":"Feature","properties":{"region":"caribbean","name":"The Bahamas","name_official":"The Bahamas"},"geometry":{"type":"Polygon","coordinates":[[[-75.1107,23.8187],[-75.1174,23.8151],[-75.1236,23.831],[-75.1173,23.8454],[-75.109,23.8469],[-75.1061,23.8424],[-75.1058,23.8314],[-75.1107,23.8187]]]}},{"type":"Feature","properties":{"region":"caribbean","name":"The Bahamas","name_official":"The Bahamas"},"geometry":{"type":"Polygon","coordinates":[[[-76.319,23.9802],[-76.3252,23.974],[-76.3402,23.9882],[-76.3586,24.0237],[-76.375,24.0466],[-76.3873,24.0764],[-76.3976,24.0925],[-76.4015,24.1029],[-76.4015,24.1174],[-76.3768,24.1014],[-76.319,23.9802]]]}},{"type":"Feature","properties":{"region":"caribbean","name":"The Bahamas","name_official":"The Bahamas"},"geometry":{"type":"Polygon","coordinates":[[[-74.4346,24.0454],[-74.4755,23.9802],[-74.4785,23.9917],[-74.4767,24.0016],[-74.4687,24.0218],[-74.4769,24.01],[-74.4913,23.9692],[-74.4923,23.9604],[-74.5581,23.9536],[-74.5581,23.9604],[-74.5411,23.98],[-74.5297,24.0111],[-74.5255,24.0457],[-74.5301,24.0764],[-74.5297,24.1004],[-74.5187,24.1149],[-74.5013,24.1238],[-74.4818,24.131],[-74.4762,24.1352],[-74.4708,24.1407],[-74.4648,24.1439],[-74.4582,24.1413],[-74.4432,24.1167],[-74.4408,24.1142],[-74.4388,24.1038],[-74.4297,24.0898],[-74.4271,24.0832],[-74.4277,24.0742],[-74.4332,24.0544],[-74.4346,24.0454]]]}},{"type":"Feature","properties":{"region":"caribbean","name":"The Bahamas","name_official":"The Bahamas"},"geometry":{"type":"Polygon","coordinates":[[[-77.8024,24.2445],[-77.8084,24.2394],[-77.826,24.2347],[-77.8342,24.2346],[-77.8385,24.2379],[-77.8436,24.2397],[-77.8539,24.2347],[-77.8608,24.2252],[-77.8705,24.1979],[-77.8807,24.1863],[-77.8937,24.1776],[-77.9446,24.1542],[-77.9626,24.1522],[-77.9691,24.1596],[-77.9742,24.1728],[-77.9762,24.1868],[-77.9734,24.1962],[-77.9642,24.1972],[-77.9517,24.194],[-77.9406,24.1936],[-77.9359,24.2031],[-77.9259,24.2064],[-77.871,24.2409],[-77.8663,24.2427],[-77.85,24.2515],[-77.8397,24.2546],[-77.7987,24.2546],[-77.8024,24.2445]]]}},{"type":"Feature","properties":{"region":"caribbean","name":"The Bahamas","name_official":"The Bahamas"},"geometry":{"type":"Polygon","coordinates":[[[-77.9419,24.2405],[-77.9359,24.2272],[-77.9503,24.2305],[-77.9756,24.2271],[-77.9905,24.2272],[-78.0013,24.2314],[-78.0129,24.2397],[-78.0169,24.2484],[-78.0048,24.2546],[-77.9787,24.2592],[-77.9529,24.2705],[-77.9322,24.2757],[-77.9216,24.262],[-77.9364,24.2615],[-77.9426,24.2531],[-77.9419,24.2405]]]}},{"type":"Feature","properties":{"region":"caribbean","name":"The Bahamas","name_official":"The Bahamas"},"geometry":{"type":"Polygon","coordinates":[[[-76.4717,24.2276],[-76.463,24.2136],[-76.4818,24.2138],[-76.4932,24.2188],[-76.5353,24.2684],[-76.5446,24.283],[-76.5449,24.2956],[-76.5295,24.2874],[-76.5204,24.275],[-76.5134,24.2609],[-76.5039,24.2477],[-76.4921,24.2392],[-76.4813,24.2343],[-76.4717,24.2276]]]}},{"type":"Feature","properties":{"region":"caribbean","name":"The Bahamas","name_official":"The Bahamas"},"geometry":{"type":"Polygon","coordinates":[[[-77.7481,24.1318],[-77.7235,24.1174],[-77.7077,24.1237],[-77.7023,24.1127],[-77.7048,24.0947],[-77.7213,24.0662],[-77.7246,24.0533],[-77.7298,24.0426],[-77.744,24.0355],[-77.7255,24.0307],[-77.7096,24.0437],[-77.6785,24.1018],[-77.6577,24.1235],[-77.6479,24.1379],[-77.6439,24.1575],[-77.6427,24.1828],[-77.6391,24.2065],[-77.6273,24.2211],[-77.6075,24.2182],[-77.5926,24.1982],[-77.5805,24.1732],[-77.5693,24.1553],[-77.5566,24.1411],[-77.5495,24.1259],[-77.5462,24.1083],[-77.5443,24.0753],[-77.5392,24.0541],[-77.538,24.0454],[-77.5392,24.0339],[-77.5443,24.0147],[-77.5455,24.0044],[-77.5422,23.9988],[-77.5282,23.9799],[-77.525,23.9704],[-77.5282,23.9586],[-77.5352,23.9506],[-77.5422,23.9456],[-77.5455,23.9427],[-77.5558,23.9383],[-77.5775,23.9378],[-77.5971,23.9304],[-77.6007,23.9051],[-77.5657,23.928],[-77.545,23.9366],[-77.525,23.9331],[-77.5165,23.9189],[-77.5226,23.881],[-77.5175,23.8642],[-77.5346,23.8286],[-77.5479,23.8223],[-77.5727,23.8294],[-77.5694,23.8168],[-77.5513,23.8031],[-77.5455,23.7884],[-77.5469,23.775],[-77.5526,23.7602],[-77.5598,23.7477],[-77.5659,23.7407],[-77.5973,23.7306],[-77.6212,23.7401],[-77.643,23.7549],[-77.6683,23.7611],[-77.6511,23.7419],[-77.6514,23.7331],[-77.6609,23.7202],[-77.6683,23.7202],[-77.6849,23.7414],[-77.7146,23.7487],[-77.7782,23.7468],[-77.744,23.7611],[-77.7491,23.7783],[-77.7277,23.7777],[-77.6752,23.7611],[-77.6691,23.7792],[-77.6589,23.7921],[-77.645,23.8015],[-77.5913,23.8249],[-77.5762,23.8358],[-77.5762,23.8471],[-77.5941,23.8535],[-77.6116,23.8441],[-77.6286,23.8303],[-77.6448,23.8232],[-77.7031,23.7884],[-77.6992,23.7856],[-77.6963,23.7822],[-77.7202,23.7848],[-77.7443,23.8164],[-77.7646,23.8232],[-77.6988,23.8451],[-77.6656,23.8635],[-77.6609,23.8847],[-77.6752,23.8705],[-77.6948,23.8647],[-77.7478,23.8642],[-77.7621,23.8616],[-77.7742,23.8568],[-77.7859,23.8537],[-77.7987,23.8567],[-77.8068,23.8647],[-77.8129,23.8767],[-77.8275,23.9439],[-77.8288,23.9692],[-77.8226,23.9802],[-77.8372,23.9848],[-77.8378,23.9959],[-77.8335,24.0096],[-77.8335,24.0218],[-77.8448,24.0334],[-77.8586,24.041],[-77.8665,24.0476],[-77.8601,24.056],[-77.8601,24.0627],[-77.8796,24.074],[-77.942,24.0969],[-77.9361,24.1045],[-77.9291,24.1112],[-77.9147,24.1025],[-77.9091,24.1053],[-77.9083,24.1126],[-77.9086,24.1174],[-77.9079,24.1268],[-77.9108,24.1313],[-77.911,24.1358],[-77.9023,24.1447],[-77.8922,24.1496],[-77.8651,24.1579],[-77.8539,24.1658],[-77.8499,24.1743],[-77.8434,24.1989],[-77.8397,24.2067],[-77.8054,24.2089],[-77.7925,24.2136],[-77.7824,24.2216],[-77.7789,24.2279],[-77.7767,24.2356],[-77.7707,24.2477],[-77.7557,24.2593],[-77.7144,24.2751],[-77.7031,24.2887],[-77.6752,24.303],[-77.6658,24.2895],[-77.6585,24.2735],[-77.6502,24.2602],[-77.6379,24.2546],[-77.6312,24.2491],[-77.6407,24.2373],[-77.7025,24.1903],[-77.727,24.1778],[-77.7577,24.1726],[-77.7577,24.1658],[-77.74,24.1645],[-77.7325,24.157],[-77.7369,24.1486],[-77.7546,24.1447],[-77.7585,24.1408],[-77.7481,24.1318]]]}},{"type":"Feature","properties":{"region":"caribbean","name":"The Bahamas","name_official":"The Bahamas"},"geometry":{"type":"Polygon","coordinates":[[[-77.8486,24.3276],[-77.8673,24.3195],[-77.8837,24.3273],[-77.8836,24.3411],[-77.8692,24.3468],[-77.8398,24.3501],[-77.8328,24.3496],[-77.837,24.3422],[-77.8486,24.3276]]]}},{"type":"Feature","properties":{"region":"caribbean","name":"The Bahamas","name_official":"The Bahamas"},"geometry":{"type":"Polygon","coordinates":[[[-77.6824,24.3528],[-77.6826,24.3439],[-77.6903,24.3384],[-77.7006,24.3415],[-77.7113,24.3475],[-77.7198,24.3508],[-77.7375,24.3497],[-77.748,24.3459],[-77.7677,24.3266],[-77.7869,24.3146],[-77.7998,24.3173],[-77.8044,24.3272],[-77.7987,24.3371],[-77.7767,24.3472],[-77.758,24.3594],[-77.7392,24.3671],[-77.7192,24.3717],[-77.7031,24.3706],[-77.6962,24.3671],[-77.6881,24.3608],[-77.6824,24.3528]]]}},{"type":"Feature","properties":{"region":"caribbean","name":"The Bahamas","name_official":"The Bahamas"},"geometry":{"type":"Polygon","coordinates":[[[-76.7726,24.5191],[-76.7789,24.5143],[-76.7893,24.5185],[-76.7951,24.5314],[-76.7924,24.5491],[-76.7847,24.553],[-76.7775,24.5439],[-76.7743,24.5386],[-76.7731,24.5317],[-76.7726,24.5191]]]}},{"type":"Feature","properties":{"region":"caribbean","name":"The Bahamas","name_official":"The Bahamas"},"geometry":{"type":"Polygon","coordinates":[[[-75.3147,24.2174],[-75.307,24.2025],[-75.2904,24.1447],[-75.3358,24.1585],[-75.3564,24.1601],[-75.3799,24.1584],[-75.4251,24.15],[-75.4409,24.142],[-75.4584,24.1279],[-75.4831,24.1257],[-75.5099,24.1421],[-75.5213,24.1626],[-75.4996,24.1726],[-75.4849,24.1762],[-75.4636,24.1856],[-75.4439,24.1987],[-75.4339,24.2136],[-75.4147,24.2131],[-75.4058,24.2403],[-75.4101,24.2729],[-75.4307,24.2887],[-75.46,24.2946],[-75.4806,24.3094],[-75.534,24.3892],[-75.5419,24.4175],[-75.5611,24.4434],[-75.5655,24.4569],[-75.5715,24.4888],[-75.5885,24.5126],[-75.6144,24.5266],[-75.6474,24.529],[-75.6435,24.5395],[-75.6426,24.5515],[-75.6442,24.5642],[-75.6474,24.5761],[-75.6527,24.5884],[-75.6578,24.5929],[-75.6647,24.596],[-75.7089,24.6313],[-75.7411,24.6461],[-75.7498,24.6518],[-75.7566,24.6603],[-75.7576,24.6679],[-75.753,24.676],[-75.7322,24.6986],[-75.7239,24.7018],[-75.7089,24.7002],[-75.7022,24.6957],[-75.6754,24.6723],[-75.6493,24.6631],[-75.6373,24.657],[-75.6263,24.645],[-75.6186,24.5812],[-75.6126,24.5624],[-75.6029,24.5519],[-75.5868,24.5385],[-75.572,24.5227],[-75.56,24.4914],[-75.5322,24.4449],[-75.4761,24.3706],[-75.4581,24.3573],[-75.419,24.3378],[-75.4004,24.3235],[-75.3756,24.2759],[-75.3696,24.2683],[-75.3585,24.2614],[-75.3147,24.2174]]]}},{"type":"Feature","properties":{"region":"caribbean","name":"The Bahamas","name_official":"The Bahamas"},"geometry":{"type":"Polygon","coordinates":[[[-77.3261,25.0793],[-77.3021,25.0661],[-77.2638,25.0581],[-77.2747,25.0461],[-77.3795,25.0015],[-77.4037,25.0021],[-77.4356,25.0149],[-77.4414,25.0065],[-77.4529,24.9946],[-77.4668,24.987],[-77.48,24.9914],[-77.4951,24.9993],[-77.5145,25.0012],[-77.5329,25.0007],[-77.5455,25.0019],[-77.5619,25.0189],[-77.551,25.038],[-77.5272,25.0544],[-77.5045,25.0633],[-77.4899,25.0656],[-77.456,25.077],[-77.4408,25.0785],[-77.3981,25.077],[-77.3556,25.0841],[-77.34,25.0838],[-77.3261,25.0793]]]}},{"type":"Feature","properties":{"region":"caribbean","name":"The Bahamas","name_official":"The Bahamas"},"geometry":{"type":"Polygon","coordinates":[[[-78.107,25.1631],[-78.0904,25.1595],[-78.0752,25.1654],[-78.0605,25.1763],[-78.0452,25.1831],[-78.028,25.1763],[-78.0152,25.1678],[-78.0012,25.161],[-77.9877,25.1522],[-77.9769,25.1384],[-77.9918,25.1228],[-77.9943,25.1052],[-77.9864,25.0888],[-77.97,25.077],[-77.9825,25.0375],[-77.9866,25.0129],[-77.9806,25.0019],[-77.9623,24.9993],[-77.9473,24.9912],[-77.9342,24.9762],[-77.8734,24.8386],[-77.8292,24.7782],[-77.8126,24.7619],[-77.7956,24.7548],[-77.7835,24.7482],[-77.7465,24.7145],[-77.7372,24.7002],[-77.7362,24.6822],[-77.7378,24.6577],[-77.7418,24.6347],[-77.7478,24.6211],[-77.7536,24.602],[-77.7455,24.5776],[-77.7235,24.5351],[-77.7187,24.4998],[-77.7279,24.4742],[-77.7511,24.4585],[-77.7887,24.4532],[-77.8041,24.4488],[-77.8146,24.4387],[-77.8233,24.4273],[-77.8335,24.4191],[-77.8638,24.4154],[-77.8717,24.4068],[-77.8601,24.3849],[-77.8721,24.3738],[-77.9086,24.3508],[-77.9266,24.3458],[-77.9614,24.3455],[-77.9734,24.3405],[-78.0128,24.3142],[-78.0178,24.3061],[-78.0158,24.2973],[-78.0124,24.2893],[-78.0117,24.2819],[-78.0178,24.2751],[-78.0275,24.2729],[-78.037,24.2759],[-78.0455,24.282],[-78.0519,24.2887],[-78.0633,24.3162],[-78.0697,24.3504],[-78.0801,24.3795],[-78.1034,24.3918],[-78.1341,24.404],[-78.1409,24.4335],[-78.1344,24.5016],[-78.1525,24.4888],[-78.1648,24.4754],[-78.18,24.4649],[-78.2065,24.4606],[-78.2264,24.4655],[-78.3516,24.5305],[-78.4115,24.581],[-78.4305,24.6018],[-78.443,24.6245],[-78.4296,24.6275],[-78.4088,24.6362],[-78.3898,24.6467],[-78.3815,24.6555],[-78.3784,24.6694],[-78.3711,24.6682],[-78.3618,24.6614],[-78.3536,24.6592],[-78.3428,24.6654],[-78.3351,24.6728],[-78.3333,24.6821],[-78.3406,24.6934],[-78.3275,24.7106],[-78.3114,24.7101],[-78.2979,24.6968],[-78.2921,24.676],[-78.2933,24.6588],[-78.297,24.6438],[-78.3035,24.6303],[-78.3126,24.6177],[-78.3301,24.6064],[-78.3331,24.604],[-78.3311,24.5941],[-78.3263,24.5854],[-78.319,24.5817],[-78.2921,24.5974],[-78.2773,24.6013],[-78.2691,24.6092],[-78.2716,24.6313],[-78.2522,24.6228],[-78.252,24.6048],[-78.2572,24.5838],[-78.2543,24.5661],[-78.2377,24.5569],[-78.2283,24.5695],[-78.2259,24.5915],[-78.2307,24.6108],[-78.2211,24.6069],[-78.2107,24.6013],[-78.2017,24.5988],[-78.1965,24.604],[-78.1971,24.6184],[-78.2045,24.6283],[-78.2146,24.6363],[-78.2233,24.645],[-78.2245,24.6509],[-78.2222,24.6661],[-78.2233,24.6723],[-78.2294,24.6798],[-78.245,24.6929],[-78.2511,24.7002],[-78.2551,24.7142],[-78.2579,24.7299],[-78.264,24.7393],[-78.2785,24.7344],[-78.2679,24.7261],[-78.2641,24.7105],[-78.2648,24.6723],[-78.2742,24.6829],[-78.2806,24.6992],[-78.2884,24.7142],[-78.3024,24.7207],[-78.3041,24.7282],[-78.3011,24.7453],[-78.2921,24.7753],[-78.2768,24.79],[-78.255,24.8065],[-78.2396,24.8264],[-78.2437,24.851],[-78.2342,24.8571],[-78.2081,24.8618],[-78.2027,24.8678],[-78.1997,24.8804],[-78.186,24.9048],[-78.1829,24.9187],[-78.1739,24.9196],[-78.1775,24.9274],[-78.1855,24.9379],[-78.1897,24.9467],[-78.1876,24.9546],[-78.1822,24.9685],[-78.1745,24.9817],[-78.1655,24.9876],[-78.1577,25.0002],[-78.1599,25.0283],[-78.1693,25.0732],[-78.18,25.1049],[-78.2009,25.1464],[-78.2143,25.1846],[-78.2027,25.2067],[-78.1859,25.2059],[-78.1496,25.1995],[-78.1344,25.1937],[-78.1222,25.1832],[-78.1153,25.172],[-78.107,25.1631]]]}},{"type":"Feature","properties":{"region":"caribbean","name":"The Bahamas","name_official":"The Bahamas"},"geometry":{"type":"Polygon","coordinates":[[[-77.8422,25.4232],[-77.852,25.4127],[-77.8641,25.4079],[-77.8795,25.4079],[-77.8884,25.4088],[-77.9067,25.4091],[-77.9059,25.411],[-77.9,25.4155],[-77.8924,25.4187],[-77.8863,25.4192],[-77.8748,25.4183],[-77.8591,25.4193],[-77.8473,25.4258],[-77.8396,25.435],[-77.8368,25.4345],[-77.8422,25.4232]]]}},{"type":"Feature","properties":{"region":"caribbean","name":"The Bahamas","name_official":"The Bahamas"},"geometry":{"type":"Polygon","coordinates":[[[-79.2665,25.5378],[-79.2621,25.5281],[-79.2643,25.5288],[-79.2687,25.5386],[-79.2665,25.5378]]]}},{"type":"Feature","properties":{"region":"caribbean","name":"The Bahamas","name_official":"The Bahamas"},"geometry":{"type":"Polygon","coordinates":[[[-79.2794,25.5517],[-79.2799,25.5478],[-79.2889,25.5591],[-79.2884,25.563],[-79.2794,25.5517]]]}},{"type":"Feature","properties":{"region":"caribbean","name":"The Bahamas","name_official":"The Bahamas"},"geometry":{"type":"Polygon","coordinates":[[[-76.7023,25.564],[-76.6868,25.5621],[-76.6752,25.5568],[-76.6861,25.5413],[-76.691,25.5259],[-76.6913,25.5089],[-76.6889,25.4879],[-76.6732,25.5067],[-76.662,25.4973],[-76.653,25.478],[-76.6439,25.4674],[-76.6246,25.4625],[-76.4976,25.3735],[-76.4609,25.3546],[-76.4145,25.3445],[-76.3683,25.3427],[-76.3516,25.3386],[-76.3358,25.3271],[-76.2842,25.2619],[-76.2237,25.2081],[-76.1613,25.1657],[-76.1313,25.1478],[-76.1183,25.1339],[-76.1129,25.1149],[-76.1213,25.0301],[-76.1256,25.0141],[-76.1266,25.0053],[-76.1306,24.9949],[-76.1398,24.9885],[-76.1493,24.9845],[-76.1544,24.9814],[-76.1579,24.9621],[-76.1536,24.9443],[-76.1409,24.9187],[-76.137,24.9022],[-76.1409,24.8544],[-76.1461,24.8342],[-76.1697,24.7998],[-76.175,24.7859],[-76.1775,24.7158],[-76.174,24.6773],[-76.1613,24.645],[-76.1945,24.6584],[-76.2118,24.6903],[-76.2226,24.727],[-76.2364,24.7548],[-76.253,24.7658],[-76.2967,24.782],[-76.3153,24.7927],[-76.3363,24.8149],[-76.3337,24.8242],[-76.3175,24.8253],[-76.2193,24.81],[-76.2128,24.8127],[-76.2081,24.8192],[-76.204,24.8269],[-76.1988,24.8337],[-76.1824,24.8488],[-76.1776,24.8577],[-76.175,24.8715],[-76.1758,24.8945],[-76.1839,24.8893],[-76.1954,24.8733],[-76.206,24.8641],[-76.212,24.8754],[-76.2109,24.901],[-76.2023,24.9467],[-76.1966,24.9634],[-76.1938,24.9674],[-76.188,24.9739],[-76.1593,24.9982],[-76.1544,25.0053],[-76.1467,25.0624],[-76.147,25.0838],[-76.1649,25.1298],[-76.1964,25.1543],[-76.2323,25.171],[-76.2637,25.1937],[-76.3463,25.3035],[-76.3716,25.3225],[-76.4095,25.3352],[-76.4896,25.3513],[-76.5308,25.3704],[-76.5912,25.4226],[-76.6305,25.4333],[-76.6523,25.4354],[-76.6937,25.4448],[-76.7128,25.4469],[-76.7343,25.4418],[-76.7694,25.4241],[-76.7845,25.4264],[-76.7595,25.45],[-76.7455,25.4892],[-76.7298,25.5636],[-76.7367,25.5636],[-76.7023,25.564]]]}},{"type":"Feature","properties":{"region":"caribbean","name":"The Bahamas","name_official":"The Bahamas"},"geometry":{"type":"Polygon","coordinates":[[[-79.2461,25.7639],[-79.2432,25.7429],[-79.2459,25.7346],[-79.248,25.739],[-79.2546,25.736],[-79.267,25.7325],[-79.2687,25.7416],[-79.2617,25.7567],[-79.2655,25.7616],[-79.279,25.75],[-79.2862,25.7415],[-79.2916,25.7338],[-79.2939,25.7207],[-79.2833,25.7128],[-79.2681,25.7071],[-79.258,25.699],[-79.2618,25.6938],[-79.2892,25.6977],[-79.3006,25.6979],[-79.3043,25.7023],[-79.3013,25.7169],[-79.2938,25.736],[-79.2803,25.7572],[-79.2611,25.7719],[-79.2501,25.7747],[-79.2461,25.7639]]]}},{"type":"Feature","properties":{"region":"caribbean","name":"The Bahamas","name_official":"The Bahamas"},"geometry":{"type":"Polygon","coordinates":[[[-77.8209,25.7166],[-77.8192,25.7076],[-77.8315,25.7087],[-77.8441,25.7221],[-77.8601,25.7485],[-77.8805,25.769],[-77.8873,25.7814],[-77.8807,25.7895],[-77.868,25.7874],[-77.8583,25.7773],[-77.8209,25.7166]]]}},{"type":"Feature","properties":{"region":"caribbean","name":"The Bahamas","name_official":"The Bahamas"},"geometry":{"type":"Polygon","coordinates":[[[-77.5423,26.299],[-77.5727,26.2687],[-77.567,26.291],[-77.5722,26.3049],[-77.5793,26.318],[-77.5796,26.3376],[-77.5704,26.3327],[-77.5436,26.3125],[-77.538,26.3066],[-77.5423,26.299]]]}},{"type":"Feature","properties":{"region":"caribbean","name":"The Bahamas","name_official":"The Bahamas"},"geometry":{"type":"Polygon","coordinates":[[[-77.2376,26.4741],[-77.2361,26.4704],[-77.2366,26.4694],[-77.2384,26.4702],[-77.2421,26.4706],[-77.243,26.4691],[-77.2407,26.4674],[-77.2405,26.4666],[-77.2425,26.4662],[-77.2435,26.4544],[-77.241,26.4428],[-77.2467,26.4387],[-77.2506,26.4382],[-77.2545,26.4381],[-77.2633,26.4422],[-77.2674,26.4533],[-77.2723,26.4607],[-77.2782,26.4658],[-77.2767,26.47],[-77.2724,26.4695],[-77.2676,26.4726],[-77.2618,26.4779],[-77.2538,26.48],[-77.2443,26.4785],[-77.2376,26.4741]]]}},{"type":"Feature","properties":{"region":"caribbean","name":"The Bahamas","name_official":"The Bahamas"},"geometry":{"type":"Polygon","coordinates":[[[-77.8471,26.5949],[-77.8472,26.5905],[-77.8519,26.5833],[-77.8556,26.5727],[-77.8619,26.5641],[-77.8684,26.5639],[-77.8705,26.5667],[-77.8729,26.5705],[-77.8866,26.5856],[-77.8911,26.5941],[-77.8931,26.6026],[-77.8878,26.6066],[-77.8576,26.6118],[-77.8531,26.607],[-77.8624,26.5966],[-77.8645,26.5937],[-77.8571,26.5978],[-77.8538,26.6008],[-77.8485,26.6055],[-77.8375,26.6135],[-77.8346,26.6105],[-77.8436,26.6007],[-77.8471,26.5949]]]}},{"type":"Feature","properties":{"region":"caribbean","name":"The Bahamas","name_official":"The Bahamas"},"geometry":{"type":"Polygon","coordinates":[[[-78.5203,26.729],[-78.4378,26.6998],[-78.4171,26.7047],[-78.371,26.6945],[-78.32,26.6865],[-78.2871,26.6855],[-78.2736,26.7036],[-78.2529,26.7129],[-78.2217,26.7003],[-78.2026,26.6972],[-78.1671,26.7104],[-78.1189,26.7043],[-78.0872,26.7131],[-78.0554,26.726],[-78.0351,26.7286],[-77.9717,26.7296],[-77.9563,26.7354],[-77.9468,26.7466],[-77.9401,26.7595],[-77.9311,26.7705],[-77.9154,26.7764],[-77.9131,26.7579],[-77.9181,26.7375],[-77.9208,26.7169],[-77.9029,26.6816],[-77.9022,26.6624],[-77.9106,26.6463],[-77.9291,26.6392],[-77.9363,26.6418],[-77.9532,26.6549],[-77.9626,26.6597],[-77.9754,26.6618],[-78.0408,26.6584],[-78.1003,26.6461],[-78.2377,26.6213],[-78.2934,26.6213],[-78.5034,26.5731],[-78.5215,26.5704],[-78.5402,26.565],[-78.5705,26.5416],[-78.5901,26.5362],[-78.6076,26.5257],[-78.629,26.5161],[-78.6464,26.5049],[-78.6558,26.4978],[-78.6767,26.4961],[-78.6861,26.4919],[-78.727,26.4954],[-78.7668,26.5081],[-78.7911,26.5297],[-78.8346,26.5537],[-78.9396,26.6508],[-78.9873,26.6862],[-78.9979,26.7013],[-78.9871,26.7015],[-78.9784,26.6994],[-78.9709,26.6949],[-78.9643,26.6877],[-78.8358,26.6146],[-78.8061,26.5778],[-78.7862,26.5811],[-78.7704,26.5833],[-78.7382,26.5708],[-78.7143,26.5705],[-78.6917,26.58],[-78.6713,26.5929],[-78.6575,26.5986],[-78.6458,26.6051],[-78.638,26.6097],[-78.6343,26.6178],[-78.6216,26.627],[-78.619,26.6395],[-78.6044,26.6505],[-78.5922,26.673],[-78.5736,26.6842],[-78.5759,26.6948],[-78.6,26.7082],[-78.6416,26.715],[-78.6347,26.728],[-78.6074,26.7559],[-78.6016,26.7683],[-78.5938,26.8105],[-78.5748,26.7983],[-78.5572,26.7786],[-78.5443,26.757],[-78.5392,26.7392],[-78.5203,26.729]]]}},{"type":"Feature","properties":{"region":"caribbean","name":"The Bahamas","name_official":"The Bahamas"},"geometry":{"type":"Polygon","coordinates":[[[-77.7745,26.9272],[-77.6824,26.9084],[-77.6298,26.9042],[-77.6068,26.9204],[-77.5536,26.898],[-77.5113,26.8695],[-77.328,26.7091],[-77.3071,26.6964],[-77.2837,26.6897],[-77.2506,26.6877],[-77.2591,26.6767],[-77.2726,26.673],[-77.3052,26.674],[-77.2906,26.647],[-77.2699,26.6251],[-77.2439,26.6105],[-77.1828,26.6003],[-77.1553,26.5881],[-77.1072,26.5567],[-77.0705,26.5385],[-77.0588,26.5294],[-77.0498,26.5163],[-77.0423,26.498],[-77.0421,26.4818],[-77.0554,26.4748],[-77.0586,26.4678],[-77.0588,26.4232],[-77.0554,26.4069],[-77.0463,26.3963],[-77.0329,26.3899],[-77.0172,26.386],[-77.03,26.3627],[-77.0316,26.3553],[-77.0293,26.3444],[-77.0244,26.3376],[-77.0194,26.3327],[-77.0172,26.3276],[-77.0161,26.3195],[-77.0148,26.3157],[-77.0165,26.3117],[-77.0247,26.3035],[-77.0327,26.2974],[-77.041,26.2938],[-77.0588,26.2904],[-77.0568,26.2947],[-77.052,26.3096],[-77.0845,26.3061],[-77.1153,26.2904],[-77.1426,26.2683],[-77.1649,26.2454],[-77.1744,26.2207],[-77.1832,26.1443],[-77.1817,26.1253],[-77.1922,26.069],[-77.1872,25.9885],[-77.1907,25.9163],[-77.2267,25.8851],[-77.253,25.8976],[-77.2762,25.926],[-77.2927,25.9573],[-77.299,25.9779],[-77.3151,25.991],[-77.3882,26.0054],[-77.4083,26.0297],[-77.3921,26.0299],[-77.3739,26.0355],[-77.3591,26.0459],[-77.3479,26.0706],[-77.3356,26.0737],[-77.321,26.0752],[-77.3089,26.0806],[-77.2724,26.1183],[-77.2489,26.1361],[-77.2233,26.1458],[-77.2298,26.154],[-77.2338,26.1623],[-77.2358,26.1717],[-77.2363,26.1837],[-77.2403,26.1906],[-77.2488,26.1965],[-77.2564,26.2039],[-77.258,26.2147],[-77.2518,26.226],[-77.2425,26.2345],[-77.2339,26.244],[-77.2301,26.2587],[-77.2306,26.2851],[-77.2334,26.298],[-77.2504,26.3131],[-77.2186,26.3553],[-77.2199,26.3649],[-77.2286,26.3769],[-77.2301,26.4475],[-77.2154,26.4477],[-77.2046,26.4533],[-77.1962,26.4629],[-77.1892,26.4748],[-77.1881,26.4798],[-77.1892,26.499],[-77.1864,26.5059],[-77.1802,26.5101],[-77.173,26.5128],[-77.1681,26.5158],[-77.1579,26.5314],[-77.1536,26.5495],[-77.1607,26.5642],[-77.1962,26.5727],[-77.2196,26.5824],[-77.3122,26.5947],[-77.3297,26.6046],[-77.341,26.6215],[-77.353,26.6461],[-77.3485,26.6522],[-77.3473,26.6603],[-77.3501,26.669],[-77.3614,26.6823],[-77.3666,26.693],[-77.3701,26.6979],[-77.3754,26.6995],[-77.38,26.6957],[-77.3849,26.6903],[-77.3909,26.6877],[-77.4112,26.6894],[-77.427,26.6951],[-77.434,26.7055],[-77.4281,26.7212],[-77.4447,26.7551],[-77.4902,26.8233],[-77.5175,26.8522],[-77.5344,26.8632],[-77.5562,26.8706],[-77.5785,26.8712],[-77.597,26.862],[-77.6143,26.8565],[-77.6381,26.8599],[-77.6968,26.8773],[-77.715,26.8794],[-77.7546,26.8795],[-77.7664,26.8828],[-77.7947,26.8997],[-77.8124,26.9068],[-77.8307,26.9094],[-77.9098,26.904],[-77.9415,26.8935],[-77.9626,26.8931],[-77.9596,26.897],[-77.9567,26.8984],[-77.9495,26.8999],[-77.9134,26.921],[-77.8682,26.9284],[-77.7745,26.9272]]]}},{"type":"Feature","properties":{"region":"caribbean","name":"Bajo Nuevo Bank (Petrel Is.)","name_official":"Bajo Nuevo Bank (Petrel Is.)"},"geometry":{"type":"Polygon","coordinates":[[[-79.9893,15.7949],[-79.9878,15.7962],[-79.9864,15.7944],[-79.9881,15.7942],[-79.9893,15.7949]]]}},{"type":"Feature","properties":{"region":"caribbean","name":"Saint Barthelemy","name_official":"Saint Barthelemy"},"geometry":{"type":"Polygon","coordinates":[[[-62.8389,17.882],[-62.8509,17.8904],[-62.8613,17.9054],[-62.8673,17.9204],[-62.8661,17.9291],[-62.8574,17.925],[-62.7917,17.9155],[-62.7989,17.9045],[-62.8101,17.8923],[-62.8238,17.8832],[-62.8389,17.882]]]}},{"type":"Feature","properties":{"region":"caribbean","name":"Navassa Island","name_official":"Navassa Island"},"geometry":{"type":"Polygon","coordinates":[[[-75.0243,18.4173],[-75.0211,18.4156],[-75.0107,18.4156],[-75.0102,18.4151],[-75.007,18.4151],[-75.0037,18.4108],[-75.0026,18.4102],[-75.0026,18.4064],[-75.0026,18.4048],[-75.0032,18.4037],[-75.0032,18.3977],[-75.0053,18.3961],[-75.007,18.3961],[-75.008,18.395],[-75.0107,18.395],[-75.0118,18.3961],[-75.0151,18.3961],[-75.0162,18.3967],[-75.0178,18.3967],[-75.0189,18.3977],[-75.0189,18.3988],[-75.0205,18.4004],[-75.0205,18.4026],[-75.0238,18.4064],[-75.0238,18.407],[-75.0259,18.408],[-75.0308,18.4135],[-75.0303,18.4173],[-75.0243,18.4173]]]}},{"type":"Feature","properties":{"region":"caribbean","name":"Barbados","name_official":"Barbados"},"geometry":{"type":"Polygon","coordinates":[[[-59.4269,13.1604],[-59.43,13.1259],[-59.4557,13.1],[-59.4758,13.0865],[-59.4875,13.0786],[-59.5089,13.0573],[-59.5167,13.0564],[-59.5231,13.0565],[-59.5293,13.0554],[-59.5361,13.0512],[-59.546,13.0677],[-59.5644,13.078],[-59.5869,13.0832],[-59.6002,13.0841],[-59.6081,13.0847],[-59.6216,13.094],[-59.6331,13.1159],[-59.6461,13.1604],[-59.6542,13.2951],[-59.6522,13.3106],[-59.6451,13.3237],[-59.6309,13.338],[-59.6129,13.3445],[-59.5945,13.3348],[-59.5807,13.3145],[-59.5759,13.3044],[-59.569,13.2897],[-59.5498,13.2492],[-59.5366,13.2314],[-59.5181,13.2175],[-59.4918,13.1979],[-59.4767,13.1894],[-59.4571,13.1832],[-59.4386,13.1749],[-59.4269,13.1604]]]}},{"type":"Feature","properties":{"region":"caribbean","name":"Cuba","name_official":"Cuba"},"geometry":{"type":"Polygon","coordinates":[[[-78.3842,20.5622],[-78.3673,20.5546],[-78.3645,20.5702],[-78.3553,20.5734],[-78.3436,20.5673],[-78.3331,20.5546],[-78.3261,20.5351],[-78.3284,20.5213],[-78.339,20.518],[-78.3573,20.5304],[-78.369,20.5365],[-78.3839,20.5406],[-78.3966,20.5465],[-78.4098,20.5736],[-78.4278,20.5856],[-78.4634,20.6024],[-78.4492,20.6129],[-78.4335,20.6095],[-78.4189,20.5991],[-78.4082,20.5888],[-78.3934,20.57],[-78.3842,20.5622]]]}},{"type":"Feature","properties":{"region":"caribbean","name":"Cuba","name_official":"Cuba"},"geometry":{"type":"Polygon","coordinates":[[[-78.5785,20.6577],[-78.5783,20.6484],[-78.5857,20.6436],[-78.594,20.6429],[-78.601,20.6452],[-78.6063,20.6502],[-78.6117,20.6536],[-78.6134,20.6579],[-78.609,20.6607],[-78.6041,20.6584],[-78.5799,20.654],[-78.5807,20.6574],[-78.5813,20.659],[-78.5817,20.6616],[-78.5785,20.6577]]]}},{"type":"Feature","properties":{"region":"caribbean","name":"Cuba","name_official":"Cuba"},"geometry":{"type":"Polygon","coordinates":[[[-78.6312,20.6531],[-78.6465,20.6523],[-78.6562,20.6585],[-78.6547,20.6638],[-78.6515,20.6649],[-78.6436,20.6633],[-78.6298,20.6588],[-78.6312,20.6531]]]}},{"type":"Feature","properties":{"region":"caribbean","name":"Cuba","name_official":"Cuba"},"geometry":{"type":"Polygon","coordinates":[[[-78.4784,20.7292],[-78.4765,20.726],[-78.4659,20.7312],[-78.4558,20.7318],[-78.4361,20.726],[-78.4491,20.7116],[-78.4958,20.7012],[-78.5118,20.6911],[-78.5278,20.6993],[-78.5454,20.7043],[-78.5332,20.7128],[-78.4984,20.7202],[-78.484,20.7322],[-78.4786,20.7302],[-78.4784,20.7292]]]}},{"type":"Feature","properties":{"region":"caribbean","name":"Cuba","name_official":"Cuba"},"geometry":{"type":"Polygon","coordinates":[[[-78.7508,20.726],[-78.7681,20.7122],[-78.7923,20.7199],[-78.8148,20.7375],[-78.8266,20.7532],[-78.807,20.7572],[-78.786,20.749],[-78.7508,20.726]]]}},{"type":"Feature","properties":{"region":"caribbean","name":"Cuba","name_official":"Cuba"},"geometry":{"type":"Polygon","coordinates":[[[-75.4857,20.7498],[-75.4822,20.7378],[-75.5008,20.7379],[-75.5341,20.7464],[-75.5518,20.749],[-75.5675,20.7568],[-75.5777,20.7695],[-75.5785,20.7874],[-75.5292,20.7958],[-75.5171,20.7943],[-75.5082,20.7866],[-75.4938,20.7611],[-75.4857,20.7498]]]}},{"type":"Feature","properties":{"region":"caribbean","name":"Cuba","name_official":"Cuba"},"geometry":{"type":"Polygon","coordinates":[[[-78.9261,20.8207],[-78.9259,20.8078],[-78.8766,20.8092],[-78.8586,20.7995],[-78.847,20.7731],[-78.8545,20.7731],[-78.8715,20.7849],[-78.9416,20.7926],[-78.9643,20.8141],[-78.9521,20.8314],[-78.9423,20.8396],[-78.9327,20.8389],[-78.9281,20.8311],[-78.9261,20.8207]]]}},{"type":"Feature","properties":{"region":"caribbean","name":"Cuba","name_official":"Cuba"},"geometry":{"type":"Polygon","coordinates":[[[-78.9827,20.8446],[-78.9889,20.8391],[-78.9917,20.8454],[-78.9951,20.8492],[-79.0189,20.855],[-79.0692,20.886],[-79.0798,20.8973],[-79.067,20.8992],[-79.0488,20.898],[-79.0323,20.8937],[-79.0252,20.8867],[-79.0135,20.8823],[-78.99,20.8796],[-78.9712,20.8735],[-78.974,20.8588],[-78.9827,20.8446]]]}},{"type":"Feature","properties":{"region":"caribbean","name":"Cuba","name_official":"Cuba"},"geometry":{"type":"Polygon","coordinates":[[[-79.1821,21.008],[-79.1377,20.9827],[-79.0989,20.947],[-79.0736,20.9177],[-79.0786,20.9183],[-79.0941,20.9177],[-79.0913,20.9121],[-79.0872,20.8973],[-79.1156,20.9108],[-79.1345,20.9271],[-79.1692,20.9649],[-79.1692,20.9724],[-79.1518,20.9661],[-79.1389,20.9547],[-79.1276,20.9417],[-79.1146,20.9308],[-79.1277,20.9509],[-79.1498,20.9768],[-79.175,20.997],[-79.1971,20.9997],[-79.1971,20.9923],[-79.1938,20.9887],[-79.1929,20.9868],[-79.1922,20.9843],[-79.1896,20.9792],[-79.201,20.9824],[-79.2108,20.9878],[-79.2187,20.9955],[-79.2244,21.0058],[-79.1821,21.008]]]}},{"type":"Feature","properties":{"region":"caribbean","name":"Cuba","name_official":"Cuba"},"geometry":{"type":"Polygon","coordinates":[[[-79.3319,21.1132],[-79.2926,21.0748],[-79.308,21.0688],[-79.3248,21.0683],[-79.3407,21.0729],[-79.3541,21.0822],[-79.3474,21.0817],[-79.3268,21.0822],[-79.3312,21.093],[-79.3385,21.0998],[-79.3468,21.1013],[-79.3541,21.0959],[-79.3802,21.1138],[-79.3889,21.1232],[-79.3573,21.1276],[-79.3319,21.1132]]]}},{"type":"Feature","properties":{"region":"caribbean","name":"Cuba","name_official":"Cuba"},"geometry":{"type":"Polygon","coordinates":[[[-82.0884,21.5682],[-82.11,21.5675],[-82.1142,21.5703],[-82.1022,21.5744],[-82.0822,21.59],[-82.0712,21.593],[-82.0618,21.5984],[-82.0545,21.6061],[-82.0483,21.6107],[-82.0198,21.621],[-82.0079,21.6215],[-81.9967,21.6266],[-81.9876,21.6348],[-81.9841,21.6419],[-81.9829,21.6463],[-81.9812,21.6478],[-81.9736,21.6399],[-81.9728,21.6222],[-81.9898,21.6088],[-82.0294,21.5952],[-82.0586,21.5814],[-82.0653,21.5797],[-82.0705,21.5765],[-82.0743,21.5722],[-82.0884,21.5682]]]}},{"type":"Feature","properties":{"region":"caribbean","name":"Cuba","name_official":"Cuba"},"geometry":{"type":"Polygon","coordinates":[[[-81.8701,21.6395],[-81.9014,21.6156],[-81.9189,21.6155],[-81.9324,21.6285],[-81.9357,21.6419],[-81.9329,21.6402],[-81.9222,21.6293],[-81.9056,21.631],[-81.8922,21.6411],[-81.8882,21.647],[-81.8921,21.6474],[-81.8891,21.6494],[-81.8592,21.6616],[-81.8525,21.6636],[-81.839,21.6662],[-81.8378,21.6611],[-81.8527,21.6499],[-81.8701,21.6395]]]}},{"type":"Feature","properties":{"region":"caribbean","name":"Cuba","name_official":"Cuba"},"geometry":{"type":"Polygon","coordinates":[[[-81.4176,21.6679],[-81.4967,21.6185],[-81.5277,21.6059],[-81.5607,21.603],[-81.5608,21.6224],[-81.5514,21.6276],[-81.5235,21.6234],[-81.5124,21.6308],[-81.503,21.6457],[-81.4935,21.657],[-81.4822,21.6539],[-81.4691,21.6482],[-81.4545,21.6518],[-81.4427,21.66],[-81.4378,21.6679],[-81.4317,21.685],[-81.4173,21.6972],[-81.386,21.716],[-81.3777,21.7189],[-81.3717,21.7147],[-81.3694,21.7086],[-81.3723,21.7054],[-81.3765,21.7031],[-81.4176,21.6679]]]}},{"type":"Feature","properties":{"region":"caribbean","name":"Cuba","name_official":"Cuba"},"geometry":{"type":"Polygon","coordinates":[[[-82.859,21.9337],[-82.7775,21.9149],[-82.7214,21.9001],[-82.7037,21.8928],[-82.6902,21.8818],[-82.6847,21.8662],[-82.6882,21.8476],[-82.6935,21.8354],[-82.6925,21.824],[-82.6779,21.8078],[-82.633,21.7736],[-82.6195,21.7743],[-82.6096,21.7696],[-82.6029,21.7585],[-82.5979,21.746],[-82.5926,21.7368],[-82.5924,21.7291],[-82.5977,21.7174],[-82.609,21.6986],[-82.6164,21.6986],[-82.6111,21.6901],[-82.6095,21.6816],[-82.6114,21.6729],[-82.6164,21.6645],[-82.5939,21.6511],[-82.5819,21.6457],[-82.568,21.6439],[-82.568,21.6365],[-82.5752,21.6247],[-82.5671,21.612],[-82.5526,21.6014],[-82.5408,21.5955],[-82.5509,21.5803],[-82.5714,21.5598],[-82.5946,21.5418],[-82.6127,21.5341],[-82.6315,21.5307],[-82.7592,21.4706],[-82.8356,21.4447],[-82.9062,21.4375],[-82.9181,21.4416],[-82.9272,21.451],[-82.9926,21.4521],[-83.0023,21.455],[-83.0218,21.4631],[-83.0336,21.4658],[-83.0695,21.4652],[-83.0785,21.4692],[-83.1112,21.5098],[-83.1236,21.5205],[-83.1517,21.5379],[-83.1621,21.5493],[-83.1714,21.5683],[-83.1782,21.5955],[-83.1895,21.6203],[-83.1918,21.6303],[-83.185,21.6303],[-83.1739,21.6201],[-83.1236,21.5856],[-83.117,21.5717],[-83.1013,21.5598],[-83.082,21.5515],[-83.0653,21.5484],[-83.0239,21.5484],[-83.0206,21.5525],[-82.9926,21.5751],[-82.9769,21.5849],[-82.9692,21.5913],[-82.9659,21.5993],[-82.9628,21.5983],[-82.9576,21.5924],[-82.9565,21.5822],[-82.9659,21.5683],[-82.9591,21.562],[-82.941,21.5931],[-82.9461,21.6046],[-82.9759,21.6092],[-82.9877,21.6198],[-83.0735,21.7606],[-83.0856,21.8003],[-83.0752,21.8432],[-83.0328,21.8743],[-83.0273,21.8873],[-83.0187,21.8977],[-82.9985,21.911],[-82.9757,21.9218],[-82.9591,21.9251],[-82.9701,21.93],[-82.981,21.932],[-82.9926,21.932],[-83.0047,21.9376],[-83.0052,21.9396],[-82.9988,21.9418],[-82.9895,21.9484],[-82.859,21.9337]]]}},{"type":"Feature","properties":{"region":"caribbean","name":"Cuba","name_official":"Cuba"},"geometry":{"type":"Polygon","coordinates":[[[-82.6029,21.9219],[-82.6301,21.9207],[-82.6579,21.9321],[-82.6681,21.9491],[-82.6452,21.9545],[-82.6077,21.9387],[-82.5912,21.9267],[-82.6029,21.9219]]]}},{"type":"Feature","properties":{"region":"caribbean","name":"Cuba","name_official":"Cuba"},"geometry":{"type":"Polygon","coordinates":[[[-83.5681,21.9662],[-83.5528,21.9614],[-83.5504,21.9615],[-83.5453,21.9612],[-83.5506,21.9594],[-83.5701,21.9588],[-83.5926,21.9601],[-83.6078,21.9665],[-83.5978,21.9717],[-83.5681,21.9662]]]}},{"type":"Feature","properties":{"region":"caribbean","name":"Cuba","name_official":"Cuba"},"geometry":{"type":"Polygon","coordinates":[[[-81.5494,22.0584],[-81.547,22.0446],[-81.5549,22.044],[-81.5654,22.0499],[-81.5758,22.0491],[-81.5819,22.0506],[-81.5863,22.0568],[-81.5889,22.0644],[-81.5889,22.0727],[-81.5825,22.0766],[-81.5715,22.0741],[-81.5611,22.0692],[-81.5563,22.066],[-81.5494,22.0584]]]}},{"type":"Feature","properties":{"region":"caribbean","name":"Cuba","name_official":"Cuba"},"geometry":{"type":"Polygon","coordinates":[[[-77.8881,22.076],[-77.8717,22.0756],[-77.8604,22.081],[-77.8508,22.0887],[-77.8397,22.0959],[-77.8225,22.1005],[-77.8085,22.0996],[-77.7964,22.095],[-77.785,22.089],[-77.7812,22.0848],[-77.772,22.0714],[-77.7677,22.0685],[-77.7591,22.0706],[-77.7447,22.08],[-77.7372,22.0822],[-77.7263,22.0776],[-77.6942,22.058],[-77.6826,22.0543],[-77.6697,22.0609],[-77.6614,22.0693],[-77.6517,22.0703],[-77.6342,22.0543],[-77.6266,22.0421],[-77.6244,22.0297],[-77.6271,22.0162],[-77.6487,21.9711],[-77.6456,21.9615],[-77.6342,21.945],[-77.6496,21.9445],[-77.6615,21.9401],[-77.6826,21.9251],[-77.6779,21.943],[-77.6843,21.9512],[-77.6951,21.9481],[-77.7031,21.932],[-77.7004,21.9289],[-77.6962,21.9223],[-77.6954,21.9152],[-77.7031,21.9108],[-77.7089,21.9122],[-77.7126,21.9169],[-77.7159,21.923],[-77.7282,21.9388],[-77.733,21.9482],[-77.7391,21.9572],[-77.7515,21.9661],[-77.7658,21.9598],[-77.7873,21.9641],[-77.8087,21.9736],[-77.8226,21.9831],[-77.8251,21.9918],[-77.8212,22.0024],[-77.8153,22.0136],[-77.8124,22.0241],[-77.8171,22.0313],[-77.828,22.0361],[-77.8471,22.0412],[-77.842,22.0326],[-77.8401,22.024],[-77.8417,22.0154],[-77.8471,22.007],[-77.8539,22.0275],[-77.8601,22.0275],[-77.8702,22.0133],[-77.8866,22.0092],[-77.9018,22.0152],[-77.9086,22.0312],[-77.9172,22.0432],[-77.9345,22.0561],[-77.9471,22.0728],[-77.942,22.0959],[-77.9495,22.1026],[-77.9302,22.1021],[-77.9162,22.0938],[-77.9036,22.0832],[-77.8881,22.076]]]}},{"type":"Feature","properties":{"region":"caribbean","name":"Cuba","name_official":"Cuba"},"geometry":{"type":"Polygon","coordinates":[[[-77.7577,22.1784],[-77.7817,22.1778],[-77.8071,22.2026],[-77.8471,22.2603],[-77.8396,22.2737],[-77.8507,22.2888],[-77.8685,22.3017],[-77.8807,22.3087],[-77.8561,22.3124],[-77.8342,22.2959],[-77.8184,22.2711],[-77.8057,22.2282],[-77.7902,22.2115],[-77.772,22.1961],[-77.7577,22.1784]]]}},{"type":"Feature","properties":{"region":"caribbean","name":"Cuba","name_official":"Cuba"},"geometry":{"type":"Polygon","coordinates":[[[-77.9874,22.2367],[-77.9786,22.2332],[-77.954,22.2365],[-77.942,22.233],[-77.9351,22.224],[-77.9306,22.2139],[-77.9234,22.2064],[-77.9086,22.205],[-77.9216,22.2125],[-77.9176,22.2188],[-77.9132,22.2243],[-77.9081,22.2289],[-77.9023,22.233],[-77.8948,22.2209],[-77.8849,22.2148],[-77.8751,22.2163],[-77.8676,22.2268],[-77.8596,22.2096],[-77.8705,22.2022],[-77.8887,22.1984],[-77.9023,22.192],[-77.8908,22.1892],[-77.8822,22.1833],[-77.8749,22.1767],[-77.8676,22.1715],[-77.857,22.1682],[-77.8364,22.1642],[-77.826,22.1579],[-77.8485,22.116],[-77.8634,22.0992],[-77.8744,22.1095],[-77.879,22.1076],[-77.8905,22.1046],[-77.8949,22.1026],[-77.8981,22.1103],[-77.9007,22.1145],[-77.9086,22.1231],[-77.9128,22.1432],[-77.9339,22.1502],[-77.9508,22.1422],[-77.942,22.1169],[-77.9549,22.1223],[-77.9901,22.1418],[-77.9973,22.1474],[-78.0041,22.1623],[-78.036,22.1834],[-78.0457,22.1989],[-78.0294,22.2045],[-78.0165,22.2174],[-78.0079,22.2338],[-78.0048,22.2501],[-78.0033,22.2864],[-78.0068,22.2977],[-78.0178,22.3149],[-78.0027,22.3127],[-77.9872,22.3078],[-77.9749,22.2989],[-77.97,22.2848],[-77.9757,22.2756],[-77.9865,22.2656],[-77.9934,22.2531],[-77.9874,22.2367]]]}},{"type":"Feature","properties":{"region":"caribbean","name":"Cuba","name_official":"Cuba"},"geometry":{"type":"Polygon","coordinates":[[[-78.1976,22.4372],[-78.1897,22.4248],[-78.1697,22.435],[-78.1442,22.4289],[-78.119,22.4138],[-78.1003,22.3969],[-78.0907,22.3845],[-78.082,22.3697],[-78.0756,22.3541],[-78.0716,22.3209],[-78.067,22.3105],[-78.0457,22.2882],[-78.0372,22.288],[-78.0233,22.283],[-78.011,22.2814],[-78.0277,22.266],[-78.0516,22.2722],[-78.1003,22.3019],[-78.1221,22.3059],[-78.1463,22.3059],[-78.1715,22.3107],[-78.1965,22.3292],[-78.1754,22.3416],[-78.1849,22.3582],[-78.2052,22.368],[-78.2164,22.3596],[-78.2177,22.3503],[-78.2215,22.3399],[-78.2281,22.3334],[-78.2375,22.336],[-78.2437,22.3466],[-78.2442,22.3591],[-78.2396,22.3669],[-78.2307,22.3633],[-78.2305,22.3808],[-78.2463,22.4006],[-78.2698,22.4101],[-78.2921,22.3969],[-78.2972,22.402],[-78.3017,22.4032],[-78.3065,22.403],[-78.3126,22.4043],[-78.2987,22.4204],[-78.279,22.4254],[-78.2437,22.4248],[-78.2116,22.4366],[-78.1976,22.4372]]]}},{"type":"Feature","properties":{"region":"caribbean","name":"Cuba","name_official":"Cuba"},"geometry":{"type":"Polygon","coordinates":[[[-78.7288,22.5417],[-78.7362,22.5306],[-78.7388,22.5243],[-78.757,22.5185],[-78.766,22.5188],[-78.7679,22.5252],[-78.7681,22.5417],[-78.7622,22.5435],[-78.7483,22.5398],[-78.7389,22.541],[-78.7377,22.5484],[-78.7354,22.5513],[-78.7283,22.5479],[-78.7288,22.5417]]]}},{"type":"Feature","properties":{"region":"caribbean","name":"Cuba","name_official":"Cuba"},"geometry":{"type":"Polygon","coordinates":[[[-78.352,22.543],[-78.3406,22.5285],[-78.3442,22.5299],[-78.3536,22.5346],[-78.3491,22.5211],[-78.2822,22.4575],[-78.2785,22.4487],[-78.2815,22.4388],[-78.2887,22.4389],[-78.2977,22.4431],[-78.3058,22.4453],[-78.4299,22.4186],[-78.4299,22.4248],[-78.4278,22.4278],[-78.4253,22.4303],[-78.4233,22.4344],[-78.4225,22.4421],[-78.4195,22.4459],[-78.413,22.4454],[-78.4061,22.444],[-78.402,22.4453],[-78.4011,22.4547],[-78.4046,22.4643],[-78.4128,22.4688],[-78.4262,22.4626],[-78.4457,22.4546],[-78.4728,22.4512],[-78.5181,22.4521],[-78.5408,22.4585],[-78.5682,22.4763],[-78.6095,22.4835],[-78.6384,22.492],[-78.656,22.5031],[-78.6416,22.5141],[-78.657,22.53],[-78.6774,22.5157],[-78.6936,22.5075],[-78.6962,22.5414],[-78.6925,22.5387],[-78.6832,22.5346],[-78.6798,22.5544],[-78.6706,22.5565],[-78.66,22.5519],[-78.6522,22.5517],[-78.6413,22.5534],[-78.5969,22.5449],[-78.5726,22.5305],[-78.5444,22.5284],[-78.516,22.5305],[-78.4908,22.5285],[-78.4664,22.5299],[-78.4506,22.5417],[-78.4368,22.5554],[-78.4191,22.562],[-78.3964,22.5598],[-78.3724,22.5535],[-78.352,22.543]]]}},{"type":"Feature","properties":{"region":"caribbean","name":"Cuba","name_official":"Cuba"},"geometry":{"type":"Polygon","coordinates":[[[-82.5188,22.5657],[-82.5229,22.5593],[-82.5275,22.5635],[-82.5253,22.6264],[-82.5278,22.6348],[-82.5283,22.64],[-82.5246,22.6409],[-82.5198,22.6367],[-82.5159,22.6291],[-82.5145,22.6251],[-82.5108,22.6132],[-82.5077,22.5901],[-82.5136,22.5725],[-82.5188,22.5657]]]}},{"type":"Feature","properties":{"region":"caribbean","name":"Cuba","name_official":"Cuba"},"geometry":{"type":"Polygon","coordinates":[[[-79.2064,22.6244],[-79.2132,22.6244],[-79.2132,22.631],[-79.2164,22.6366],[-79.2245,22.6397],[-79.2157,22.643],[-79.1769,22.6447],[-79.1898,22.6345],[-79.2064,22.6244]]]}},{"type":"Feature","properties":{"region":"caribbean","name":"Cuba","name_official":"Cuba"},"geometry":{"type":"Polygon","coordinates":[[[-78.9612,22.6491],[-78.9842,22.6377],[-78.9899,22.6514],[-79.0045,22.6567],[-79.0644,22.6603],[-79.0746,22.6643],[-79.0872,22.6718],[-79.0704,22.674],[-78.9766,22.6685],[-78.9608,22.6601],[-78.9612,22.6491]]]}},{"type":"Feature","properties":{"region":"caribbean","name":"Cuba","name_official":"Cuba"},"geometry":{"type":"Polygon","coordinates":[[[-79.57,22.8041],[-79.518,22.7496],[-79.4963,22.7331],[-79.4503,22.7199],[-79.4129,22.6914],[-79.372,22.6767],[-79.3519,22.6573],[-79.3356,22.6347],[-79.3268,22.6165],[-79.3495,22.6353],[-79.3575,22.6377],[-79.3664,22.6393],[-79.3756,22.6432],[-79.3889,22.6513],[-79.4038,22.6636],[-79.4374,22.6985],[-79.4554,22.6923],[-79.4737,22.6943],[-79.4908,22.7021],[-79.5136,22.7184],[-79.5201,22.7207],[-79.524,22.725],[-79.5255,22.7364],[-79.5289,22.7403],[-79.5448,22.7514],[-79.5497,22.7537],[-79.558,22.7602],[-79.5631,22.7742],[-79.5718,22.7883],[-79.5906,22.7947],[-79.6204,22.7831],[-79.6337,22.7838],[-79.6353,22.8022],[-79.6069,22.8102],[-79.5865,22.8112],[-79.57,22.8041]]]}},{"type":"Feature","properties":{"region":"caribbean","name":"Cuba","name_official":"Cuba"},"geometry":{"type":"Polygon","coordinates":[[[-79.6801,22.8594],[-79.6664,22.8521],[-79.6608,22.8452],[-79.6698,22.8362],[-79.6853,22.8337],[-79.6924,22.8402],[-79.6923,22.8472],[-79.6952,22.8505],[-79.6991,22.8525],[-79.7046,22.8518],[-79.7115,22.8535],[-79.7309,22.8661],[-79.7399,22.8758],[-79.7388,22.8858],[-79.7262,22.889],[-79.7283,22.8953],[-79.7275,22.904],[-79.7222,22.9072],[-79.7154,22.8961],[-79.7183,22.88],[-79.7113,22.8778],[-79.692,22.8739],[-79.6859,22.8653],[-79.6801,22.8594]]]}},{"type":"Feature","properties":{"region":"caribbean","name":"Cuba","name_official":"Cuba"},"geometry":{"type":"Polygon","coordinates":[[[-79.911,22.9664],[-79.8954,22.9592],[-79.8871,22.9597],[-79.8878,22.9463],[-79.8985,22.9367],[-79.9198,22.9493],[-79.9294,22.9465],[-79.9398,22.9328],[-79.9497,22.9284],[-79.9574,22.953],[-79.943,22.9611],[-79.9272,22.9663],[-79.911,22.9664]]]}},{"type":"Feature","properties":{"region":"caribbean","name":"Cuba","name_official":"Cuba"},"geometry":{"type":"Polygon","coordinates":[[[-79.835,22.9118],[-79.8465,22.9103],[-79.858,22.9169],[-79.8645,22.926],[-79.8615,22.932],[-79.8553,22.9367],[-79.8529,22.9416],[-79.8619,22.9429],[-79.8712,22.9477],[-79.8611,22.9626],[-79.8385,22.9681],[-79.8263,22.9647],[-79.8185,22.9543],[-79.817,22.9473],[-79.8231,22.9425],[-79.8351,22.939],[-79.8422,22.9318],[-79.8376,22.9262],[-79.829,22.9248],[-79.8274,22.9191],[-79.835,22.9118]]]}},{"type":"Feature","properties":{"region":"caribbean","name":"Cuba","name_official":"Cuba"},"geometry":{"type":"Polygon","coordinates":[[[-80.2516,22.9865],[-80.2425,22.9826],[-80.2361,22.9768],[-80.2325,22.9689],[-80.2318,22.9592],[-80.3325,22.9753],[-80.3478,22.9865],[-80.3417,22.991],[-80.3358,22.9934],[-80.329,22.9923],[-80.3205,22.9865],[-80.2719,23.0087],[-80.2497,23.0109],[-80.2318,23.0001],[-80.237,22.9973],[-80.2467,22.9894],[-80.2516,22.9865]]]}},{"type":"Feature","properties":{"region":"caribbean","name":"Cuba","name_official":"Cuba"},"geometry":{"type":"Polygon","coordinates":[[[-80.0646,23.058],[-80.0614,23.0498],[-80.0576,23.0424],[-80.0536,23.0292],[-80.0563,23.0267],[-80.0619,23.0342],[-80.0666,23.0389],[-80.0707,23.0386],[-80.0773,23.0373],[-80.0854,23.0383],[-80.0912,23.0429],[-80.0948,23.0483],[-80.0945,23.0507],[-80.0911,23.05],[-80.0895,23.0555],[-80.0876,23.0675],[-80.0768,23.0699],[-80.0646,23.058]]]}},{"type":"Feature","properties":{"region":"caribbean","name":"Cuba","name_official":"Cuba"},"geometry":{"type":"Polygon","coordinates":[[[-80.1424,23.0759],[-80.1624,23.0673],[-80.1827,23.0709],[-80.225,23.0895],[-80.2226,23.0998],[-80.2174,23.1071],[-80.2108,23.1144],[-80.2045,23.1243],[-80.197,23.1243],[-80.1907,23.1114],[-80.1798,23.1002],[-80.1665,23.0925],[-80.1527,23.0895],[-80.1366,23.089],[-80.1313,23.087],[-80.1341,23.0828],[-80.1424,23.0759]]]}},{"type":"Feature","properties":{"region":"caribbean","name":"Cuba","name_official":"Cuba"},"geometry":{"type":"Polygon","coordinates":[[[-80.2446,23.0853],[-80.2503,23.0849],[-80.2571,23.0893],[-80.2618,23.0962],[-80.2659,23.1037],[-80.2738,23.1063],[-80.2886,23.1141],[-80.293,23.1159],[-80.2947,23.1204],[-80.2965,23.1226],[-80.303,23.1264],[-80.3057,23.1345],[-80.296,23.1404],[-80.2886,23.1418],[-80.2811,23.1423],[-80.2725,23.14],[-80.2726,23.1345],[-80.2655,23.1274],[-80.2509,23.1153],[-80.2447,23.1075],[-80.2422,23.1043],[-80.2381,23.0976],[-80.2394,23.091],[-80.2446,23.0853]]]}},{"type":"Feature","properties":{"region":"caribbean","name":"Cuba","name_official":"Cuba"},"geometry":{"type":"Polygon","coordinates":[[[-80.378,23.1477],[-80.3861,23.1458],[-80.394,23.1464],[-80.4197,23.1434],[-80.4293,23.1362],[-80.4444,23.1302],[-80.4581,23.1268],[-80.4598,23.1286],[-80.4622,23.1352],[-80.4584,23.1372],[-80.4495,23.1362],[-80.4511,23.1451],[-80.4461,23.1506],[-80.4318,23.1525],[-80.4245,23.1528],[-80.4014,23.1546],[-80.39,23.1545],[-80.3763,23.1522],[-80.378,23.1477]]]}},{"type":"Feature","properties":{"region":"caribbean","name":"Cuba","name_official":"Cuba"},"geometry":{"type":"Polygon","coordinates":[[[-80.8437,23.1782],[-80.8282,23.1652],[-80.8282,23.1789],[-80.8208,23.1789],[-80.8111,23.1643],[-80.8048,23.1575],[-80.8048,23.1529],[-80.814,23.1448],[-80.8306,23.1356],[-80.8426,23.1367],[-80.8532,23.1418],[-80.8655,23.1448],[-80.8978,23.1418],[-80.9222,23.1339],[-80.9717,23.1107],[-80.9604,23.1221],[-80.8998,23.1592],[-80.8819,23.1628],[-80.8625,23.1622],[-80.8413,23.1578],[-80.8452,23.1632],[-80.8508,23.1737],[-80.855,23.1789],[-80.8481,23.1851],[-80.8437,23.1782]]]}},{"type":"Feature","properties":{"region":"caribbean","name":"Cuba","name_official":"Cuba"},"geometry":{"type":"Polygon","coordinates":[[[-80.526,23.1926],[-80.5173,23.1918],[-80.4919,23.1926],[-80.4864,23.1938],[-80.4794,23.1964],[-80.4734,23.196],[-80.4708,23.1889],[-80.473,23.1815],[-80.4789,23.1774],[-80.4868,23.1739],[-80.4952,23.1684],[-80.5053,23.1697],[-80.5229,23.1767],[-80.5431,23.1822],[-80.5602,23.1789],[-80.5641,23.1848],[-80.5685,23.1851],[-80.5806,23.1789],[-80.577,23.1926],[-80.5704,23.2009],[-80.5597,23.2051],[-80.5434,23.2062],[-80.5393,23.2043],[-80.5314,23.1955],[-80.526,23.1926]]]}},{"type":"Feature","properties":{"region":"caribbean","name":"Cuba","name_official":"Cuba"},"geometry":{"type":"Polygon","coordinates":[[[-80.6636,23.2014],[-80.6661,23.1945],[-80.6705,23.1948],[-80.6737,23.194],[-80.6747,23.1868],[-80.6798,23.1856],[-80.6913,23.1877],[-80.6988,23.1839],[-80.7008,23.1772],[-80.7043,23.1803],[-80.7049,23.1931],[-80.6949,23.2039],[-80.6776,23.2103],[-80.6685,23.2122],[-80.6659,23.2092],[-80.6636,23.2014]]]}},{"type":"Feature","properties":{"region":"caribbean","name":"Cuba","name_official":"Cuba"},"geometry":{"type":"Polygon","coordinates":[[[-81.1849,23.0521],[-81.1492,23.0349],[-81.1293,23.0345],[-81.1207,23.039],[-81.1137,23.0492],[-81.0985,23.066],[-81.0937,23.0742],[-81.0832,23.0987],[-81.0781,23.1038],[-81.0668,23.105],[-81.0463,23.1098],[-81.0399,23.1107],[-80.9984,23.1038],[-80.9914,23.1041],[-80.9875,23.1059],[-80.9857,23.1022],[-80.9853,23.0864],[-80.9778,23.0644],[-80.9594,23.059],[-80.9368,23.0629],[-80.9164,23.069],[-80.7593,23.097],[-80.7348,23.0976],[-80.6881,23.0886],[-80.6632,23.0895],[-80.6422,23.0978],[-80.6235,23.1129],[-80.618,23.1317],[-80.6365,23.151],[-80.6234,23.1567],[-80.6099,23.1582],[-80.5973,23.1561],[-80.5875,23.151],[-80.5875,23.1448],[-80.596,23.1374],[-80.6222,23.0895],[-80.5943,23.0701],[-80.5931,23.068],[-80.5568,23.0074],[-80.5362,22.994],[-80.5204,22.9929],[-80.4798,22.9857],[-80.4645,22.9803],[-80.4551,22.9721],[-80.4447,22.9604],[-80.4315,22.9499],[-80.4133,22.9455],[-80.3569,22.9456],[-80.3445,22.9421],[-80.3294,22.9298],[-80.3133,22.9213],[-80.2967,22.9157],[-80.2796,22.912],[-80.2467,22.911],[-80.2157,22.9171],[-80.1561,22.9387],[-80.1636,22.9626],[-80.1467,22.9631],[-80.0936,22.9385],[-80.0701,22.9318],[-80.05,22.9352],[-80.0462,22.9592],[-80.0355,22.9538],[-80.0246,22.9467],[-80.0161,22.9381],[-80.0127,22.9285],[-79.9901,22.8906],[-79.9879,22.8841],[-79.95,22.8636],[-79.9446,22.8628],[-79.9267,22.8636],[-79.9198,22.8613],[-79.917,22.8564],[-79.9164,22.8515],[-79.9165,22.8493],[-79.8957,22.8552],[-79.8631,22.8837],[-79.8017,22.8997],[-79.793,22.8978],[-79.793,22.8901],[-79.8024,22.8821],[-79.8209,22.8704],[-79.8439,22.8807],[-79.855,22.8725],[-79.868,22.8362],[-79.8572,22.8207],[-79.8509,22.8141],[-79.8414,22.8083],[-79.8307,22.8057],[-79.7895,22.8022],[-79.7719,22.7966],[-79.7131,22.7578],[-79.71,22.7531],[-79.7062,22.7488],[-79.7002,22.7469],[-79.6947,22.7492],[-79.6886,22.7541],[-79.6842,22.759],[-79.6831,22.7612],[-79.6603,22.7639],[-79.6517,22.7588],[-79.627,22.6575],[-79.6265,22.6569],[-79.6115,22.6523],[-79.5994,22.6466],[-79.5885,22.6385],[-79.5773,22.6271],[-79.5658,22.6112],[-79.5521,22.5803],[-79.5428,22.5657],[-79.5175,22.5391],[-79.5118,22.5346],[-79.4969,22.532],[-79.468,22.5314],[-79.4565,22.5285],[-79.4298,22.4902],[-79.4247,22.4787],[-79.4167,22.4725],[-79.3418,22.4132],[-79.3125,22.4003],[-79.2859,22.4043],[-79.2757,22.3948],[-79.2569,22.3823],[-79.2388,22.3764],[-79.2306,22.3872],[-79.2198,22.3884],[-79.1675,22.3779],[-79.1487,22.3776],[-79.1378,22.3848],[-79.1357,22.3912],[-79.1331,22.3957],[-79.1207,22.3969],[-79.1106,22.3946],[-79.095,22.3857],[-79.0835,22.3838],[-79.062,22.3867],[-79.0245,22.4],[-79.0053,22.4043],[-78.9825,22.4046],[-78.9272,22.3987],[-78.8287,22.3883],[-78.7818,22.3906],[-78.7767,22.3806],[-78.7576,22.3223],[-78.754,22.3249],[-78.7446,22.3292],[-78.7346,22.3162],[-78.7253,22.3242],[-78.7099,22.3559],[-78.7226,22.3727],[-78.7295,22.3791],[-78.7378,22.3838],[-78.7378,22.3906],[-78.7081,22.3869],[-78.6761,22.357],[-78.5669,22.321],[-78.5528,22.3118],[-78.5443,22.2991],[-78.5244,22.2833],[-78.5015,22.2689],[-78.484,22.2603],[-78.4601,22.2536],[-78.3999,22.244],[-78.3815,22.2466],[-78.3819,22.2399],[-78.381,22.226],[-78.3815,22.2193],[-78.3712,22.224],[-78.3673,22.2268],[-78.3605,22.2168],[-78.3511,22.1977],[-78.3439,22.1889],[-78.3349,22.1826],[-78.317,22.1739],[-78.3092,22.1678],[-78.3014,22.1638],[-78.2916,22.1636],[-78.2811,22.1646],[-78.2716,22.164],[-78.2375,22.1511],[-78.2219,22.147],[-78.1724,22.1436],[-78.1636,22.1393],[-78.1617,22.1295],[-78.1609,22.1181],[-78.1556,22.1095],[-78.1473,22.1076],[-78.1217,22.1079],[-78.125,22.1064],[-78.1283,22.1026],[-78.1178,22.0935],[-78.1054,22.089],[-78.0924,22.0862],[-78.0818,22.0828],[-78.0798,22.0822],[-78.0651,22.087],[-78.0556,22.0775],[-78.0423,22.0512],[-78.0233,22.0343],[-78.0178,22.0275],[-78.0112,22.0093],[-77.9932,21.9797],[-77.9852,21.97],[-77.9734,21.9661],[-77.9613,21.9582],[-77.9154,21.9143],[-77.912,21.906],[-77.895,21.8769],[-77.8881,21.8699],[-77.876,21.8715],[-77.8704,21.8815],[-77.8656,21.9562],[-77.8601,21.9661],[-77.8491,21.9705],[-77.8223,21.9665],[-77.8061,21.9661],[-77.815,21.9558],[-77.847,21.9504],[-77.8539,21.9418],[-77.8525,21.924],[-77.8485,21.9106],[-77.8422,21.9],[-77.8335,21.8903],[-77.822,21.8803],[-77.8133,21.8765],[-77.7887,21.8767],[-77.7779,21.87],[-77.7704,21.8546],[-77.766,21.8373],[-77.7646,21.8255],[-77.7609,21.8133],[-77.7516,21.8046],[-77.7384,21.7987],[-77.7101,21.7902],[-77.7045,21.7893],[-77.6898,21.7959],[-77.6813,21.7917],[-77.6732,21.7847],[-77.6647,21.7812],[-77.6039,21.7897],[-77.5864,21.7879],[-77.5697,21.7806],[-77.525,21.7538],[-77.5244,21.7676],[-77.5166,21.7746],[-77.4908,21.7812],[-77.4892,21.7712],[-77.4834,21.7662],[-77.4742,21.765],[-77.4629,21.7668],[-77.465,21.7706],[-77.4675,21.7777],[-77.4697,21.7812],[-77.4556,21.7768],[-77.4423,21.7666],[-77.422,21.7464],[-77.4364,21.7446],[-77.4463,21.7502],[-77.4525,21.7507],[-77.456,21.7333],[-77.4537,21.715],[-77.4391,21.6838],[-77.4356,21.6679],[-77.4303,21.6576],[-77.4175,21.6537],[-77.3872,21.6501],[-77.3634,21.6383],[-77.3568,21.6365],[-77.3472,21.6386],[-77.3422,21.6433],[-77.3394,21.648],[-77.3365,21.6501],[-77.3369,21.6556],[-77.3429,21.6675],[-77.3524,21.6795],[-77.3784,21.6905],[-77.3891,21.7038],[-77.4015,21.7333],[-77.4071,21.7566],[-77.4117,21.7634],[-77.4186,21.7673],[-77.4383,21.7748],[-77.4424,21.7777],[-77.4437,21.7882],[-77.4488,21.8019],[-77.4591,21.8093],[-77.4766,21.801],[-77.4908,21.8153],[-77.5044,21.8035],[-77.5185,21.8118],[-77.5455,21.8432],[-77.5831,21.8733],[-77.5937,21.8887],[-77.6005,21.8904],[-77.6143,21.8842],[-77.6058,21.9013],[-77.5899,21.9193],[-77.5716,21.9308],[-77.556,21.9285],[-77.5212,21.9012],[-77.5175,21.893],[-77.5111,21.8677],[-77.5076,21.8625],[-77.4014,21.7905],[-77.381,21.7812],[-77.3301,21.7663],[-77.3158,21.7569],[-77.3016,21.7434],[-77.2677,21.7175],[-77.2543,21.7128],[-77.1954,21.6713],[-77.1807,21.6643],[-77.1667,21.6601],[-77.1518,21.6601],[-77.1339,21.6645],[-77.1417,21.6456],[-77.1363,21.6335],[-77.1262,21.6247],[-77.1203,21.616],[-77.1238,21.5962],[-77.1478,21.572],[-77.1544,21.5546],[-77.1632,21.56],[-77.1805,21.578],[-77.1854,21.5819],[-77.2497,21.6098],[-77.266,21.6142],[-77.2848,21.616],[-77.2843,21.6142],[-77.2867,21.6106],[-77.29,21.6071],[-77.2916,21.6061],[-77.2938,21.6025],[-77.2988,21.604],[-77.3047,21.6074],[-77.3136,21.6112],[-77.3245,21.6203],[-77.3332,21.6234],[-77.3562,21.6216],[-77.3642,21.6118],[-77.361,21.6008],[-77.3496,21.5955],[-77.338,21.593],[-77.3297,21.5871],[-77.322,21.5803],[-77.3127,21.5751],[-77.3028,21.5729],[-77.2748,21.5751],[-77.2551,21.5675],[-77.25,21.5508],[-77.2572,21.5342],[-77.2748,21.5267],[-77.2776,21.5185],[-77.2712,21.5005],[-77.2625,21.4831],[-77.258,21.4764],[-77.2467,21.4743],[-77.2244,21.4778],[-77.2085,21.4761],[-77.2165,21.4584],[-77.2066,21.4609],[-77.1817,21.4726],[-77.1808,21.4738],[-77.1713,21.4789],[-77.1619,21.4801],[-77.1531,21.4953],[-77.1407,21.5484],[-77.1155,21.5932],[-77.1072,21.603],[-77.0883,21.6062],[-77.0699,21.5958],[-76.9626,21.4726],[-76.9468,21.4591],[-76.9448,21.4577],[-76.9299,21.4479],[-76.8937,21.4316],[-76.8384,21.4206],[-76.8254,21.4112],[-76.8323,21.3975],[-76.8118,21.3975],[-76.8176,21.3769],[-76.8256,21.3666],[-76.8377,21.3632],[-76.8732,21.3611],[-76.8874,21.3557],[-76.8975,21.3461],[-76.9012,21.332],[-76.8873,21.3074],[-76.8362,21.3325],[-76.8391,21.3076],[-76.8295,21.3141],[-76.825,21.3244],[-76.8226,21.3366],[-76.8186,21.3485],[-76.8254,21.3485],[-76.8114,21.3681],[-76.8073,21.3781],[-76.8056,21.3901],[-76.7441,21.3703],[-76.7384,21.3706],[-76.7306,21.3749],[-76.7261,21.3733],[-76.7093,21.3628],[-76.6823,21.3566],[-76.6715,21.3559],[-76.6561,21.3496],[-76.6425,21.3355],[-76.6366,21.3214],[-76.6439,21.315],[-76.6601,21.3116],[-76.7162,21.2877],[-76.7123,21.3026],[-76.7215,21.3115],[-76.7314,21.3119],[-76.7298,21.3013],[-76.7347,21.2855],[-76.7213,21.279],[-76.7012,21.2759],[-76.6852,21.27],[-76.6702,21.259],[-76.6533,21.2519],[-76.6344,21.248],[-76.6131,21.2467],[-76.6131,21.2529],[-76.6349,21.2601],[-76.6415,21.2646],[-76.6473,21.2734],[-76.654,21.2877],[-76.6536,21.2941],[-76.6343,21.3013],[-76.6168,21.3018],[-76.5929,21.2948],[-76.5708,21.2824],[-76.5579,21.2666],[-76.5517,21.2666],[-76.5517,21.2877],[-76.5449,21.2877],[-76.5484,21.2476],[-76.5599,21.2345],[-76.6131,21.2324],[-76.6131,21.2256],[-76.5927,21.2256],[-76.6024,21.2202],[-76.6063,21.2187],[-76.5983,21.2059],[-76.5884,21.2064],[-76.5773,21.2114],[-76.5653,21.212],[-76.5568,21.2052],[-76.5467,21.1878],[-76.5375,21.1846],[-76.5324,21.1867],[-76.5255,21.1916],[-76.5195,21.1973],[-76.517,21.2021],[-76.5146,21.2053],[-76.5089,21.2055],[-76.5024,21.2047],[-76.4971,21.2051],[-76.4676,21.2213],[-76.4561,21.2256],[-76.4716,21.2307],[-76.5043,21.2348],[-76.517,21.2392],[-76.529,21.2526],[-76.5324,21.2686],[-76.5255,21.282],[-76.5073,21.2877],[-76.3876,21.2843],[-76.363,21.2771],[-76.3488,21.2661],[-76.3165,21.2542],[-76.3135,21.2519],[-76.2903,21.2337],[-76.2759,21.225],[-76.1697,21.1872],[-76.1378,21.1672],[-76.1334,21.1437],[-76.13,21.1356],[-76.1307,21.1142],[-76.1266,21.1021],[-76.1168,21.0915],[-76.1099,21.0922],[-76.0998,21.1021],[-76.0838,21.1105],[-76.0727,21.113],[-76.0583,21.1096],[-76.0481,21.1038],[-76.041,21.0967],[-76.0372,21.0873],[-76.0372,21.0748],[-76.0309,21.0748],[-76.0289,21.0796],[-76.0257,21.0845],[-76.0235,21.0891],[-76.0167,21.0737],[-76.0082,21.0703],[-76.0022,21.0781],[-76.003,21.0959],[-75.9946,21.0945],[-75.9679,21.094],[-75.9553,21.0959],[-75.949,21.0998],[-75.9335,21.1129],[-75.9249,21.1157],[-75.9124,21.1152],[-75.8999,21.1128],[-75.8902,21.1077],[-75.8819,21.0903],[-75.8735,21.0888],[-75.8683,21.0931],[-75.8734,21.1021],[-75.8218,21.1369],[-75.8163,21.1356],[-75.8013,21.1293],[-75.7982,21.1266],[-75.794,21.119],[-75.7843,21.1186],[-75.7668,21.1232],[-75.7323,21.1233],[-75.704,21.119],[-75.6843,21.1031],[-75.6754,21.0686],[-75.6359,21.0764],[-75.6131,21.0626],[-75.5785,21.0134],[-75.5989,20.9724],[-75.6048,20.9654],[-75.616,20.9567],[-75.6201,20.9512],[-75.6219,20.9448],[-75.6242,20.9299],[-75.6263,20.924],[-75.6349,20.9125],[-75.6488,20.8994],[-75.6652,20.8901],[-75.6815,20.8904],[-75.6865,20.9001],[-75.6903,20.9152],[-75.6964,20.9249],[-75.7089,20.9177],[-75.717,20.9226],[-75.7236,20.9234],[-75.7295,20.9215],[-75.7355,20.9177],[-75.7274,20.9166],[-75.7214,20.9145],[-75.7175,20.9103],[-75.7157,20.9035],[-75.744,20.9016],[-75.7434,20.8893],[-75.7305,20.8722],[-75.7218,20.855],[-75.7157,20.855],[-75.7045,20.8708],[-75.6781,20.8782],[-75.6482,20.8795],[-75.6263,20.8768],[-75.5849,20.8568],[-75.5785,20.852],[-75.5774,20.8381],[-75.5733,20.8275],[-75.5649,20.8215],[-75.5511,20.8215],[-75.5591,20.7977],[-75.5732,20.7977],[-75.5891,20.8077],[-75.6027,20.8141],[-75.6102,20.8166],[-75.6134,20.8225],[-75.6157,20.8297],[-75.6201,20.8358],[-75.6274,20.8415],[-75.6306,20.8431],[-75.6854,20.8351],[-75.7047,20.8287],[-75.7703,20.8358],[-75.765,20.8244],[-75.7663,20.8116],[-75.7765,20.7874],[-75.7757,20.7813],[-75.7766,20.7687],[-75.7794,20.7569],[-75.7839,20.7464],[-75.7746,20.7376],[-75.7631,20.716],[-75.7245,20.6955],[-75.7089,20.6906],[-75.702,20.7011],[-75.691,20.7229],[-75.6432,20.7607],[-75.6331,20.7806],[-75.6173,20.7686],[-75.6077,20.7532],[-75.6057,20.736],[-75.6126,20.7185],[-75.5868,20.7215],[-75.5775,20.7185],[-75.5819,20.708],[-75.5836,20.6982],[-75.5733,20.6914],[-75.5511,20.6844],[-75.5567,20.7064],[-75.4978,20.6934],[-75.4822,20.7117],[-75.4761,20.7117],[-75.4713,20.7061],[-75.4647,20.7006],[-75.4569,20.6955],[-75.4481,20.6911],[-75.4407,20.7117],[-75.4572,20.718],[-75.4659,20.7192],[-75.4761,20.7185],[-75.4636,20.7341],[-75.4397,20.7406],[-75.4136,20.7412],[-75.3942,20.739],[-75.3766,20.7322],[-75.356,20.7199],[-75.3492,20.7085],[-75.373,20.7043],[-75.3643,20.6914],[-75.3594,20.6776],[-75.3526,20.6776],[-75.3514,20.6819],[-75.3458,20.6911],[-75.3372,20.6697],[-75.3128,20.6647],[-75.2563,20.6707],[-75.2738,20.6816],[-75.3116,20.6994],[-75.3314,20.7043],[-75.3187,20.7171],[-75.2943,20.7231],[-75.268,20.7233],[-75.2495,20.7185],[-75.2563,20.726],[-75.241,20.7248],[-75.1943,20.7156],[-75.182,20.7091],[-75.1786,20.7022],[-75.1949,20.698],[-75.1949,20.6911],[-75.167,20.6844],[-75.1652,20.6864],[-75.1649,20.6878],[-75.164,20.6892],[-75.1608,20.6911],[-75.1491,20.6831],[-75.1318,20.6874],[-75.1153,20.6866],[-75.1061,20.6633],[-75.1041,20.6686],[-75.0996,20.6777],[-75.0987,20.6844],[-75.0894,20.6777],[-75.0804,20.6737],[-75.0719,20.6732],[-75.0646,20.6776],[-75.0788,20.6911],[-74.9984,20.7008],[-74.9789,20.6946],[-74.9692,20.6895],[-74.9591,20.6873],[-74.9511,20.6836],[-74.9479,20.6741],[-74.9407,20.6684],[-74.9247,20.668],[-74.9001,20.6707],[-74.8835,20.6595],[-74.8693,20.6459],[-74.8509,20.6346],[-74.7718,20.6258],[-74.7512,20.6196],[-74.7356,20.6093],[-74.7457,20.6039],[-74.7499,20.6024],[-74.7356,20.5786],[-74.7349,20.5676],[-74.7326,20.5648],[-74.7284,20.5644],[-74.7219,20.5609],[-74.7152,20.5561],[-74.7098,20.5522],[-74.6735,20.541],[-74.67,20.5277],[-74.6507,20.5131],[-74.6052,20.4857],[-74.5973,20.4768],[-74.5865,20.4558],[-74.5548,20.4145],[-74.5472,20.4101],[-74.5439,20.4036],[-74.495,20.3552],[-74.4857,20.3508],[-74.4721,20.3492],[-74.4503,20.3431],[-74.4234,20.3276],[-74.4011,20.3073],[-74.393,20.2865],[-74.3856,20.2865],[-74.3722,20.3005],[-74.3519,20.3004],[-74.3297,20.2952],[-74.3104,20.2939],[-74.2937,20.3009],[-74.2762,20.3112],[-74.2572,20.3196],[-74.236,20.3212],[-74.2235,20.3174],[-74.2136,20.311],[-74.1937,20.2939],[-74.1597,20.2734],[-74.1475,20.2592],[-74.1396,20.2423],[-74.1351,20.2238],[-74.1329,20.2046],[-74.142,20.1826],[-74.1629,20.1706],[-74.1841,20.1627],[-74.1981,20.1489],[-74.2183,20.1378],[-74.2251,20.1357],[-74.2303,20.1303],[-74.236,20.0947],[-74.2674,20.0683],[-74.3045,20.0693],[-74.3466,20.0796],[-74.393,20.081],[-74.4559,20.0687],[-74.4984,20.0656],[-74.5805,20.0476],[-74.6186,20.0545],[-74.6502,20.0422],[-74.7131,20.0518],[-74.7884,20.0395],[-74.813,20.0373],[-74.838,20.0264],[-74.8551,20.0128],[-74.8707,19.997],[-74.8878,19.9841],[-74.91,19.9787],[-74.9335,19.9782],[-74.9473,19.9759],[-74.9555,19.9678],[-74.9616,19.947],[-74.9779,19.923],[-75.0101,19.9116],[-75.0457,19.9076],[-75.051,19.9194],[-75.0582,19.923],[-75.0635,19.9216],[-75.0664,19.9144],[-75.0663,19.9049],[-75.0918,19.8971],[-75.095,19.8972],[-75.095,19.9716],[-75.137,19.9716],[-75.1352,19.9763],[-75.1298,19.9811],[-75.1151,19.9906],[-75.1021,19.9929],[-75.0901,20.0141],[-75.0849,20.0259],[-75.0908,20.0355],[-75.0924,20.0612],[-75.1128,20.0575],[-75.1224,20.0439],[-75.1286,20.0335],[-75.1358,20.0213],[-75.1438,20.0259],[-75.1543,20.0312],[-75.1694,20.0256],[-75.1754,20.0137],[-75.1774,20.004],[-75.1741,19.9935],[-75.1687,19.9919],[-75.1621,19.9904],[-75.1581,19.9914],[-75.1554,19.9949],[-75.1533,19.9992],[-75.1512,19.9946],[-75.147,19.9843],[-75.1591,19.9778],[-75.1602,19.9706],[-75.1789,19.9707],[-75.229,19.9374],[-75.2329,19.9001],[-75.2847,19.8883],[-75.3833,19.8825],[-75.3943,19.8835],[-75.4276,19.8907],[-75.4375,19.8957],[-75.4444,19.8967],[-75.4473,19.8948],[-75.4556,19.8855],[-75.4618,19.8825],[-75.4889,19.8791],[-75.5209,19.8796],[-75.5509,19.8852],[-75.5716,19.8967],[-75.6047,19.892],[-75.6456,19.9126],[-75.687,19.9404],[-75.7218,19.9575],[-75.7437,19.9599],[-75.8153,19.9575],[-75.8343,19.9598],[-75.8734,19.9695],[-75.8938,19.9718],[-75.9321,19.9677],[-75.9522,19.9622],[-75.9655,19.9544],[-75.9801,19.9524],[-76.112,19.9825],[-76.2023,19.9923],[-76.2482,19.9906],[-76.328,19.9702],[-76.3661,19.965],[-76.4387,19.965],[-76.4603,19.9621],[-76.5023,19.9484],[-76.5244,19.9439],[-76.6516,19.9511],[-76.7811,19.9407],[-76.8017,19.9307],[-76.8236,19.9316],[-76.8456,19.9363],[-76.8664,19.9377],[-76.8818,19.9314],[-76.9141,19.9066],[-76.9353,19.8967],[-76.9589,19.8911],[-77.088,19.8854],[-77.1134,19.8893],[-77.1634,19.9081],[-77.189,19.9126],[-77.2028,19.9029],[-77.2096,19.9029],[-77.2171,19.9096],[-77.2273,19.9111],[-77.2372,19.9069],[-77.2438,19.8967],[-77.2692,19.9045],[-77.2982,19.9067],[-77.3241,19.9003],[-77.34,19.8825],[-77.3127,19.8825],[-77.3127,19.8756],[-77.3305,19.8748],[-77.3585,19.8645],[-77.3773,19.862],[-77.47,19.8596],[-77.5334,19.8449],[-77.5693,19.8415],[-77.6115,19.8446],[-77.6732,19.8289],[-77.6925,19.8278],[-77.706,19.83],[-77.7196,19.8359],[-77.7306,19.8448],[-77.7372,19.8557],[-77.736,19.8742],[-77.7174,19.9072],[-77.7162,19.9166],[-77.7088,19.9187],[-77.6961,19.92],[-77.6888,19.9234],[-77.6821,19.9296],[-77.6753,19.9399],[-77.6683,19.9439],[-77.6714,19.9548],[-77.6667,19.9625],[-77.6479,19.9787],[-77.6256,20.0078],[-77.6239,20.0128],[-77.6204,20.0203],[-77.5727,20.0611],[-77.5747,20.0698],[-77.5881,20.0825],[-77.5864,20.0885],[-77.5774,20.088],[-77.551,20.0798],[-77.5411,20.0888],[-77.5219,20.0945],[-77.5175,20.0985],[-77.5147,20.1044],[-77.497,20.1295],[-77.4796,20.1409],[-77.4366,20.1624],[-77.4202,20.185],[-77.4014,20.1981],[-77.3006,20.2427],[-77.2814,20.2456],[-77.2665,20.2532],[-77.2507,20.2893],[-77.2363,20.3008],[-77.2334,20.3012],[-77.2298,20.3013],[-77.2233,20.3008],[-77.229,20.2891],[-77.223,20.2834],[-77.2101,20.2829],[-77.1954,20.2865],[-77.1818,20.2949],[-77.1712,20.3073],[-77.1643,20.3222],[-77.1619,20.3383],[-77.1545,20.3441],[-77.1134,20.3685],[-77.1103,20.4164],[-77.1035,20.4237],[-77.0958,20.4302],[-77.0824,20.4653],[-77.1134,20.5124],[-77.1232,20.5209],[-77.1501,20.5379],[-77.1859,20.5509],[-77.1957,20.5522],[-77.1892,20.541],[-77.1954,20.5341],[-77.214,20.5462],[-77.2295,20.5529],[-77.2399,20.5631],[-77.2438,20.5854],[-77.2404,20.5921],[-77.2325,20.596],[-77.2234,20.5988],[-77.2165,20.6024],[-77.1954,20.6298],[-77.1954,20.6365],[-77.2317,20.6583],[-77.251,20.6621],[-77.258,20.6434],[-77.2782,20.6621],[-77.2952,20.6871],[-77.3148,20.7091],[-77.3431,20.7185],[-77.3717,20.7161],[-77.4032,20.7092],[-77.4294,20.6984],[-77.4424,20.6844],[-77.4519,20.69],[-77.4577,20.6899],[-77.4627,20.687],[-77.4697,20.6844],[-77.4803,20.6818],[-77.4867,20.6792],[-77.4934,20.6775],[-77.5045,20.6776],[-77.522,20.6803],[-77.5727,20.698],[-77.6116,20.6785],[-77.6205,20.6776],[-77.635,20.6879],[-77.6417,20.6911],[-77.6493,20.6926],[-77.6789,20.6911],[-77.6867,20.692],[-77.7061,20.6974],[-77.7127,20.7011],[-77.7164,20.6989],[-77.7293,20.698],[-77.7784,20.7008],[-77.7956,20.7059],[-77.8221,20.723],[-77.8408,20.7283],[-77.8775,20.7322],[-77.8992,20.7273],[-77.9142,20.7164],[-77.9269,20.7049],[-77.942,20.698],[-78.0071,20.6962],[-78.0411,20.7045],[-78.0519,20.726],[-78.0594,20.726],[-78.0655,20.7117],[-78.0984,20.7481],[-78.1103,20.7532],[-78.1321,20.7574],[-78.1441,20.7683],[-78.1618,20.8004],[-78.1724,20.8118],[-78.1908,20.8276],[-78.211,20.8395],[-78.2269,20.8389],[-78.2377,20.8334],[-78.2413,20.8385],[-78.2419,20.8479],[-78.2437,20.855],[-78.2557,20.8686],[-78.2621,20.8782],[-78.2648,20.8867],[-78.272,20.9011],[-78.3427,20.9494],[-78.3564,20.953],[-78.3915,20.9512],[-78.4039,20.958],[-78.415,20.9731],[-78.4299,20.9997],[-78.4423,21.0111],[-78.479,21.0376],[-78.4879,21.0386],[-78.4947,21.0479],[-78.5009,21.0821],[-78.5044,21.1471],[-78.5123,21.1751],[-78.5276,21.2033],[-78.5382,21.2316],[-78.5317,21.2604],[-78.5226,21.2503],[-78.5115,21.2488],[-78.5021,21.2556],[-78.4982,21.27],[-78.5055,21.2802],[-78.538,21.2904],[-78.5454,21.2976],[-78.5475,21.3151],[-78.5569,21.3475],[-78.559,21.3665],[-78.5633,21.3834],[-78.5821,21.4139],[-78.5863,21.4282],[-78.5924,21.4618],[-78.6078,21.4937],[-78.6282,21.5211],[-78.649,21.5409],[-78.6654,21.5512],[-78.681,21.5566],[-78.734,21.5644],[-78.7463,21.5681],[-78.7511,21.5755],[-78.7446,21.5893],[-78.7333,21.5832],[-78.7206,21.5812],[-78.6931,21.5819],[-78.6891,21.5864],[-78.6942,21.5967],[-78.7068,21.6126],[-78.7137,21.6186],[-78.7239,21.6256],[-78.7446,21.6365],[-78.7593,21.6406],[-78.7665,21.6397],[-78.7731,21.6356],[-78.7856,21.6303],[-78.8319,21.6203],[-78.8784,21.616],[-78.8834,21.6142],[-78.889,21.6097],[-78.8935,21.6042],[-78.8954,21.5993],[-78.8988,21.5955],[-78.9065,21.5947],[-78.9371,21.5964],[-78.9492,21.5988],[-78.96,21.5996],[-78.9706,21.5955],[-78.9774,21.603],[-78.9945,21.5941],[-79.0128,21.5901],[-79.0559,21.5893],[-79.0756,21.5861],[-79.1282,21.562],[-79.1693,21.5517],[-79.2089,21.5485],[-79.2494,21.5519],[-79.3296,21.5737],[-79.3461,21.5832],[-79.3647,21.5993],[-79.3788,21.6013],[-79.4307,21.5954],[-79.4503,21.5955],[-79.4723,21.602],[-79.4818,21.6074],[-79.4913,21.616],[-79.5065,21.6398],[-79.5153,21.6486],[-79.5192,21.6402],[-79.5222,21.63],[-79.5297,21.6234],[-79.5397,21.622],[-79.5497,21.6269],[-79.5592,21.635],[-79.5649,21.6379],[-79.6078,21.649],[-79.6137,21.6513],[-79.6217,21.6576],[-79.6276,21.6669],[-79.6323,21.6782],[-79.6393,21.6877],[-79.6521,21.6917],[-79.7227,21.6934],[-79.7901,21.7116],[-79.8158,21.7112],[-79.8271,21.6951],[-79.8339,21.6777],[-79.8508,21.6801],[-79.873,21.6909],[-79.8954,21.6986],[-79.8954,21.7054],[-79.8749,21.7128],[-79.8749,21.7191],[-79.8904,21.7224],[-79.8936,21.7336],[-79.8926,21.7477],[-79.8954,21.76],[-79.9123,21.7484],[-79.93,21.7433],[-79.9495,21.7431],[-79.9717,21.7464],[-79.9921,21.7533],[-80.0037,21.7558],[-80.0127,21.7538],[-80.0154,21.7467],[-80.009,21.7399],[-79.9991,21.735],[-79.991,21.7333],[-80.0032,21.7209],[-80.0218,21.7292],[-80.0388,21.7471],[-80.0462,21.7634],[-80.0485,21.7849],[-80.0553,21.8037],[-80.0673,21.817],[-80.0843,21.8221],[-80.1049,21.8254],[-80.1459,21.8399],[-80.1882,21.8485],[-80.2177,21.8715],[-80.2699,21.887],[-80.3008,21.9117],[-80.4099,22.0207],[-80.4119,22.0251],[-80.4119,22.0303],[-80.4126,22.0358],[-80.4167,22.0412],[-80.4211,22.0419],[-80.4332,22.0402],[-80.4372,22.0412],[-80.4481,22.0503],[-80.4511,22.0566],[-80.4509,22.0685],[-80.4368,22.0659],[-80.4193,22.0666],[-80.4022,22.0717],[-80.3888,22.0822],[-80.4042,22.0785],[-80.4099,22.076],[-80.4058,22.0847],[-80.4003,22.0932],[-80.3961,22.1014],[-80.3963,22.1095],[-80.4043,22.1126],[-80.4163,22.1096],[-80.4254,22.1101],[-80.4242,22.1231],[-80.4439,22.1232],[-80.4565,22.1304],[-80.4578,22.1428],[-80.4434,22.1579],[-80.4673,22.1716],[-80.4767,22.1802],[-80.4844,22.192],[-80.4913,22.1818],[-80.5036,22.1782],[-80.5184,22.1799],[-80.5328,22.1858],[-80.5382,22.1645],[-80.5288,22.1509],[-80.4986,22.1306],[-80.484,22.1119],[-80.4709,22.0891],[-80.4647,22.0648],[-80.4708,22.0412],[-80.5137,22.0563],[-80.638,22.053],[-80.7611,22.0611],[-80.9053,22.0461],[-80.9921,22.0543],[-81.0116,22.0605],[-81.0492,22.0784],[-81.0884,22.0858],[-81.1037,22.0959],[-81.1138,22.1112],[-81.1395,22.1618],[-81.143,22.1715],[-81.1436,22.1874],[-81.1361,22.2299],[-81.1407,22.2327],[-81.1671,22.2708],[-81.1805,22.2789],[-81.194,22.2816],[-81.2052,22.2781],[-81.2118,22.2678],[-81.2116,22.2553],[-81.1976,22.2125],[-81.1969,22.0913],[-81.2047,22.0603],[-81.2255,22.0617],[-81.2113,22.0835],[-81.2154,22.115],[-81.2298,22.1439],[-81.2391,22.1511],[-81.2671,22.1416],[-81.2733,22.1374],[-81.2764,22.1289],[-81.2753,22.1103],[-81.2795,22.1026],[-81.2913,22.0976],[-81.2993,22.1013],[-81.3061,22.1074],[-81.3143,22.1095],[-81.3215,22.1047],[-81.3227,22.0978],[-81.3256,22.0917],[-81.3379,22.089],[-81.3741,22.1042],[-81.3961,22.1707],[-81.4341,22.1858],[-81.4822,22.1858],[-81.4936,22.1889],[-81.5128,22.202],[-81.5235,22.205],[-81.5312,22.202],[-81.5459,22.1889],[-81.5576,22.1858],[-81.5602,22.1846],[-81.5621,22.1821],[-81.5652,22.1795],[-81.5712,22.1784],[-81.5743,22.1801],[-81.5768,22.1889],[-81.5812,22.192],[-81.6227,22.205],[-81.6278,22.208],[-81.6396,22.2127],[-81.6515,22.213],[-81.6568,22.202],[-81.6666,22.1979],[-81.6886,22.1968],[-81.712,22.1992],[-81.7257,22.205],[-81.732,22.205],[-81.7346,22.1928],[-81.7411,22.1896],[-81.7599,22.192],[-81.7569,22.1881],[-81.7552,22.1854],[-81.7525,22.1784],[-81.7635,22.1784],[-81.8102,22.1838],[-81.8245,22.1889],[-81.8497,22.215],[-81.8588,22.2289],[-81.8624,22.2436],[-81.8797,22.2604],[-82.0214,22.3133],[-82.0359,22.321],[-82.051,22.3326],[-82.06,22.3373],[-82.0799,22.3393],[-82.0882,22.3422],[-82.0932,22.3478],[-82.1046,22.3662],[-82.1056,22.3702],[-82.1193,22.3701],[-82.1376,22.3721],[-82.1545,22.3799],[-82.164,22.3969],[-82.1584,22.4125],[-82.1464,22.4222],[-82.1312,22.4281],[-82.1187,22.4318],[-82.0036,22.4282],[-81.9661,22.4371],[-81.9395,22.4332],[-81.909,22.4355],[-81.8906,22.4386],[-81.8639,22.4326],[-81.8411,22.4308],[-81.7896,22.4383],[-81.7501,22.454],[-81.7388,22.4521],[-81.7285,22.4572],[-81.7087,22.4572],[-81.6979,22.4595],[-81.6835,22.4636],[-81.6703,22.4759],[-81.6609,22.4842],[-81.6516,22.4878],[-81.6528,22.5088],[-81.6488,22.5183],[-81.6513,22.5338],[-81.6426,22.562],[-81.6433,22.5727],[-81.6577,22.5773],[-81.6726,22.5777],[-81.7,22.5996],[-81.7188,22.6137],[-81.7534,22.638],[-81.7884,22.6501],[-81.8775,22.6797],[-81.9124,22.6785],[-81.9925,22.6717],[-82.0988,22.6549],[-82.131,22.6679],[-82.1989,22.6858],[-82.2748,22.6856],[-82.3172,22.681],[-82.339,22.6787],[-82.3599,22.6808],[-82.3916,22.6884],[-82.4574,22.6804],[-82.51,22.6923],[-82.5217,22.6902],[-82.5411,22.6808],[-82.5509,22.6787],[-82.5974,22.688],[-82.6329,22.6802],[-82.7384,22.7064],[-82.7599,22.706],[-82.7807,22.6961],[-82.7909,22.6799],[-82.7943,22.6605],[-82.7946,22.6408],[-82.8007,22.6227],[-82.8154,22.6134],[-82.8492,22.6029],[-82.9093,22.5556],[-82.9213,22.5483],[-82.944,22.5466],[-82.9594,22.5421],[-83.026,22.5098],[-83.0587,22.4894],[-83.0861,22.4628],[-83.1432,22.3613],[-83.1669,22.3395],[-83.1993,22.336],[-83.2322,22.3448],[-83.2458,22.3459],[-83.2601,22.3422],[-83.2606,22.3397],[-83.2601,22.3258],[-83.2618,22.322],[-83.2657,22.3223],[-83.2703,22.3236],[-83.2775,22.321],[-83.282,22.3223],[-83.2858,22.3227],[-83.2874,22.3187],[-83.2869,22.3046],[-83.2874,22.3019],[-83.3236,22.2802],[-83.3358,22.2678],[-83.3412,22.2593],[-83.342,22.2545],[-83.3415,22.251],[-83.3426,22.2466],[-83.3492,22.2322],[-83.3541,22.2258],[-83.3631,22.2193],[-83.3664,22.2224],[-83.3679,22.2256],[-83.3685,22.2139],[-83.3756,22.207],[-83.3811,22.2171],[-83.3894,22.2204],[-83.3982,22.2193],[-83.399,22.2028],[-83.4155,22.1861],[-83.4653,22.1821],[-83.517,22.1882],[-83.5611,22.205],[-83.5528,22.2134],[-83.5555,22.2236],[-83.5629,22.2348],[-83.5686,22.2466],[-83.5754,22.2466],[-83.5896,22.2199],[-83.6144,22.1957],[-83.6436,22.1783],[-83.671,22.1715],[-83.6689,22.175],[-83.6667,22.182],[-83.6648,22.1858],[-83.7755,22.1707],[-83.7809,22.1715],[-83.7848,22.1754],[-83.7875,22.1824],[-83.7887,22.189],[-83.7877,22.192],[-83.7991,22.1888],[-83.811,22.1748],[-83.8256,22.1715],[-83.9032,22.1757],[-83.9254,22.1715],[-83.9665,22.134],[-83.9677,22.1264],[-83.9753,22.0988],[-83.9801,22.089],[-83.9748,22.0825],[-83.9733,22.0765],[-83.9726,22.0617],[-83.984,22.0705],[-83.995,22.0683],[-84.0018,22.0576],[-84.0006,22.0412],[-83.993,22.028],[-83.9832,22.0231],[-83.9717,22.0258],[-83.959,22.035],[-83.9647,22.0133],[-83.9993,21.9895],[-84.0074,21.9692],[-84.0038,21.9644],[-83.9971,21.9587],[-83.993,21.9514],[-83.9975,21.9418],[-84.0069,21.9333],[-84.0177,21.9255],[-84.0294,21.9199],[-84.0416,21.9177],[-84.0604,21.9219],[-84.0982,21.9407],[-84.1204,21.945],[-84.1422,21.9403],[-84.1807,21.9183],[-84.1992,21.9108],[-84.2093,21.9101],[-84.2301,21.9115],[-84.2401,21.9108],[-84.2512,21.9066],[-84.2739,21.8932],[-84.3052,21.8845],[-84.4232,21.7923],[-84.4662,21.7705],[-84.5084,21.7668],[-84.5214,21.7866],[-84.4813,21.8652],[-84.4735,21.9046],[-84.4962,21.9338],[-84.536,21.9402],[-84.5806,21.9339],[-84.66,21.9121],[-84.6987,21.8948],[-84.7997,21.8321],[-84.8399,21.8229],[-84.8834,21.8236],[-84.9254,21.8358],[-84.9391,21.8461],[-84.9473,21.8603],[-84.9496,21.8768],[-84.946,21.8935],[-84.9427,21.9001],[-84.9376,21.9081],[-84.9312,21.9147],[-84.9245,21.9172],[-84.9198,21.9147],[-84.9166,21.9096],[-84.9139,21.9037],[-84.9108,21.899],[-84.9036,21.8936],[-84.8954,21.8906],[-84.8866,21.8896],[-84.8776,21.8903],[-84.8605,21.897],[-84.8487,21.9084],[-84.8482,21.9211],[-84.8646,21.932],[-84.8476,21.9406],[-84.8324,21.9406],[-84.8229,21.9309],[-84.823,21.9108],[-84.7411,21.9518],[-84.6684,21.9719],[-84.5833,22.0075],[-84.5289,22.0443],[-84.5214,22.048],[-84.508,22.049],[-84.4959,22.0473],[-84.4897,22.0428],[-84.494,22.035],[-84.4626,22.022],[-84.4393,22.0281],[-84.4167,22.041],[-84.3873,22.048],[-84.3728,22.0439],[-84.3558,22.0341],[-84.3417,22.0217],[-84.3358,22.0104],[-84.331,22.0046],[-84.3038,22.0229],[-84.2886,22.0207],[-84.2743,22.076],[-84.2863,22.0634],[-84.2969,22.046],[-84.3082,22.0367],[-84.3221,22.048],[-84.328,22.0671],[-84.3268,22.0819],[-84.3302,22.0933],[-84.35,22.1026],[-84.3407,22.124],[-84.3358,22.1306],[-84.3544,22.1325],[-84.3746,22.1393],[-84.3928,22.1485],[-84.4053,22.1579],[-84.4134,22.172],[-84.42,22.1887],[-84.4293,22.2017],[-84.4457,22.205],[-84.4357,22.2137],[-84.4245,22.2292],[-84.4154,22.2474],[-84.4115,22.264],[-84.4097,22.2873],[-84.4053,22.3087],[-84.391,22.3528],[-84.3885,22.3552],[-84.3739,22.3807],[-84.3688,22.3833],[-84.358,22.3843],[-84.3531,22.3872],[-84.3491,22.3936],[-84.3451,22.4062],[-84.3426,22.4111],[-84.3213,22.4401],[-84.3065,22.4556],[-84.2886,22.4658],[-84.2886,22.4732],[-84.3091,22.4732],[-84.2918,22.4863],[-84.249,22.4936],[-84.2303,22.5036],[-84.2184,22.5187],[-84.2058,22.5412],[-84.2012,22.5628],[-84.2129,22.5756],[-84.2129,22.5831],[-84.2024,22.5801],[-84.1924,22.5756],[-84.1781,22.5857],[-84.1646,22.5876],[-84.153,22.582],[-84.1446,22.5694],[-84.1357,22.6068],[-84.1304,22.6165],[-84.1205,22.6203],[-84.0946,22.6224],[-84.0893,22.6271],[-84.0886,22.6372],[-84.0854,22.6542],[-84.0783,22.6662],[-84.0655,22.6613],[-84.0521,22.6533],[-84.0416,22.6584],[-84.032,22.6694],[-84.0211,22.6787],[-84.0287,22.6901],[-84.039,22.6971],[-84.0523,22.6999],[-84.0688,22.6985],[-84.0643,22.7062],[-84.057,22.7133],[-84.048,22.7182],[-84.0384,22.7202],[-84.0223,22.7147],[-84.0138,22.7025],[-84.0072,22.6904],[-83.9975,22.6849],[-83.984,22.6871],[-83.9721,22.6925],[-83.9112,22.7333],[-83.8976,22.7202],[-83.8881,22.7414],[-83.8728,22.7508],[-83.8293,22.7537],[-83.8127,22.7567],[-83.7437,22.7891],[-83.7091,22.8007],[-83.6927,22.8022],[-83.6815,22.8004],[-83.6689,22.7949],[-83.658,22.7947],[-83.6511,22.7968],[-83.6373,22.8051],[-83.63,22.8083],[-83.63,22.8158],[-83.6372,22.8127],[-83.6444,22.8083],[-83.6457,22.812],[-83.6454,22.8143],[-83.6462,22.8154],[-83.6512,22.8158],[-83.6299,22.8283],[-83.6079,22.8344],[-83.558,22.8362],[-83.5538,22.8422],[-83.5413,22.8738],[-83.535,22.877],[-83.4935,22.8773],[-83.4961,22.8703],[-83.4976,22.8675],[-83.5004,22.8636],[-83.4808,22.8603],[-83.4691,22.8706],[-83.461,22.886],[-83.4525,22.8978],[-83.4376,22.9035],[-83.4261,22.8992],[-83.4141,22.8908],[-83.3973,22.8841],[-83.4044,22.8738],[-83.3935,22.8769],[-83.3775,22.8861],[-83.3694,22.894],[-83.3634,22.9105],[-83.3485,22.9321],[-83.3297,22.9511],[-83.3116,22.9592],[-83.2982,22.9633],[-83.2464,22.994],[-83.2262,23.0019],[-83.2076,23.0027],[-83.1915,22.9974],[-83.1782,22.9865],[-83.1782,22.9803],[-83.1874,22.9738],[-83.1912,22.9619],[-83.1893,22.9478],[-83.1816,22.9353],[-83.1694,22.9301],[-83.1592,22.9362],[-83.1505,22.9463],[-83.1434,22.953],[-83.1617,22.9669],[-83.1605,22.98],[-83.1458,22.9914],[-83.1236,23.0001],[-83.0819,23.0076],[-83.0741,23.0113],[-83.0611,23.0196],[-83.0553,23.0212],[-83.0449,23.0195],[-83.0311,23.0107],[-83.0206,23.0076],[-83.0154,23.0103],[-83.0094,23.016],[-83.002,23.0192],[-82.9926,23.0144],[-82.9863,23.0041],[-82.9928,23.001],[-83.0028,22.9995],[-83.0069,22.994],[-83.0028,22.9836],[-82.9967,22.9802],[-82.9889,22.9836],[-82.9796,22.994],[-82.9817,22.9742],[-82.9642,22.9729],[-82.9444,22.9851],[-82.9425,22.9863],[-82.9318,23.0111],[-82.9176,23.0325],[-82.8852,23.0331],[-82.8494,23.0278],[-82.8253,23.0315],[-82.8033,23.0388],[-82.7127,23.0349],[-82.62,23.0461],[-82.596,23.0554],[-82.5755,23.054],[-82.5321,23.0771],[-82.51,23.0833],[-82.5045,23.0865],[-82.4945,23.1007],[-82.4896,23.1038],[-82.4772,23.1052],[-82.4677,23.1085],[-82.452,23.1175],[-82.4224,23.1389],[-82.4069,23.1474],[-82.3671,23.153],[-82.321,23.1715],[-82.2511,23.1821],[-82.2193,23.1942],[-82.1503,23.1789],[-82.1284,23.1811],[-82.1001,23.1876],[-82.0882,23.1904],[-82.065,23.1926],[-82.0549,23.1948],[-82.044,23.1987],[-82.0332,23.2005],[-82.0234,23.1959],[-81.9858,23.1715],[-81.9561,23.1636],[-81.8921,23.1579],[-81.8624,23.151],[-81.8401,23.1578],[-81.6839,23.1569],[-81.6581,23.1568],[-81.6423,23.1588],[-81.629,23.1652],[-81.6176,23.1596],[-81.6064,23.1588],[-81.5946,23.1593],[-81.5812,23.1578],[-81.5743,23.154],[-81.5568,23.1408],[-81.5356,23.1294],[-81.5321,23.1093],[-81.5353,23.0863],[-81.5402,23.069],[-81.5462,23.0612],[-81.5524,23.0574],[-81.5526,23.0543],[-81.5402,23.0486],[-81.5288,23.0472],[-81.5176,23.0498],[-81.5027,23.0554],[-81.4988,23.0605],[-81.4925,23.0849],[-81.489,23.0932],[-81.4807,23.1003],[-81.4733,23.1026],[-81.4642,23.1029],[-81.3801,23.1164],[-81.3689,23.1209],[-81.3581,23.1317],[-81.3334,23.1383],[-81.2863,23.1448],[-81.2714,23.1496],[-81.2342,23.1664],[-81.2098,23.1837],[-81.1656,23.2078],[-81.1492,23.2124],[-81.1306,23.2056],[-81.1448,23.1943],[-81.1724,23.1837],[-81.2179,23.1727],[-81.2722,23.142],[-81.2863,23.1305],[-81.2863,23.1243],[-81.2419,23.1137],[-81.1849,23.0521]]]}},{"type":"Feature","properties":{"region":"caribbean","name":"Cuba","name_official":"Cuba"},"geometry":{"type":"Polygon","coordinates":[[[-80.7125,23.1999],[-80.711,23.197],[-80.7119,23.1908],[-80.7178,23.189],[-80.7252,23.1928],[-80.7323,23.1931],[-80.7368,23.1868],[-80.7408,23.1843],[-80.7621,23.1932],[-80.7738,23.1966],[-80.7808,23.1977],[-80.7992,23.1959],[-80.81,23.1966],[-80.8385,23.2062],[-80.8483,23.2085],[-80.8556,23.2177],[-80.8614,23.2204],[-80.8573,23.2258],[-80.8379,23.2235],[-80.8099,23.2138],[-80.775,23.2066],[-80.7125,23.1999]]]}},{"type":"Feature","properties":{"region":"caribbean","name":"Cuba","name_official":"Cuba"},"geometry":{"type":"Polygon","coordinates":[[[-80.913,23.2656],[-80.8856,23.2501],[-80.8788,23.2504],[-80.8741,23.249],[-80.8709,23.2404],[-80.8786,23.2321],[-80.8901,23.2339],[-80.9012,23.2372],[-80.9132,23.2387],[-80.9245,23.2431],[-80.9294,23.2501],[-80.9337,23.2545],[-80.9427,23.2573],[-80.9359,23.2631],[-80.913,23.2656]]]}},{"type":"Feature","properties":{"region":"caribbean","name":"Curacao","name_official":"Curaçao"},"geometry":{"type":"Polygon","coordinates":[[[-68.7808,12.0978],[-68.7452,12.0622],[-68.7397,12.053],[-68.7486,12.047],[-68.7698,12.0429],[-68.7947,12.0413],[-68.8148,12.0432],[-68.8412,12.0555],[-68.8934,12.0905],[-68.9447,12.1056],[-68.9778,12.1246],[-69.0074,12.1482],[-69.0203,12.1697],[-69.0272,12.1901],[-69.0436,12.1967],[-69.0629,12.1984],[-69.0786,12.2043],[-69.0919,12.2199],[-69.1227,12.269],[-69.1344,12.2773],[-69.1481,12.2844],[-69.1595,12.2934],[-69.1643,12.307],[-69.162,12.3428],[-69.1638,12.3619],[-69.1717,12.3789],[-69.1661,12.3878],[-69.1612,12.3915],[-69.1562,12.3906],[-69.1506,12.3857],[-69.1078,12.3678],[-69.0896,12.3569],[-69.0715,12.3414],[-69.0604,12.3226],[-69.05,12.2761],[-69.0408,12.256],[-69.004,12.2217],[-68.9613,12.2014],[-68.8353,12.171],[-68.8208,12.1623],[-68.8148,12.1496],[-68.8118,12.1293],[-68.804,12.117],[-68.7808,12.0978]]]}},{"type":"Feature","properties":{"region":"caribbean","name":"Cayman Islands","name_official":"Cayman Islands"},"geometry":{"type":"Polygon","coordinates":[[[-81.364,19.3199],[-81.3497,19.3021],[-81.3224,19.3023],[-81.3035,19.3091],[-81.3013,19.3206],[-81.2938,19.3344],[-81.2881,19.3314],[-81.2733,19.3276],[-81.2734,19.3321],[-81.2749,19.3353],[-81.2795,19.3418],[-81.2733,19.3344],[-81.2752,19.3386],[-81.2777,19.3414],[-81.278,19.3441],[-81.2733,19.348],[-81.2779,19.3519],[-81.2808,19.3563],[-81.2863,19.3685],[-81.2681,19.3663],[-81.2316,19.3515],[-81.2118,19.348],[-81.1578,19.355],[-81.1361,19.3549],[-81.1175,19.3528],[-81.0995,19.3473],[-81.0895,19.3354],[-81.0866,19.3099],[-81.1067,19.2953],[-81.1351,19.2907],[-81.1695,19.2996],[-81.1932,19.2961],[-81.2145,19.2927],[-81.2335,19.2892],[-81.2488,19.2791],[-81.2665,19.2661],[-81.2764,19.2648],[-81.3413,19.2731],[-81.3579,19.2741],[-81.3757,19.2723],[-81.3875,19.2639],[-81.3979,19.2742],[-81.3959,19.2896],[-81.3924,19.2963],[-81.3889,19.3075],[-81.3854,19.3243],[-81.3855,19.3389],[-81.3903,19.3523],[-81.4058,19.3634],[-81.4165,19.37],[-81.4142,19.3823],[-81.4083,19.3902],[-81.3941,19.3948],[-81.3757,19.389],[-81.3786,19.3758],[-81.369,19.3591],[-81.3606,19.3401],[-81.364,19.3199]]]}},{"type":"Feature","properties":{"region":"caribbean","name":"Cayman Islands","name_official":"Cayman Islands"},"geometry":{"type":"Polygon","coordinates":[[[-79.9643,19.7049],[-79.9682,19.7032],[-79.9779,19.6975],[-80.0039,19.6903],[-80.078,19.654],[-80.1132,19.6587],[-80.0986,19.6769],[-80.0815,19.6859],[-80.0621,19.7007],[-80.0378,19.704],[-80.0087,19.704],[-79.981,19.7143],[-79.9643,19.7049]]]}},{"type":"Feature","properties":{"region":"caribbean","name":"Cayman Islands","name_official":"Cayman Islands"},"geometry":{"type":"Polygon","coordinates":[[[-79.855,19.6909],[-79.8938,19.6797],[-79.8719,19.7046],[-79.8028,19.7328],[-79.7689,19.752],[-79.7459,19.7576],[-79.7315,19.7521],[-79.7266,19.7371],[-79.7739,19.7134],[-79.855,19.6909]]]}},{"type":"Feature","properties":{"region":"caribbean","name":"Dominica","name_official":"Dominica"},"geometry":{"type":"Polygon","coordinates":[[[-61.3629,15.2018],[-61.3741,15.2048],[-61.3761,15.2128],[-61.3728,15.2372],[-61.3733,15.2664],[-61.3728,15.2707],[-61.3783,15.282],[-61.3909,15.2963],[-61.3932,15.3083],[-61.395,15.3331],[-61.3996,15.3511],[-61.4137,15.3806],[-61.4157,15.3876],[-61.4181,15.406],[-61.4212,15.4147],[-61.4442,15.4368],[-61.4479,15.4451],[-61.4498,15.4547],[-61.4543,15.4648],[-61.46,15.4729],[-61.4656,15.4761],[-61.4721,15.4814],[-61.4743,15.4935],[-61.4752,15.5178],[-61.4794,15.5255],[-61.4849,15.5303],[-61.4889,15.5357],[-61.4889,15.5451],[-61.484,15.5516],[-61.4673,15.563],[-61.4621,15.573],[-61.4691,15.5743],[-61.4812,15.5786],[-61.4889,15.5793],[-61.4806,15.591],[-61.469,15.6339],[-61.4492,15.6331],[-61.4372,15.6326],[-61.4259,15.6285],[-61.4137,15.6196],[-61.3976,15.5966],[-61.3846,15.5884],[-61.3697,15.5959],[-61.3573,15.5983],[-61.3077,15.5793],[-61.3059,15.5725],[-61.2995,15.5572],[-61.2896,15.541],[-61.284,15.5314],[-61.2686,15.5099],[-61.2672,15.5078],[-61.2577,15.4726],[-61.256,15.4359],[-61.2629,15.4079],[-61.2584,15.4063],[-61.2542,15.403],[-61.2493,15.4011],[-61.2555,15.3646],[-61.2541,15.3327],[-61.2537,15.3247],[-61.2567,15.2853],[-61.2772,15.2502],[-61.2844,15.2448],[-61.2893,15.2436],[-61.2932,15.2439],[-61.3034,15.2426],[-61.3119,15.2445],[-61.3182,15.2434],[-61.3236,15.2386],[-61.3287,15.2256],[-61.3427,15.2197],[-61.3459,15.2123],[-61.3464,15.2117],[-61.3507,15.2051],[-61.3629,15.2018]]]}},{"type":"Feature","properties":{"region":"caribbean","name":"Dominican Republic","name_official":"Dominican Republic"},"geometry":{"type":"Polygon","coordinates":[[[-71.5074,17.5513],[-71.5245,17.5456],[-71.5412,17.5546],[-71.5414,17.5762],[-71.5322,17.6013],[-71.5211,17.6213],[-71.5069,17.6137],[-71.4926,17.6037],[-71.4671,17.5803],[-71.4825,17.5756],[-71.5074,17.5513]]]}},{"type":"Feature","properties":{"region":"caribbean","name":"Dominican Republic","name_official":"Dominican Republic"},"geometry":{"type":"Polygon","coordinates":[[[-68.7108,18.1754],[-68.6641,18.1693],[-68.6124,18.1708],[-68.5988,18.1662],[-68.5887,18.1534],[-68.5775,18.1337],[-68.5702,18.1157],[-68.5718,18.1079],[-68.587,18.1111],[-68.6193,18.1251],[-68.6361,18.1284],[-68.6539,18.1263],[-68.6849,18.1169],[-68.7019,18.1147],[-68.737,18.1236],[-68.7621,18.1452],[-68.7782,18.172],[-68.7869,18.1967],[-68.7721,18.2009],[-68.7545,18.1977],[-68.7372,18.1895],[-68.7223,18.1793],[-68.7108,18.1754]]]}},{"type":"Feature","properties":{"region":"caribbean","name":"Dominican Republic","name_official":"Dominican Republic"},"geometry":{"type":"Polygon","coordinates":[[[-70.9662,19.8967],[-70.9469,19.8893],[-70.9394,19.8893],[-70.9444,19.9047],[-70.9469,19.9103],[-70.8985,19.9029],[-70.8843,19.9043],[-70.8547,19.9108],[-70.8433,19.9103],[-70.831,19.9025],[-70.787,19.8529],[-70.7833,19.8433],[-70.7886,19.8341],[-70.751,19.8338],[-70.7366,19.8271],[-70.6985,19.7968],[-70.6622,19.7794],[-70.6237,19.7665],[-70.5791,19.7602],[-70.5187,19.7598],[-70.5137,19.7626],[-70.5085,19.7694],[-70.4964,19.7772],[-70.4828,19.7839],[-70.4727,19.7869],[-70.4337,19.7752],[-70.3727,19.7142],[-70.3362,19.6776],[-70.3196,19.6664],[-70.3013,19.6577],[-70.2808,19.6518],[-70.2352,19.6472],[-70.1986,19.6347],[-70.1314,19.6221],[-70.1164,19.6224],[-70.1064,19.6259],[-70.0975,19.6332],[-70.061,19.6701],[-70.0421,19.6785],[-69.9867,19.6776],[-69.9595,19.6801],[-69.9473,19.6787],[-69.932,19.6702],[-69.8979,19.636],[-69.8872,19.6127],[-69.8878,19.5873],[-69.9042,19.5324],[-69.8841,19.5244],[-69.8765,19.5067],[-69.8768,19.461],[-69.8744,19.4411],[-69.868,19.4253],[-69.8014,19.3309],[-69.7715,19.3032],[-69.7677,19.2998],[-69.7335,19.2866],[-69.7132,19.2897],[-69.6744,19.3039],[-69.6544,19.307],[-69.6094,19.3088],[-69.5894,19.3128],[-69.569,19.3207],[-69.5394,19.3394],[-69.528,19.3418],[-69.5176,19.3397],[-69.4964,19.3298],[-69.4833,19.3276],[-69.4591,19.3333],[-69.4486,19.3344],[-69.4428,19.3342],[-69.4374,19.333],[-69.4334,19.3299],[-69.4318,19.3241],[-69.4286,19.3192],[-69.4217,19.3211],[-69.4107,19.3276],[-69.3527,19.3051],[-69.3356,19.2934],[-69.3243,19.3151],[-69.3059,19.3311],[-69.2605,19.3549],[-69.2313,19.3633],[-69.2244,19.3518],[-69.2321,19.3279],[-69.2468,19.2996],[-69.2269,19.2927],[-69.2043,19.2928],[-69.1824,19.2982],[-69.1643,19.307],[-69.1584,19.2851],[-69.1714,19.2679],[-69.1893,19.2523],[-69.1984,19.2351],[-69.2027,19.2169],[-69.2143,19.2006],[-69.2318,19.1887],[-69.2537,19.1835],[-69.3321,19.1972],[-69.4181,19.191],[-69.4384,19.1965],[-69.4755,19.214],[-69.6029,19.229],[-69.6173,19.2252],[-69.6228,19.2119],[-69.626,19.1643],[-69.6335,19.1237],[-69.6304,19.1085],[-69.6209,19.102],[-69.6085,19.0935],[-69.5533,19.1015],[-69.5343,19.0948],[-69.5105,19.102],[-69.4634,19.0847],[-69.4386,19.0873],[-69.4447,19.0924],[-69.4527,19.0969],[-69.4623,19.1003],[-69.4734,19.1016],[-69.4734,19.1085],[-69.42,19.1112],[-69.4044,19.1085],[-69.3867,19.0961],[-69.373,19.0654],[-69.3561,19.0532],[-69.339,19.0489],[-69.3046,19.0449],[-69.2117,19.021],[-69.1732,19.0111],[-69.1575,19.0122],[-69.1387,19.0223],[-69.1449,19.0296],[-69.1573,19.0367],[-69.1575,19.0464],[-69.1395,19.0512],[-69.1239,19.0378],[-69.1029,19.0054],[-69.0893,18.9979],[-69.0741,18.9936],[-69.0612,18.9882],[-69.0544,18.9775],[-69.0425,18.9868],[-69.0181,18.9975],[-69.0066,19.0054],[-69.0142,19.0134],[-69.0106,19.0154],[-69.0016,19.0156],[-68.993,19.0185],[-68.9825,19.0288],[-68.9794,19.0329],[-68.9754,19.0331],[-68.9396,19.0313],[-68.9186,19.0273],[-68.8998,19.0209],[-68.8831,19.0122],[-68.8812,19.0094],[-68.8812,19.0058],[-68.8804,19.002],[-68.8763,18.9986],[-68.8558,18.9918],[-68.854,18.9921],[-68.8182,18.9849],[-68.7959,18.9841],[-68.7869,18.981],[-68.7851,18.9799],[-68.777,18.9744],[-68.7678,18.9695],[-68.75,18.9681],[-68.7397,18.9644],[-68.6235,18.8619],[-68.5808,18.8126],[-68.5205,18.7689],[-68.4773,18.7402],[-68.465,18.735],[-68.4586,18.731],[-68.4134,18.6896],[-68.3562,18.6566],[-68.3286,18.6165],[-68.3341,18.5773],[-68.428,18.4412],[-68.4347,18.4358],[-68.4413,18.429],[-68.4443,18.4195],[-68.4425,18.3848],[-68.4443,18.3748],[-68.4557,18.3579],[-68.4722,18.3498],[-68.4928,18.3475],[-68.5166,18.3475],[-68.5349,18.3533],[-68.5745,18.3782],[-68.5889,18.3823],[-68.6055,18.3717],[-68.6029,18.3557],[-68.5975,18.3366],[-68.606,18.3171],[-68.6183,18.3015],[-68.6261,18.2834],[-68.6415,18.2252],[-68.6471,18.2148],[-68.6584,18.2109],[-68.743,18.2045],[-68.7602,18.2104],[-68.7625,18.247],[-68.7869,18.2954],[-68.8201,18.3425],[-68.8496,18.3748],[-68.881,18.3955],[-68.9225,18.4123],[-68.9643,18.418],[-69.0126,18.3991],[-69.0854,18.3959],[-69.1044,18.3991],[-69.1482,18.4132],[-69.168,18.4163],[-69.1853,18.4217],[-69.2142,18.4451],[-69.2363,18.4505],[-69.2556,18.4467],[-69.2752,18.4403],[-69.295,18.439],[-69.3151,18.4505],[-69.336,18.4321],[-69.4659,18.4226],[-69.5048,18.4089],[-69.5253,18.4084],[-69.58,18.4445],[-69.6021,18.4557],[-69.6168,18.4573],[-69.6232,18.448],[-69.6226,18.4368],[-69.6208,18.4255],[-69.6236,18.4163],[-69.6326,18.4135],[-69.6466,18.4136],[-69.6595,18.4159],[-69.6652,18.4195],[-69.682,18.4468],[-69.6899,18.4541],[-69.6974,18.4564],[-69.8515,18.4725],[-69.8794,18.4712],[-69.8837,18.471],[-69.8998,18.4665],[-69.9312,18.452],[-69.9571,18.4353],[-69.9669,18.4308],[-69.9935,18.4226],[-70.004,18.4175],[-70.0166,18.4114],[-70.0389,18.3925],[-70.0558,18.3673],[-70.0624,18.3372],[-70.0677,18.3291],[-70.0907,18.3175],[-70.0959,18.3102],[-70.1,18.2992],[-70.1338,18.2693],[-70.1581,18.2426],[-70.1718,18.2314],[-70.1779,18.2342],[-70.2021,18.2335],[-70.2208,18.2305],[-70.2331,18.2239],[-70.2508,18.2343],[-70.2696,18.2381],[-70.3976,18.2376],[-70.4191,18.2311],[-70.4602,18.2089],[-70.4836,18.2041],[-70.5528,18.2043],[-70.5689,18.2104],[-70.5703,18.2189],[-70.5631,18.2257],[-70.5537,18.2315],[-70.5491,18.2376],[-70.5519,18.2484],[-70.5587,18.2544],[-70.5657,18.2582],[-70.5733,18.268],[-70.5924,18.2799],[-70.5968,18.2891],[-70.5943,18.2991],[-70.5884,18.3036],[-70.5817,18.3071],[-70.5764,18.314],[-70.5718,18.3341],[-70.5712,18.3552],[-70.5739,18.3737],[-70.5795,18.3856],[-70.6014,18.4119],[-70.6147,18.4208],[-70.6378,18.4294],[-70.6575,18.4338],[-70.6825,18.4356],[-70.7038,18.4301],[-70.7129,18.4127],[-70.7095,18.3918],[-70.712,18.3834],[-70.7417,18.3554],[-70.7499,18.3504],[-70.7607,18.3475],[-70.7723,18.3479],[-70.7931,18.3541],[-70.8023,18.3549],[-70.81,18.352],[-70.824,18.3427],[-70.8333,18.3406],[-70.846,18.3422],[-70.8505,18.3396],[-70.8603,18.3307],[-70.8631,18.327],[-70.8694,18.3146],[-70.8706,18.3102],[-70.8733,18.3063],[-70.8867,18.3021],[-70.8917,18.2997],[-70.9183,18.2696],[-70.9325,18.2615],[-70.9562,18.2587],[-70.9658,18.2622],[-70.972,18.2702],[-70.9773,18.2803],[-70.9838,18.2891],[-70.9943,18.2966],[-71.0049,18.301],[-71.0482,18.31],[-71.0683,18.3104],[-71.084,18.3044],[-71.0902,18.2891],[-71.0924,18.2807],[-71.1012,18.2661],[-71.1033,18.255],[-71.1014,18.2421],[-71.0965,18.2351],[-71.0899,18.2287],[-71.0828,18.2177],[-71.0665,18.1633],[-71.0613,18.154],[-71.0611,18.1421],[-71.0806,18.1139],[-71.0972,18.0737],[-71.1918,17.9418],[-71.2001,17.9192],[-71.2043,17.9111],[-71.2137,17.9049],[-71.2336,17.895],[-71.2459,17.8851],[-71.2547,17.8753],[-71.2615,17.8632],[-71.2678,17.8466],[-71.2752,17.8491],[-71.2781,17.8508],[-71.2821,17.854],[-71.2836,17.8467],[-71.2851,17.8442],[-71.2889,17.841],[-71.2821,17.841],[-71.2861,17.8326],[-71.2913,17.8262],[-71.2977,17.822],[-71.3057,17.8205],[-71.3093,17.8164],[-71.3158,17.7965],[-71.3197,17.7892],[-71.3319,17.7724],[-71.3655,17.6784],[-71.3759,17.6601],[-71.4172,17.6048],[-71.4272,17.6093],[-71.4359,17.6171],[-71.4364,17.6213],[-71.4461,17.6293],[-71.5149,17.7378],[-71.5316,17.7551],[-71.5653,17.7675],[-71.6451,17.7573],[-71.6793,17.7653],[-71.6697,17.7724],[-71.6378,17.804],[-71.6309,17.8168],[-71.6324,17.8383],[-71.6366,17.8535],[-71.652,17.882],[-71.6628,17.8977],[-71.6649,17.9035],[-71.6656,17.9155],[-71.6588,17.9533],[-71.6662,17.9708],[-71.6838,17.9902],[-71.7203,18.0191],[-71.7762,18.0393],[-71.7643,18.0695],[-71.7607,18.0868],[-71.7629,18.1158],[-71.7622,18.1325],[-71.7646,18.1437],[-71.7753,18.1723],[-71.7768,18.1818],[-71.774,18.2015],[-71.7661,18.2203],[-71.7217,18.293],[-71.7211,18.294],[-71.7093,18.3133],[-71.7115,18.3161],[-71.7207,18.324],[-71.735,18.3329],[-71.7887,18.3522],[-71.8264,18.3762],[-71.8346,18.3851],[-71.8497,18.4064],[-71.8582,18.4136],[-71.8972,18.4229],[-71.9122,18.4307],[-71.9182,18.4492],[-71.9144,18.4602],[-71.9069,18.4643],[-71.9016,18.4698],[-71.9041,18.4848],[-71.9105,18.4943],[-72.0009,18.5825],[-72.0098,18.5988],[-71.9926,18.6111],[-71.9555,18.6186],[-71.8803,18.6054],[-71.8416,18.618],[-71.8286,18.6313],[-71.808,18.6646],[-71.7943,18.6792],[-71.7918,18.6807],[-71.7849,18.6847],[-71.7581,18.7005],[-71.7441,18.7114],[-71.7321,18.7301],[-71.7253,18.747],[-71.7203,18.7654],[-71.7188,18.7842],[-71.7269,18.8235],[-71.7279,18.8641],[-71.7335,18.8826],[-71.7409,18.8916],[-71.7638,18.9115],[-71.773,18.9217],[-71.7871,18.95],[-71.7963,18.9571],[-71.8197,18.9578],[-71.8445,18.9497],[-71.8625,18.9471],[-71.8654,18.9644],[-71.8481,18.9755],[-71.7968,18.9886],[-71.7837,18.9963],[-71.7403,19.0419],[-71.7104,19.0817],[-71.6953,19.0945],[-71.6614,19.1176],[-71.6488,19.1353],[-71.6437,19.1525],[-71.6391,19.2121],[-71.6517,19.2179],[-71.7165,19.2478],[-71.7495,19.2797],[-71.7537,19.2838],[-71.7716,19.3076],[-71.7765,19.3275],[-71.77,19.3338],[-71.743,19.3484],[-71.7335,19.3555],[-71.7208,19.3859],[-71.7153,19.3917],[-71.7039,19.4146],[-71.7032,19.4593],[-71.7151,19.5375],[-71.7431,19.6001],[-71.7477,19.6228],[-71.746,19.649],[-71.745,19.6649],[-71.7486,19.6826],[-71.7574,19.7101],[-71.7383,19.7061],[-71.7203,19.6975],[-71.7241,19.7172],[-71.7419,19.7558],[-71.7408,19.7657],[-71.7408,19.7732],[-71.7676,19.7745],[-71.7711,19.7851],[-71.7602,19.8009],[-71.7445,19.8172],[-71.74,19.8203],[-71.7349,19.8213],[-71.7237,19.821],[-71.7169,19.8236],[-71.7058,19.8365],[-71.6998,19.8415],[-71.6879,19.846],[-71.679,19.8481],[-71.6703,19.852],[-71.6588,19.862],[-71.6656,19.8745],[-71.6667,19.8857],[-71.6614,19.8936],[-71.6486,19.8967],[-71.6409,19.8956],[-71.6289,19.8904],[-71.6212,19.8893],[-71.6179,19.8914],[-71.611,19.9008],[-71.6073,19.9029],[-71.5046,19.9103],[-71.4785,19.9069],[-71.4527,19.8981],[-71.3572,19.8513],[-71.3292,19.8459],[-71.3026,19.8557],[-71.2825,19.8418],[-71.2681,19.8355],[-71.2237,19.8341],[-71.2121,19.8371],[-71.2093,19.8448],[-71.2088,19.855],[-71.2035,19.8654],[-71.1918,19.8697],[-71.1833,19.8604],[-71.1722,19.8341],[-71.1644,19.8386],[-71.1585,19.8435],[-71.1544,19.8491],[-71.1517,19.8557],[-71.1602,19.8582],[-71.162,19.8594],[-71.1622,19.862],[-71.1654,19.8688],[-71.1497,19.863],[-71.1366,19.8637],[-71.1232,19.8669],[-71.107,19.8688],[-71.0968,19.8762],[-71.0783,19.9091],[-71.0661,19.9166],[-71.0509,19.9202],[-71.0184,19.9355],[-71.0009,19.9377],[-70.9847,19.9337],[-70.9693,19.9252],[-70.961,19.9127],[-70.9662,19.8967]]]}},{"type":"Feature","properties":{"region":"caribbean","name":"Guadeloupe","name_official":"Guadeloupe"},"geometry":{"type":"Polygon","coordinates":[[[-61.6188,15.8523],[-61.6276,15.847],[-61.6383,15.8532],[-61.6346,15.8662],[-61.6247,15.8712],[-61.6211,15.8677],[-61.6161,15.8601],[-61.6188,15.8523]]]}},{"type":"Feature","properties":{"region":"caribbean","name":"Guadeloupe","name_official":"Guadeloupe"},"geometry":{"type":"Polygon","coordinates":[[[-61.5822,15.8618],[-61.5926,15.8584],[-61.5957,15.8629],[-61.5905,15.8676],[-61.5851,15.8707],[-61.5799,15.8808],[-61.5739,15.8834],[-61.568,15.881],[-61.5665,15.8784],[-61.566,15.8768],[-61.565,15.8744],[-61.5705,15.8696],[-61.5822,15.8618]]]}},{"type":"Feature","properties":{"region":"caribbean","name":"Guadeloupe","name_official":"Guadeloupe"},"geometry":{"type":"Polygon","coordinates":[[[-61.2407,15.8818],[-61.2749,15.8738],[-61.3051,15.8785],[-61.3182,15.9045],[-61.3192,15.9111],[-61.3217,15.9191],[-61.3251,15.9258],[-61.3287,15.9287],[-61.332,15.932],[-61.3278,15.9393],[-61.3182,15.9525],[-61.3153,15.9669],[-61.3083,15.9777],[-61.2902,15.9975],[-61.2683,16.0093],[-61.2439,16.004],[-61.224,15.9875],[-61.2124,15.9589],[-61.2049,15.953],[-61.1974,15.9451],[-61.194,15.9321],[-61.1947,15.9196],[-61.1977,15.9106],[-61.2043,15.9028],[-61.2157,15.8939],[-61.2407,15.8818]]]}},{"type":"Feature","properties":{"region":"caribbean","name":"Guadeloupe","name_official":"Guadeloupe"},"geometry":{"type":"Polygon","coordinates":[[[-61.0399,16.3139],[-61.0686,16.3022],[-61.0916,16.3054],[-61.0785,16.3122],[-61.0391,16.3445],[-61.0149,16.354],[-60.9892,16.3464],[-61.0399,16.3139]]]}},{"type":"Feature","properties":{"region":"caribbean","name":"Guadeloupe","name_official":"Guadeloupe"},"geometry":{"type":"Polygon","coordinates":[[[-61.6046,16.2823],[-61.6031,16.2812],[-61.603,16.2822],[-61.5987,16.2855],[-61.5956,16.2816],[-61.5851,16.2713],[-61.5802,16.2821],[-61.5705,16.2897],[-61.558,16.2917],[-61.5517,16.2855],[-61.5492,16.2806],[-61.5554,16.2582],[-61.548,16.2384],[-61.5546,16.2365],[-61.5727,16.2326],[-61.5795,16.2223],[-61.5773,16.1759],[-61.5646,16.1409],[-61.5577,16.0863],[-61.566,16.0335],[-61.5975,15.9967],[-61.6434,15.9704],[-61.6949,15.9492],[-61.6965,15.955],[-61.7024,15.9696],[-61.6949,15.9765],[-61.702,15.9899],[-61.7108,15.9974],[-61.7211,16.0039],[-61.7328,16.014],[-61.7401,16.0258],[-61.7436,16.0373],[-61.7478,16.0467],[-61.7564,16.0522],[-61.7686,16.0876],[-61.7694,16.1665],[-61.7843,16.2023],[-61.7794,16.2172],[-61.784,16.2293],[-61.7919,16.2401],[-61.7974,16.2508],[-61.7978,16.2679],[-61.7939,16.2991],[-61.7974,16.3122],[-61.7876,16.3203],[-61.7708,16.3488],[-61.7564,16.3607],[-61.7379,16.3653],[-61.7286,16.3596],[-61.722,16.3509],[-61.712,16.3464],[-61.687,16.3417],[-61.6501,16.3293],[-61.6158,16.3118],[-61.5987,16.2917],[-61.6129,16.2855],[-61.6046,16.2823]]]}},{"type":"Feature","properties":{"region":"caribbean","name":"Guadeloupe","name_official":"Guadeloupe"},"geometry":{"type":"Polygon","coordinates":[[[-61.3531,16.3403],[-61.3387,16.3327],[-61.3318,16.3402],[-61.3215,16.3349],[-61.3118,16.3342],[-61.3017,16.3345],[-61.2902,16.3327],[-61.2806,16.3271],[-61.2589,16.3092],[-61.253,16.3054],[-61.2426,16.3004],[-61.1884,16.2638],[-61.1692,16.2587],[-61.1636,16.253],[-61.1748,16.244],[-61.1832,16.2441],[-61.2113,16.2507],[-61.2189,16.2542],[-61.2344,16.2583],[-61.4107,16.2195],[-61.4444,16.2051],[-61.4621,16.2023],[-61.4837,16.2059],[-61.5034,16.2133],[-61.5204,16.223],[-61.5338,16.2334],[-61.5441,16.2457],[-61.5483,16.258],[-61.548,16.2711],[-61.5442,16.2854],[-61.5441,16.2855],[-61.5277,16.3378],[-61.5181,16.3489],[-61.4997,16.3532],[-61.4971,16.3568],[-61.4955,16.3651],[-61.4952,16.3745],[-61.4962,16.3812],[-61.5004,16.3856],[-61.5073,16.3898],[-61.5156,16.3931],[-61.5236,16.3948],[-61.5292,16.4305],[-61.5338,16.4394],[-61.5343,16.4493],[-61.5256,16.4623],[-61.5099,16.4804],[-61.5058,16.487],[-61.4962,16.4937],[-61.4653,16.5098],[-61.4625,16.5131],[-61.4593,16.5118],[-61.4268,16.4892],[-61.4094,16.4725],[-61.3976,16.4518],[-61.3932,16.4255],[-61.3957,16.3992],[-61.3942,16.3893],[-61.3865,16.3737],[-61.3766,16.3596],[-61.3657,16.3488],[-61.3531,16.3403]]]}},{"type":"Feature","properties":{"region":"caribbean","name":"Grenada","name_official":"Grenada"},"geometry":{"type":"Polygon","coordinates":[[[-61.6316,12.0441],[-61.6744,12.022],[-61.6744,12.0295],[-61.683,12.0254],[-61.6894,12.0198],[-61.6934,12.0123],[-61.6949,12.0028],[-61.7043,12.0045],[-61.7132,12.0073],[-61.7218,12.0111],[-61.7296,12.0158],[-61.74,12.0069],[-61.7569,12.0034],[-61.7755,12.0043],[-61.7905,12.0084],[-61.7558,12.0303],[-61.7495,12.0363],[-61.746,12.0509],[-61.7489,12.0626],[-61.7538,12.0742],[-61.7564,12.0878],[-61.751,12.1101],[-61.7303,12.1493],[-61.7296,12.1667],[-61.6715,12.2361],[-61.6505,12.2397],[-61.6277,12.2367],[-61.606,12.2234],[-61.6067,12.2203],[-61.6129,12.2144],[-61.6046,12.1975],[-61.6028,12.1829],[-61.6063,12.1338],[-61.6087,12.1268],[-61.6131,12.1199],[-61.6198,12.1046],[-61.6195,12.0967],[-61.6138,12.0804],[-61.6164,12.0773],[-61.6216,12.0749],[-61.6245,12.069],[-61.6257,12.0612],[-61.626,12.053],[-61.6316,12.0441]]]}},{"type":"Feature","properties":{"region":"caribbean","name":"Grenada","name_official":"Grenada"},"geometry":{"type":"Polygon","coordinates":[[[-61.4233,12.4952],[-61.4274,12.4754],[-61.428,12.4547],[-61.4457,12.4598],[-61.4626,12.4551],[-61.4792,12.4467],[-61.4962,12.4404],[-61.4928,12.4465],[-61.4861,12.4622],[-61.4827,12.4683],[-61.4857,12.4688],[-61.4962,12.4683],[-61.4948,12.4723],[-61.4889,12.482],[-61.4673,12.4756],[-61.4543,12.4928],[-61.4435,12.5165],[-61.428,12.5297],[-61.4216,12.5134],[-61.4233,12.4952]]]}},{"type":"Feature","properties":{"region":"caribbean","name":"Haiti","name_official":"Haiti"},"geometry":{"type":"Polygon","coordinates":[[[-73.6942,18.1069],[-73.6879,18.1005],[-73.6764,18.1081],[-73.6709,18.1054],[-73.6669,18.0986],[-73.66,18.0942],[-73.6289,18.0942],[-73.612,18.0932],[-73.5923,18.0893],[-73.578,18.0811],[-73.578,18.067],[-73.5904,18.0594],[-73.6108,18.0576],[-73.6497,18.0595],[-73.6672,18.0631],[-73.6825,18.072],[-73.7077,18.0942],[-73.7045,18.1042],[-73.6999,18.1083],[-73.6942,18.1069]]]}},{"type":"Feature","properties":{"region":"caribbean","name":"Haiti","name_official":"Haiti"},"geometry":{"type":"Polygon","coordinates":[[[-73.7146,18.6013],[-73.7376,18.5882],[-73.7695,18.5884],[-73.7944,18.6019],[-73.7965,18.6286],[-73.7727,18.6393],[-73.74,18.6369],[-73.715,18.6235],[-73.7146,18.6013]]]}},{"type":"Feature","properties":{"region":"caribbean","name":"Haiti","name_official":"Haiti"},"geometry":{"type":"Polygon","coordinates":[[[-72.8205,18.7007],[-72.8311,18.6964],[-72.8382,18.7026],[-72.8472,18.7205],[-72.8557,18.7277],[-72.8634,18.7296],[-72.8859,18.731],[-72.975,18.7499],[-73.0054,18.7521],[-73.0374,18.7596],[-73.1256,18.8136],[-73.2146,18.8366],[-73.2385,18.8515],[-73.2587,18.8785],[-73.2773,18.8911],[-73.2826,18.8955],[-73.2899,18.9042],[-73.2965,18.9145],[-73.2996,18.9255],[-73.2962,18.9365],[-73.2838,18.9497],[-73.2663,18.9608],[-73.246,18.9684],[-73.2245,18.9713],[-73.2008,18.9687],[-73.0619,18.9133],[-72.9934,18.892],[-72.9172,18.8555],[-72.8461,18.8271],[-72.817,18.7931],[-72.8095,18.7715],[-72.8059,18.7457],[-72.8087,18.7204],[-72.8205,18.7007]]]}},{"type":"Feature","properties":{"region":"caribbean","name":"Haiti","name_official":"Haiti"},"geometry":{"type":"Polygon","coordinates":[[[-72.776,19.9439],[-72.674,19.9214],[-72.6488,19.9066],[-72.628,19.8973],[-72.5687,19.8799],[-72.5652,19.8757],[-72.5443,19.8513],[-72.5176,19.8341],[-72.4897,19.8247],[-72.4744,19.8341],[-72.4562,19.8249],[-72.4259,19.8138],[-72.3976,19.807],[-72.3851,19.8105],[-72.3787,19.7947],[-72.3304,19.7521],[-72.3304,19.7458],[-72.3352,19.7479],[-72.3509,19.7521],[-72.3382,19.723],[-72.3339,19.7186],[-72.3162,19.7148],[-72.3124,19.7161],[-72.3162,19.7248],[-72.3031,19.7391],[-72.3064,19.7392],[-72.3129,19.7388],[-72.3162,19.7391],[-72.3159,19.7403],[-72.3138,19.7445],[-72.3114,19.7478],[-72.3099,19.7458],[-72.3099,19.7521],[-72.3122,19.7552],[-72.3162,19.7657],[-72.3099,19.7657],[-72.2951,19.758],[-72.2746,19.7563],[-72.2564,19.7619],[-72.2484,19.7766],[-72.2384,19.7864],[-72.2187,19.7869],[-72.2052,19.7762],[-72.2137,19.7521],[-72.1968,19.7425],[-72.1804,19.7409],[-72.1409,19.7475],[-72.1374,19.7472],[-72.1318,19.7458],[-72.1249,19.7414],[-72.1105,19.7277],[-72.1008,19.7248],[-72.0663,19.7248],[-72.0582,19.7226],[-72.0538,19.718],[-72.0506,19.7133],[-72.0412,19.709],[-72.0277,19.6996],[-72.0185,19.6975],[-72.0108,19.7009],[-72.0057,19.7083],[-71.9993,19.7156],[-71.9879,19.7186],[-71.9689,19.7323],[-71.9405,19.7321],[-71.8916,19.7186],[-71.8647,19.7151],[-71.8576,19.71],[-71.8636,19.6975],[-71.8723,19.6921],[-71.8842,19.6903],[-71.9121,19.6906],[-71.9016,19.6723],[-71.8843,19.6704],[-71.8655,19.6754],[-71.8507,19.6776],[-71.8326,19.6633],[-71.8214,19.6567],[-71.8165,19.6599],[-71.8111,19.6736],[-71.8133,19.6807],[-71.8354,19.6862],[-71.8424,19.6923],[-71.846,19.7011],[-71.8444,19.7111],[-71.8367,19.7174],[-71.8253,19.7166],[-71.7994,19.7111],[-71.7574,19.7101],[-71.7486,19.6826],[-71.745,19.6649],[-71.746,19.649],[-71.7477,19.6228],[-71.7431,19.6001],[-71.7151,19.5375],[-71.7032,19.4593],[-71.7039,19.4146],[-71.7153,19.3917],[-71.7208,19.3859],[-71.7335,19.3555],[-71.743,19.3484],[-71.77,19.3338],[-71.7765,19.3275],[-71.7716,19.3076],[-71.7537,19.2838],[-71.7495,19.2797],[-71.7165,19.2478],[-71.6517,19.2179],[-71.6391,19.2121],[-71.6437,19.1525],[-71.6488,19.1353],[-71.6614,19.1176],[-71.6953,19.0945],[-71.7104,19.0817],[-71.7403,19.0419],[-71.7837,18.9963],[-71.7968,18.9886],[-71.8481,18.9755],[-71.8654,18.9644],[-71.8625,18.9471],[-71.8445,18.9497],[-71.8197,18.9578],[-71.7963,18.9571],[-71.7871,18.95],[-71.773,18.9217],[-71.7638,18.9115],[-71.7409,18.8916],[-71.7335,18.8826],[-71.7279,18.8641],[-71.7269,18.8235],[-71.7188,18.7842],[-71.7203,18.7654],[-71.7253,18.747],[-71.7321,18.7301],[-71.7441,18.7114],[-71.7581,18.7005],[-71.7849,18.6847],[-71.7918,18.6807],[-71.7943,18.6792],[-71.808,18.6646],[-71.8286,18.6313],[-71.8416,18.618],[-71.8803,18.6054],[-71.9555,18.6186],[-71.9926,18.6111],[-72.0098,18.5988],[-72.0009,18.5825],[-71.9105,18.4943],[-71.9041,18.4848],[-71.9016,18.4698],[-71.9069,18.4643],[-71.9144,18.4602],[-71.9182,18.4492],[-71.9122,18.4307],[-71.8972,18.4229],[-71.8582,18.4136],[-71.8497,18.4064],[-71.8346,18.3851],[-71.8264,18.3762],[-71.7887,18.3522],[-71.735,18.3329],[-71.7207,18.324],[-71.7115,18.3161],[-71.7093,18.3133],[-71.7211,18.294],[-71.7217,18.293],[-71.7661,18.2203],[-71.774,18.2015],[-71.7768,18.1818],[-71.7753,18.1723],[-71.7646,18.1437],[-71.7622,18.1325],[-71.7629,18.1158],[-71.7607,18.0868],[-71.7643,18.0695],[-71.7762,18.0393],[-71.7926,18.0499],[-71.8625,18.1365],[-71.893,18.1628],[-71.9281,18.1838],[-72.0067,18.2095],[-72.0393,18.2257],[-72.0718,18.2375],[-72.1107,18.2376],[-72.1905,18.2248],[-72.2945,18.2258],[-72.4403,18.2239],[-72.5188,18.2104],[-72.5389,18.2204],[-72.5509,18.2248],[-72.5563,18.2209],[-72.5495,18.1824],[-72.559,18.1726],[-72.5707,18.1723],[-72.598,18.1824],[-72.6133,18.185],[-72.7309,18.1747],[-72.755,18.1762],[-72.753,18.1716],[-72.7501,18.1603],[-72.7482,18.1557],[-72.763,18.1567],[-72.769,18.1583],[-72.776,18.1632],[-72.8037,18.1461],[-72.8589,18.1513],[-72.8859,18.1414],[-72.9122,18.1559],[-72.9475,18.1691],[-72.9853,18.1787],[-73.0908,18.1898],[-73.1173,18.1886],[-73.1256,18.1898],[-73.1547,18.2075],[-73.1634,18.2104],[-73.2962,18.2308],[-73.3559,18.2249],[-73.3651,18.2274],[-73.3599,18.2404],[-73.3466,18.2453],[-73.3105,18.2451],[-73.3105,18.2513],[-73.3773,18.2581],[-73.4582,18.2575],[-73.4818,18.2513],[-73.514,18.2331],[-73.5262,18.2308],[-73.5342,18.2348],[-73.5428,18.2531],[-73.5501,18.2587],[-73.5635,18.251],[-73.5707,18.2315],[-73.5781,18.2169],[-73.5917,18.2239],[-73.5979,18.2239],[-73.6097,18.2168],[-73.6196,18.2219],[-73.624,18.2348],[-73.619,18.2513],[-73.6332,18.2473],[-73.6456,18.2211],[-73.66,18.2104],[-73.6593,18.2238],[-73.656,18.2358],[-73.6463,18.2587],[-73.6542,18.2527],[-73.6654,18.2385],[-73.6736,18.2308],[-73.6744,18.2332],[-73.6802,18.2354],[-73.691,18.2376],[-73.6946,18.2359],[-73.6942,18.2319],[-73.693,18.2274],[-73.6941,18.2239],[-73.7378,18.1907],[-73.8093,18.1592],[-73.8275,18.142],[-73.8449,18.1147],[-73.8028,18.0719],[-73.7965,18.0563],[-73.7914,18.0367],[-73.7938,18.029],[-73.807,18.0259],[-73.8733,18.0262],[-73.883,18.0277],[-73.8927,18.0322],[-73.9,18.0391],[-73.9038,18.0539],[-73.9678,18.1414],[-73.9709,18.1437],[-73.9785,18.1469],[-73.982,18.1489],[-73.9856,18.1527],[-73.9864,18.1557],[-73.9869,18.1589],[-73.9896,18.1632],[-74.0082,18.1798],[-74.1051,18.2476],[-74.1224,18.2557],[-74.1529,18.2606],[-74.1658,18.2656],[-74.1767,18.2732],[-74.1813,18.2826],[-74.1834,18.2933],[-74.1891,18.2965],[-74.1976,18.2971],[-74.208,18.2997],[-74.2338,18.3093],[-74.2422,18.314],[-74.2489,18.3065],[-74.2678,18.313],[-74.2878,18.3049],[-74.3089,18.2925],[-74.3309,18.286],[-74.3494,18.2897],[-74.3722,18.2985],[-74.3916,18.3088],[-74.3998,18.3171],[-74.4083,18.3283],[-74.4459,18.3464],[-74.4544,18.3648],[-74.4567,18.3843],[-74.4632,18.3982],[-74.4892,18.4294],[-74.4544,18.4778],[-74.4574,18.4818],[-74.4618,18.4914],[-74.4435,18.5038],[-74.4318,18.5501],[-74.4169,18.5604],[-74.4141,18.5656],[-74.4158,18.5773],[-74.4198,18.5898],[-74.4237,18.5976],[-74.4263,18.6082],[-74.4185,18.6175],[-74.3846,18.6363],[-74.3402,18.6534],[-74.3213,18.6566],[-74.2982,18.6512],[-74.288,18.6515],[-74.2838,18.6597],[-74.2788,18.6666],[-74.2677,18.6696],[-74.2559,18.6703],[-74.1998,18.6673],[-74.16,18.6592],[-74.0291,18.6037],[-73.9715,18.6013],[-73.9695,18.5998],[-73.963,18.5928],[-73.9616,18.5908],[-73.9593,18.583],[-73.9537,18.5836],[-73.9468,18.587],[-73.9405,18.5876],[-73.9114,18.5732],[-73.8985,18.5688],[-73.8536,18.5672],[-73.8429,18.5653],[-73.8312,18.5604],[-73.8097,18.5428],[-73.8033,18.5393],[-73.793,18.5385],[-73.7881,18.5413],[-73.7847,18.5449],[-73.7794,18.5467],[-73.7694,18.5452],[-73.7571,18.5394],[-73.7481,18.5393],[-73.742,18.5419],[-73.7292,18.5509],[-73.7251,18.5529],[-73.7239,18.5553],[-73.7112,18.5703],[-73.7045,18.5735],[-73.6965,18.5738],[-73.6883,18.5731],[-73.6804,18.5734],[-73.6351,18.5859],[-73.6221,18.5876],[-73.5864,18.5792],[-73.5858,18.562],[-73.6061,18.549],[-73.6326,18.5529],[-73.6326,18.5467],[-73.6542,18.5536],[-73.6735,18.5561],[-73.6928,18.554],[-73.7146,18.5467],[-73.708,18.5424],[-73.6914,18.534],[-73.6749,18.5302],[-73.6738,18.5243],[-73.6742,18.5167],[-73.6698,18.5089],[-73.6522,18.5014],[-73.6204,18.5058],[-73.6047,18.4983],[-73.5697,18.5184],[-73.5267,18.5235],[-73.3685,18.5119],[-73.3483,18.5076],[-73.3085,18.4883],[-73.2862,18.484],[-73.2061,18.4868],[-73.167,18.4835],[-73.1317,18.471],[-73.1131,18.4608],[-73.098,18.4553],[-73.0812,18.4542],[-73.0559,18.4584],[-72.9856,18.4704],[-72.899,18.4505],[-72.9042,18.4341],[-72.8851,18.4377],[-72.8583,18.4467],[-72.8406,18.4468],[-72.826,18.4408],[-72.755,18.4294],[-72.7165,18.4377],[-72.6893,18.4597],[-72.6693,18.4905],[-72.6526,18.5256],[-72.6283,18.5541],[-72.5965,18.5609],[-72.4298,18.5467],[-72.4237,18.5488],[-72.4211,18.5535],[-72.4195,18.5583],[-72.4161,18.5604],[-72.4098,18.5591],[-72.4069,18.5566],[-72.4049,18.5541],[-72.4018,18.5529],[-72.381,18.5307],[-72.3714,18.5256],[-72.3538,18.5301],[-72.3457,18.5469],[-72.3434,18.5701],[-72.3451,18.631],[-72.3434,18.6423],[-72.3364,18.6558],[-72.3287,18.6639],[-72.3251,18.6714],[-72.3304,18.6833],[-72.3394,18.6894],[-72.3851,18.7106],[-72.3974,18.7126],[-72.4217,18.7134],[-72.4335,18.7168],[-72.4537,18.7333],[-72.4718,18.7541],[-72.4911,18.7685],[-72.5154,18.7658],[-72.5495,18.7856],[-72.5581,18.7946],[-72.5665,18.8136],[-72.6178,18.8893],[-72.6319,18.9031],[-72.652,18.9186],[-72.673,18.9313],[-72.6901,18.9365],[-72.7087,18.9455],[-72.8135,19.0529],[-72.8183,19.0786],[-72.776,19.0948],[-72.7377,19.0972],[-72.7165,19.1039],[-72.7072,19.1186],[-72.7131,19.1374],[-72.7277,19.1472],[-72.7458,19.1538],[-72.7624,19.1631],[-72.773,19.1758],[-72.797,19.216],[-72.8034,19.2319],[-72.7965,19.2366],[-72.7958,19.2383],[-72.7969,19.2403],[-72.796,19.2456],[-72.7862,19.2543],[-72.7752,19.2773],[-72.7686,19.2866],[-72.7577,19.2917],[-72.7418,19.2947],[-72.7257,19.2953],[-72.714,19.2934],[-72.7283,19.3204],[-72.7387,19.3259],[-72.7587,19.3276],[-72.7706,19.3362],[-72.7745,19.3557],[-72.7729,19.3765],[-72.7686,19.389],[-72.7623,19.3828],[-72.754,19.3773],[-72.7444,19.3745],[-72.7345,19.3759],[-72.7235,19.3835],[-72.7229,19.3908],[-72.7264,19.3991],[-72.7281,19.4221],[-72.7306,19.4264],[-72.7283,19.4256],[-72.714,19.4232],[-72.709,19.4202],[-72.702,19.4145],[-72.6924,19.4097],[-72.6798,19.4095],[-72.6991,19.4459],[-72.7092,19.4512],[-72.7609,19.4543],[-72.774,19.4634],[-72.7828,19.4767],[-72.796,19.492],[-72.8148,19.5048],[-72.8785,19.5324],[-72.9315,19.5635],[-72.9505,19.5678],[-72.9669,19.575],[-73.0022,19.6035],[-73.0089,19.605],[-73.0189,19.6007],[-73.0808,19.6224],[-73.0911,19.6235],[-73.1107,19.6281],[-73.1208,19.6291],[-73.1221,19.6292],[-73.1272,19.6269],[-73.1318,19.6221],[-73.1384,19.6171],[-73.1491,19.6149],[-73.1639,19.6184],[-73.186,19.6271],[-73.2076,19.6384],[-73.2211,19.6496],[-73.2413,19.631],[-73.2843,19.6257],[-73.3795,19.6303],[-73.3984,19.635],[-73.4095,19.636],[-73.4166,19.6403],[-73.4342,19.6591],[-73.444,19.6633],[-73.4578,19.6722],[-73.4634,19.6921],[-73.4652,19.7131],[-73.4681,19.7248],[-73.4324,19.779],[-73.4272,19.7903],[-73.4173,19.7905],[-73.3651,19.8135],[-73.3651,19.821],[-73.4203,19.821],[-73.4042,19.8325],[-73.3851,19.8344],[-73.3647,19.8328],[-73.3446,19.8341],[-73.2228,19.8869],[-73.1871,19.9114],[-73.1671,19.9377],[-73.1551,19.924],[-73.1437,19.9203],[-73.1153,19.9234],[-73.1007,19.9214],[-73.0743,19.9123],[-73.0604,19.9103],[-73.0485,19.9106],[-73.0418,19.9115],[-73.0218,19.9166],[-73.0071,19.9184],[-72.9918,19.9172],[-72.9779,19.9123],[-72.9673,19.9029],[-72.9601,19.9184],[-72.9413,19.928],[-72.9183,19.9302],[-72.899,19.9234],[-72.8723,19.9338],[-72.8404,19.9416],[-72.8071,19.9456],[-72.776,19.9439]]]}},{"type":"Feature","properties":{"region":"caribbean","name":"Haiti","name_official":"Haiti"},"geometry":{"type":"Polygon","coordinates":[[[-72.7624,20.0674],[-72.6678,20.0323],[-72.6276,20.0082],[-72.6389,19.9848],[-72.6551,19.9914],[-72.7399,20.0024],[-72.7792,20.017],[-72.8277,20.0273],[-72.8443,20.0345],[-72.8558,20.0324],[-72.8677,20.0282],[-72.8785,20.0264],[-72.8994,20.0304],[-72.9239,20.0382],[-72.9461,20.0488],[-72.9604,20.0612],[-72.956,20.0612],[-72.9532,20.0625],[-72.9474,20.0674],[-72.9011,20.082],[-72.8506,20.0885],[-72.8217,20.0898],[-72.8024,20.0872],[-72.7851,20.08],[-72.7624,20.0674]]]}},{"type":"Feature","properties":{"region":"caribbean","name":"Jamaica","name_official":"Jamaica"},"geometry":{"type":"Polygon","coordinates":[[[-76.2637,18.0124],[-76.2568,17.9963],[-76.2488,17.9779],[-76.234,17.9539],[-76.2152,17.935],[-76.188,17.9155],[-76.1984,17.9074],[-76.2501,17.895],[-76.2865,17.8759],[-76.3074,17.8701],[-76.3252,17.8745],[-76.3182,17.8793],[-76.3154,17.8827],[-76.3115,17.895],[-76.3296,17.8887],[-76.3456,17.8659],[-76.363,17.8608],[-76.3785,17.8651],[-76.3966,17.873],[-76.4149,17.8775],[-76.4449,17.8668],[-76.5235,17.8603],[-76.579,17.8683],[-76.5871,17.868],[-76.5946,17.8666],[-76.6028,17.8676],[-76.6131,17.8745],[-76.6177,17.8835],[-76.6197,17.8951],[-76.6227,17.905],[-76.6305,17.9092],[-76.6386,17.9116],[-76.644,17.9172],[-76.6486,17.9239],[-76.6548,17.9291],[-76.6848,17.936],[-76.6923,17.94],[-76.7077,17.9459],[-76.7284,17.9448],[-76.7646,17.9366],[-76.7801,17.9348],[-76.8323,17.9366],[-76.8323,17.9434],[-76.7224,17.9496],[-76.7293,17.956],[-76.7344,17.9606],[-76.7475,17.9634],[-76.7777,17.9639],[-76.7982,17.9634],[-76.8191,17.9753],[-76.8368,17.9864],[-76.85,17.9923],[-76.8531,17.982],[-76.8578,17.9714],[-76.8702,17.958],[-76.874,17.9503],[-76.8872,17.9519],[-76.891,17.9445],[-76.8949,17.9217],[-76.9128,17.8613],[-76.9261,17.8433],[-76.9421,17.8336],[-76.9553,17.8334],[-76.964,17.8372],[-76.9721,17.8424],[-76.9831,17.8466],[-77.0383,17.8466],[-77.0383,17.854],[-77.0172,17.8608],[-77.028,17.8698],[-77.0415,17.8872],[-77.052,17.895],[-77.0642,17.8995],[-77.093,17.9025],[-77.1191,17.8938],[-77.1417,17.8811],[-77.1581,17.8499],[-77.162,17.8408],[-77.1544,17.8131],[-77.1617,17.8103],[-77.1744,17.8029],[-77.1817,17.8],[-77.1791,17.7947],[-77.1774,17.7846],[-77.1749,17.7783],[-77.1856,17.7829],[-77.1964,17.7834],[-77.2068,17.7799],[-77.2165,17.7721],[-77.1989,17.7618],[-77.1803,17.7579],[-77.1609,17.7594],[-77.1407,17.7653],[-77.1306,17.7277],[-77.1337,17.7104],[-77.1581,17.7032],[-77.1789,17.7042],[-77.1976,17.7082],[-77.2161,17.7167],[-77.3029,17.7908],[-77.3209,17.8124],[-77.3956,17.8539],[-77.4177,17.8617],[-77.441,17.8647],[-77.4595,17.8574],[-77.4806,17.8437],[-77.5018,17.8419],[-77.5455,17.854],[-77.5884,17.861],[-77.7239,17.8536],[-77.7307,17.8548],[-77.7515,17.8683],[-77.7867,17.885],[-77.7956,17.8915],[-77.7999,17.8991],[-77.8103,17.9248],[-77.8124,17.9328],[-77.8162,17.9392],[-77.8341,17.9453],[-77.8397,17.9496],[-77.8411,17.9706],[-77.8393,17.9958],[-77.8456,18.017],[-77.871,18.0259],[-77.9403,18.0265],[-77.9563,18.0322],[-77.98,18.0845],[-77.9879,18.0954],[-77.9964,18.101],[-78.0064,18.1059],[-78.0144,18.1079],[-78.0206,18.1131],[-78.0254,18.1252],[-78.0315,18.1489],[-78.0503,18.1851],[-78.0752,18.1984],[-78.1488,18.1967],[-78.1938,18.2039],[-78.2102,18.2041],[-78.2196,18.1959],[-78.2273,18.1918],[-78.234,18.1932],[-78.2587,18.2026],[-78.2611,18.2041],[-78.2751,18.2062],[-78.3059,18.2156],[-78.3232,18.2177],[-78.3407,18.2219],[-78.3577,18.2327],[-78.3703,18.2481],[-78.3747,18.2656],[-78.3691,18.2739],[-78.3543,18.2838],[-78.3473,18.2922],[-78.3444,18.3054],[-78.3458,18.3355],[-78.3439,18.3441],[-78.3363,18.3559],[-78.3354,18.3634],[-78.3319,18.3674],[-78.3164,18.3686],[-78.3066,18.3747],[-78.2987,18.3864],[-78.2884,18.3944],[-78.2716,18.3891],[-78.2613,18.4174],[-78.2306,18.4442],[-78.195,18.4555],[-78.1693,18.4368],[-78.1544,18.4535],[-78.1385,18.4538],[-78.12,18.4473],[-78.0972,18.4431],[-78.0325,18.4506],[-78.011,18.4505],[-78.0002,18.4467],[-77.9924,18.444],[-77.9814,18.4414],[-77.97,18.4431],[-77.9598,18.4499],[-77.9589,18.4564],[-77.9591,18.4641],[-77.953,18.4744],[-77.9303,18.502],[-77.92,18.5112],[-77.9023,18.5188],[-77.8619,18.5251],[-77.8161,18.5234],[-77.7355,18.5067],[-77.6645,18.4919],[-77.5673,18.4902],[-77.5243,18.4802],[-77.455,18.4753],[-77.4289,18.4692],[-77.4083,18.4573],[-77.3765,18.4652],[-77.3253,18.465],[-77.2726,18.4594],[-77.2363,18.4505],[-77.2318,18.446],[-77.2281,18.4337],[-77.2233,18.4294],[-77.2174,18.4293],[-77.212,18.4318],[-77.2089,18.435],[-77.2096,18.4368],[-77.1649,18.4294],[-77.1594,18.4262],[-77.1426,18.4121],[-77.1374,18.4089],[-77.1047,18.4079],[-77.0703,18.4134],[-77.052,18.4163],[-77.04,18.4135],[-77.0192,18.4041],[-77.0073,18.4021],[-76.9482,18.4045],[-76.9366,18.4103],[-76.9203,18.4122],[-76.9071,18.4112],[-76.8949,18.4093],[-76.8878,18.4006],[-76.8909,18.3899],[-76.8909,18.3764],[-76.8798,18.3668],[-76.8442,18.3454],[-76.8128,18.328],[-76.8076,18.3183],[-76.7983,18.2921],[-76.7924,18.2834],[-76.7828,18.2778],[-76.7646,18.273],[-76.7129,18.2692],[-76.6957,18.2656],[-76.681,18.2581],[-76.662,18.2398],[-76.6473,18.2308],[-76.6304,18.2257],[-76.5972,18.2277],[-76.5798,18.216],[-76.5742,18.2147],[-76.5692,18.2101],[-76.5631,18.206],[-76.5548,18.2041],[-76.4797,18.2041],[-76.4745,18.2011],[-76.4666,18.1868],[-76.463,18.1824],[-76.3894,18.1692],[-76.3511,18.156],[-76.3463,18.1352],[-76.3179,18.1093],[-76.2958,18.0792],[-76.2637,18.0124]]]}},{"type":"Feature","properties":{"region":"caribbean","name":"Saint Kitts and Nevis","name_official":"Saint Kitts and Nevis"},"geometry":{"type":"Polygon","coordinates":[[[-62.5476,17.1046],[-62.5657,17.1005],[-62.6122,17.1042],[-62.6264,17.1407],[-62.6186,17.1828],[-62.5992,17.2029],[-62.5784,17.2025],[-62.5604,17.1967],[-62.5465,17.1838],[-62.5384,17.1619],[-62.5373,17.1529],[-62.5368,17.1297],[-62.5384,17.121],[-62.5436,17.1089],[-62.5476,17.1046]]]}},{"type":"Feature","properties":{"region":"caribbean","name":"Saint Kitts and Nevis","name_official":"Saint Kitts and Nevis"},"geometry":{"type":"Polygon","coordinates":[[[-62.6955,17.3332],[-62.6781,17.2922],[-62.6669,17.2735],[-62.6505,17.2656],[-62.6368,17.2582],[-62.6248,17.2418],[-62.6247,17.2253],[-62.647,17.2172],[-62.6597,17.2255],[-62.6705,17.2632],[-62.6903,17.275],[-62.7034,17.2891],[-62.7126,17.2923],[-62.744,17.2906],[-62.7569,17.2923],[-62.7887,17.3047],[-62.8316,17.3301],[-62.8611,17.3623],[-62.8531,17.3947],[-62.8492,17.3981],[-62.8465,17.4],[-62.8436,17.4011],[-62.8389,17.4022],[-62.8266,17.4072],[-62.8223,17.4101],[-62.8196,17.4158],[-62.72,17.3585],[-62.6955,17.3332]]]}},{"type":"Feature","properties":{"region":"caribbean","name":"Saint Lucia","name_official":"Saint Lucia"},"geometry":{"type":"Polygon","coordinates":[[[-60.8868,14.0101],[-60.883,13.9806],[-60.883,13.9544],[-60.8951,13.8773],[-60.8922,13.8332],[-60.9046,13.7842],[-60.9073,13.7773],[-60.9103,13.7761],[-60.9228,13.7727],[-60.9271,13.7699],[-60.9318,13.7603],[-60.9408,13.7221],[-60.947,13.7163],[-60.9501,13.7147],[-60.9551,13.7147],[-60.9734,13.739],[-61.0482,13.7673],[-61.0649,13.7869],[-61.0681,13.7922],[-61.0742,13.7987],[-61.0781,13.8063],[-61.0712,13.822],[-61.0701,13.8321],[-61.0712,13.8518],[-61.0727,13.8582],[-61.0756,13.8633],[-61.0781,13.8696],[-61.0785,13.8798],[-61.0759,13.8904],[-61.0669,13.909],[-61.0649,13.9173],[-61.0595,13.9312],[-61.0356,13.9649],[-61.0266,13.9874],[-61.0023,14.0231],[-60.9971,14.0272],[-60.9873,14.0325],[-60.9823,14.0373],[-60.98,14.0435],[-60.9761,14.0612],[-60.9721,14.0681],[-60.9476,14.1023],[-60.9335,14.1119],[-60.9141,14.1057],[-60.9186,14.0884],[-60.9119,14.0795],[-60.901,14.0734],[-60.893,14.0647],[-60.8902,14.0522],[-60.8868,14.0101]]]}},{"type":"Feature","properties":{"region":"caribbean","name":"Saint Martin","name_official":"Saint Martin"},"geometry":{"type":"Polygon","coordinates":[[[-63.0176,18.0334],[-63.0859,18.0585],[-63.107,18.0621],[-63.107,18.067],[-63.1153,18.0654],[-63.1305,18.0602],[-63.1343,18.0595],[-63.1439,18.0647],[-63.1468,18.0703],[-63.1436,18.0742],[-63.1138,18.0747],[-63.0961,18.0788],[-63.0838,18.088],[-63.0791,18.1042],[-63.0709,18.11],[-63.0521,18.1168],[-63.0314,18.1219],[-63.0176,18.1221],[-63.0179,18.1005],[-63.0111,18.0707],[-63.0107,18.0408],[-63.0176,18.0334]]]}},{"type":"Feature","properties":{"region":"caribbean","name":"Montserrat","name_official":"Montserrat"},"geometry":{"type":"Polygon","coordinates":[[[-62.1474,16.7443],[-62.1477,16.737],[-62.1518,16.7245],[-62.1508,16.7204],[-62.1476,16.7159],[-62.1439,16.709],[-62.1412,16.7018],[-62.1405,16.6965],[-62.144,16.6882],[-62.1498,16.6818],[-62.1578,16.6773],[-62.1679,16.6754],[-62.2189,16.6887],[-62.2301,16.7276],[-62.2189,16.7763],[-62.202,16.8193],[-62.1894,16.8144],[-62.1829,16.8127],[-62.1747,16.8131],[-62.1793,16.7945],[-62.17,16.777],[-62.1563,16.7603],[-62.1474,16.7443]]]}},{"type":"Feature","properties":{"region":"caribbean","name":"Martinique","name_official":"Martinique"},"geometry":{"type":"Polygon","coordinates":[[[-60.8104,14.462],[-60.8227,14.4567],[-60.8348,14.4276],[-60.8452,14.4141],[-60.8564,14.4094],[-60.8706,14.4081],[-60.8825,14.4133],[-60.8868,14.4278],[-60.8808,14.438],[-60.8695,14.4415],[-60.8599,14.4467],[-60.8589,14.462],[-60.8685,14.476],[-60.8822,14.4705],[-60.8981,14.4609],[-60.9141,14.462],[-60.9134,14.4721],[-60.92,14.4734],[-60.9476,14.4687],[-61.006,14.4763],[-61.0216,14.474],[-61.0464,14.4642],[-61.0612,14.462],[-61.0696,14.4667],[-61.0916,14.4968],[-61.0911,14.5042],[-61.0924,14.5083],[-61.0968,14.5115],[-61.1059,14.5166],[-61.0785,14.5446],[-61.0523,14.5571],[-61.0438,14.565],[-61.0333,14.5499],[-61.0177,14.5453],[-61.0033,14.5505],[-60.996,14.565],[-60.9994,14.5714],[-61.007,14.5819],[-61.0143,14.5959],[-61.0165,14.6128],[-61.0314,14.6078],[-61.0436,14.6055],[-61.0543,14.6051],[-61.0649,14.6059],[-61.0859,14.6046],[-61.0916,14.6059],[-61.0959,14.6103],[-61.1022,14.6222],[-61.1059,14.6265],[-61.1416,14.6501],[-61.1596,14.6669],[-61.1673,14.6848],[-61.1681,14.6911],[-61.1702,14.6964],[-61.1736,14.7012],[-61.1779,14.7059],[-61.1816,14.713],[-61.18,14.7197],[-61.1767,14.7261],[-61.1748,14.7329],[-61.1771,14.7449],[-61.183,14.7564],[-61.1905,14.7663],[-61.2191,14.7955],[-61.2262,14.8078],[-61.2288,14.822],[-61.2262,14.8355],[-61.2195,14.8465],[-61.2106,14.8544],[-61.171,14.8764],[-61.1359,14.8769],[-61.102,14.8662],[-61.0579,14.8387],[-61.0186,14.8217],[-61.0023,14.8114],[-60.9982,14.8042],[-60.9957,14.7954],[-60.9906,14.7879],[-60.979,14.7847],[-60.9613,14.7499],[-60.9469,14.7614],[-60.9266,14.7711],[-60.9032,14.7771],[-60.8793,14.7773],[-60.8863,14.7716],[-60.8924,14.7678],[-60.8954,14.7638],[-60.893,14.7574],[-60.9141,14.7363],[-60.9262,14.7556],[-60.9338,14.7503],[-60.9367,14.7313],[-60.9346,14.709],[-60.9262,14.7127],[-60.9189,14.7122],[-60.9127,14.7086],[-60.9073,14.7028],[-60.9346,14.6885],[-60.9271,14.6811],[-60.9393,14.675],[-60.9375,14.6664],[-60.9289,14.6635],[-60.9203,14.6749],[-60.8868,14.6605],[-60.8944,14.6598],[-60.8983,14.658],[-60.9017,14.6559],[-60.9073,14.6538],[-60.901,14.6386],[-60.8934,14.6308],[-60.8732,14.6196],[-60.8702,14.6144],[-60.8688,14.6076],[-60.8651,14.6017],[-60.8555,14.5991],[-60.8484,14.5961],[-60.845,14.5886],[-60.8443,14.5795],[-60.8452,14.5712],[-60.8321,14.5786],[-60.8358,14.5657],[-60.8364,14.553],[-60.833,14.541],[-60.8248,14.5302],[-60.8309,14.5271],[-60.8334,14.5244],[-60.8351,14.5212],[-60.8384,14.5166],[-60.8253,14.5104],[-60.8198,14.4966],[-60.8166,14.4809],[-60.8104,14.4687],[-60.8104,14.462]]]}},{"type":"Feature","properties":{"region":"caribbean","name":"Caribbean Netherlands","name_official":"Caribbean Netherlands"},"geometry":{"type":"Polygon","coordinates":[[[-68.2373,12.0268],[-68.2425,12.022],[-68.2542,12.0236],[-68.2597,12.0281],[-68.2806,12.0722],[-68.2854,12.0901],[-68.2873,12.1083],[-68.2828,12.1396],[-68.2822,12.1599],[-68.2873,12.1803],[-68.3026,12.2029],[-68.3213,12.2139],[-68.3698,12.2213],[-68.3918,12.2278],[-68.4107,12.2403],[-68.4174,12.257],[-68.4033,12.2765],[-68.4108,12.2827],[-68.4065,12.2946],[-68.4001,12.3044],[-68.3905,12.3102],[-68.3766,12.31],[-68.3615,12.3022],[-68.3404,12.275],[-68.3319,12.269],[-68.3148,12.2648],[-68.2525,12.2355],[-68.2205,12.2311],[-68.2115,12.2281],[-68.2047,12.2232],[-68.1942,12.2139],[-68.19,12.2048],[-68.2016,12.2008],[-68.2108,12.1901],[-68.2036,12.1378],[-68.2053,12.1182],[-68.2139,12.1118],[-68.2322,12.1107],[-68.2388,12.1046],[-68.2384,12.0958],[-68.2283,12.07],[-68.2258,12.0602],[-68.2275,12.0507],[-68.2318,12.038],[-68.2373,12.0268]]]}},{"type":"Feature","properties":{"region":"caribbean","name":"Caribbean Netherlands","name_official":"Caribbean Netherlands"},"geometry":{"type":"Polygon","coordinates":[[[-62.9489,17.4724],[-62.9587,17.4646],[-62.9811,17.4677],[-62.9947,17.4921],[-62.9971,17.5256],[-62.9838,17.5177],[-62.9773,17.5041],[-62.9653,17.4989],[-62.9451,17.4854],[-62.9489,17.4724]]]}},{"type":"Feature","properties":{"region":"caribbean","name":"Caribbean Netherlands","name_official":"Caribbean Netherlands"},"geometry":{"type":"Polygon","coordinates":[[[-63.2295,17.6182],[-63.2384,17.6147],[-63.2513,17.6238],[-63.2489,17.6404],[-63.2384,17.6469],[-63.2303,17.6423],[-63.2237,17.6292],[-63.2295,17.6182]]]}},{"type":"Feature","properties":{"region":"caribbean","name":"Puerto Rico","name_official":"Puerto Rico"},"geometry":{"type":"Polygon","coordinates":[[[-67.8732,18.0535],[-67.8826,18.0526],[-67.892,18.0535],[-67.8962,18.0563],[-67.9027,18.0654],[-67.9311,18.0805],[-67.9378,18.0942],[-67.9313,18.1087],[-67.9197,18.1145],[-67.8619,18.1161],[-67.8559,18.1147],[-67.8443,18.1046],[-67.8441,18.0976],[-67.8498,18.0906],[-67.8599,18.0731],[-67.8642,18.0688],[-67.8675,18.0642],[-67.8689,18.0563],[-67.8732,18.0535]]]}},{"type":"Feature","properties":{"region":"caribbean","name":"Puerto Rico","name_official":"Puerto Rico"},"geometry":{"type":"Polygon","coordinates":[[[-65.2757,18.1372],[-65.2831,18.1335],[-65.3098,18.1352],[-65.3166,18.1328],[-65.3356,18.1203],[-65.3408,18.1147],[-65.3477,18.1147],[-65.3566,18.1229],[-65.3712,18.1195],[-65.3902,18.112],[-65.4686,18.0944],[-65.4842,18.0873],[-65.5049,18.0937],[-65.536,18.0901],[-65.5651,18.0939],[-65.5804,18.1221],[-65.5649,18.1226],[-65.5599,18.1221],[-65.5402,18.1238],[-65.5203,18.1309],[-65.5022,18.1413],[-65.4879,18.1523],[-65.4785,18.157],[-65.3985,18.1693],[-65.3858,18.1672],[-65.3511,18.1557],[-65.2986,18.1537],[-65.2856,18.1489],[-65.2757,18.1372]]]}},{"type":"Feature","properties":{"region":"caribbean","name":"Puerto Rico","name_official":"Puerto Rico"},"geometry":{"type":"Polygon","coordinates":[[[-65.2567,18.3239],[-65.2446,18.3065],[-65.2475,18.3059],[-65.2583,18.3065],[-65.2515,18.2997],[-65.2621,18.2992],[-65.2704,18.3014],[-65.276,18.3063],[-65.2788,18.314],[-65.2856,18.314],[-65.2765,18.2969],[-65.2748,18.289],[-65.2788,18.2792],[-65.2926,18.3],[-65.3343,18.3371],[-65.3341,18.3406],[-65.3094,18.3408],[-65.2809,18.3353],[-65.2567,18.3239]]]}},{"type":"Feature","properties":{"region":"caribbean","name":"Puerto Rico","name_official":"Puerto Rico"},"geometry":{"type":"Polygon","coordinates":[[[-67.0124,18.5058],[-66.9073,18.4853],[-66.8035,18.4983],[-66.7892,18.4965],[-66.7517,18.484],[-66.7368,18.4831],[-66.6977,18.4914],[-66.6409,18.4964],[-66.6143,18.4932],[-66.5878,18.484],[-66.5714,18.487],[-66.5071,18.4864],[-66.4674,18.4753],[-66.3824,18.4914],[-66.3039,18.4688],[-66.2581,18.4815],[-66.2052,18.4654],[-66.194,18.4736],[-66.1809,18.4715],[-66.1737,18.463],[-66.1701,18.4573],[-66.1616,18.4533],[-66.152,18.4587],[-66.1441,18.4687],[-66.1341,18.4659],[-66.1375,18.4528],[-66.1181,18.443],[-66.1149,18.4332],[-66.1085,18.4206],[-66.0932,18.4198],[-66.0602,18.4294],[-66.0602,18.4368],[-66.0768,18.4389],[-66.095,18.4477],[-66.1094,18.4614],[-66.1216,18.4735],[-66.0559,18.4538],[-66.0397,18.4505],[-66.0282,18.4469],[-66.0121,18.444],[-65.9977,18.4502],[-65.9889,18.4631],[-65.9662,18.4584],[-65.9204,18.4459],[-65.9048,18.4559],[-65.8928,18.4536],[-65.8805,18.4448],[-65.8483,18.4379],[-65.8308,18.4287],[-65.8126,18.4104],[-65.8016,18.4154],[-65.7942,18.4254],[-65.7883,18.4232],[-65.7871,18.4183],[-65.7923,18.4128],[-65.7963,18.405],[-65.7888,18.4067],[-65.7784,18.4107],[-65.772,18.4146],[-65.755,18.391],[-65.7381,18.3824],[-65.7248,18.3913],[-65.698,18.3711],[-65.6632,18.3664],[-65.6457,18.3784],[-65.6378,18.3857],[-65.6294,18.3911],[-65.6214,18.3891],[-65.621,18.3823],[-65.6308,18.3328],[-65.633,18.291],[-65.6288,18.2792],[-65.6329,18.2669],[-65.6258,18.2598],[-65.6176,18.2563],[-65.6037,18.2629],[-65.6066,18.2536],[-65.6038,18.2463],[-65.5918,18.2309],[-65.6021,18.2238],[-65.6035,18.2153],[-65.6124,18.2145],[-65.6222,18.2293],[-65.6334,18.2292],[-65.637,18.2186],[-65.6272,18.2059],[-65.6368,18.1981],[-65.6487,18.2001],[-65.6655,18.2084],[-65.683,18.2028],[-65.7013,18.1942],[-65.721,18.1898],[-65.7375,18.1827],[-65.7549,18.1662],[-65.7903,18.114],[-65.7931,18.0876],[-65.807,18.0703],[-65.8122,18.0673],[-65.8353,18.0625],[-65.8405,18.0563],[-65.8303,18.0269],[-65.8497,18.0097],[-65.8872,17.9877],[-65.9391,17.9705],[-65.9617,17.971],[-65.9845,17.9757],[-66.005,17.9775],[-66.0171,17.9751],[-66.0465,17.9639],[-66.0536,17.9631],[-66.0841,17.9639],[-66.1046,17.9589],[-66.1632,17.9291],[-66.1756,17.9282],[-66.1866,17.9286],[-66.1963,17.9277],[-66.2042,17.9229],[-66.2086,17.9291],[-66.2098,17.9319],[-66.2104,17.9366],[-66.1996,17.9396],[-66.197,17.9444],[-66.2012,17.9505],[-66.2104,17.9571],[-66.2299,17.9404],[-66.2414,17.9373],[-66.2555,17.9407],[-66.2831,17.9434],[-66.2926,17.9457],[-66.2977,17.9514],[-66.3014,17.9582],[-66.3066,17.9639],[-66.3192,17.9704],[-66.3281,17.9723],[-66.3445,17.9713],[-66.3677,17.966],[-66.3961,17.9473],[-66.4165,17.9496],[-66.4359,17.964],[-66.4521,17.9822],[-66.4691,17.9927],[-66.4878,17.9889],[-66.502,17.9871],[-66.5125,17.982],[-66.527,17.9793],[-66.5599,17.9775],[-66.5704,17.9724],[-66.5806,17.9658],[-66.5925,17.9636],[-66.6083,17.9713],[-66.6153,17.9667],[-66.6225,17.9639],[-66.6294,17.9752],[-66.6466,17.9766],[-66.6874,17.9713],[-66.695,17.9731],[-66.725,17.9844],[-66.7659,17.9844],[-66.7651,17.998],[-66.774,18.0022],[-66.7875,17.9993],[-66.8001,17.9918],[-66.8001,17.9844],[-66.7864,17.9844],[-66.798,17.9693],[-66.8177,17.959],[-66.8406,17.9527],[-66.8615,17.9496],[-66.8926,17.9507],[-66.9078,17.9492],[-66.919,17.9501],[-66.9242,17.9496],[-66.9282,17.9455],[-66.9299,17.9386],[-66.9304,17.9291],[-66.9491,17.9312],[-66.9632,17.9411],[-66.9857,17.9639],[-67.006,17.9649],[-67.0285,17.9685],[-67.0527,17.9682],[-67.067,17.9726],[-67.0809,17.9612],[-67.0973,17.9529],[-67.112,17.9496],[-67.124,17.9512],[-67.1586,17.9546],[-67.1805,17.9661],[-67.1912,17.958],[-67.1842,17.9351],[-67.1951,17.9357],[-67.2096,17.9569],[-67.2148,17.9663],[-67.2143,17.9941],[-67.1905,18.0048],[-67.1833,18.0085],[-67.1742,18.0112],[-67.1665,18.015],[-67.1632,18.0225],[-67.1672,18.0279],[-67.1769,18.0327],[-67.1901,18.0303],[-67.2029,18.0357],[-67.2021,18.0544],[-67.1954,18.0638],[-67.1857,18.0704],[-67.1897,18.0806],[-67.1939,18.0973],[-67.1832,18.1077],[-67.1838,18.1399],[-67.1737,18.1762],[-67.1659,18.1841],[-67.1575,18.1917],[-67.1519,18.2034],[-67.1585,18.214],[-67.1712,18.2249],[-67.1871,18.2728],[-67.1965,18.2913],[-67.2188,18.2956],[-67.2369,18.2999],[-67.2528,18.3293],[-67.2626,18.3438],[-67.2708,18.3618],[-67.2688,18.3689],[-67.2403,18.3768],[-67.2174,18.3862],[-67.1984,18.3937],[-67.1843,18.4021],[-67.1595,18.4209],[-67.1581,18.4431],[-67.1687,18.4606],[-67.17,18.486],[-67.1517,18.5089],[-67.1017,18.5228],[-67.0485,18.5211],[-67.0124,18.5058]]]}},{"type":"Feature","properties":{"region":"caribbean","name":"Serranilla Bank","name_official":"Serranilla Bank"},"geometry":{"type":"Polygon","coordinates":[[[-78.6371,15.8621],[-78.6404,15.864],[-78.6369,15.8673],[-78.6371,15.8621]]]}},{"type":"Feature","properties":{"region":"caribbean","name":"Sint Maarten","name_official":"Sint Maarten"},"geometry":{"type":"Polygon","coordinates":[[[-63.0176,18.0334],[-63.0306,18.0191],[-63.0976,18.036],[-63.1122,18.043],[-63.1189,18.0515],[-63.107,18.0595],[-63.107,18.0621],[-63.0859,18.0585],[-63.0176,18.0334]]]}},{"type":"Feature","properties":{"region":"caribbean","name":"Turks and Caicos Islands","name_official":"Turks and Caicos Islands"},"geometry":{"type":"Polygon","coordinates":[[[-71.6786,21.2989],[-71.6959,21.2901],[-71.6991,21.2919],[-71.6878,21.2998],[-71.6803,21.3044],[-71.6741,21.3065],[-71.6786,21.2989]]]}},{"type":"Feature","properties":{"region":"caribbean","name":"Turks and Caicos Islands","name_official":"Turks and Caicos Islands"},"geometry":{"type":"Polygon","coordinates":[[[-71.6282,21.3102],[-71.6347,21.2945],[-71.6409,21.303],[-71.6343,21.3188],[-71.6288,21.3244],[-71.6282,21.3102]]]}},{"type":"Feature","properties":{"region":"caribbean","name":"Turks and Caicos Islands","name_official":"Turks and Caicos Islands"},"geometry":{"type":"Polygon","coordinates":[[[-71.2012,21.3231],[-71.2137,21.3106],[-71.2192,21.3144],[-71.2143,21.3328],[-71.2098,21.3414],[-71.2001,21.3411],[-71.1925,21.335],[-71.2012,21.3231]]]}},{"type":"Feature","properties":{"region":"caribbean","name":"Turks and Caicos Islands","name_official":"Turks and Caicos Islands"},"geometry":{"type":"Polygon","coordinates":[[[-71.1336,21.4465],[-71.1449,21.4316],[-71.1517,21.4506],[-71.151,21.4728],[-71.1455,21.4951],[-71.1381,21.5136],[-71.1304,21.4981],[-71.1289,21.4722],[-71.1336,21.4465]]]}},{"type":"Feature","properties":{"region":"caribbean","name":"Turks and Caicos Islands","name_official":"Turks and Caicos Islands"},"geometry":{"type":"Polygon","coordinates":[[[-71.4972,21.5303],[-71.4963,21.5074],[-71.5043,21.494],[-71.521,21.4893],[-71.5376,21.4995],[-71.5397,21.5165],[-71.5278,21.5243],[-71.5157,21.5227],[-71.5089,21.5278],[-71.5088,21.5517],[-71.5016,21.5691],[-71.4983,21.5694],[-71.4962,21.5634],[-71.4972,21.5303]]]}},{"type":"Feature","properties":{"region":"caribbean","name":"Turks and Caicos Islands","name_official":"Turks and Caicos Islands"},"geometry":{"type":"Polygon","coordinates":[[[-72.452,21.645],[-72.4813,21.6303],[-72.4813,21.6365],[-72.4702,21.6469],[-72.4634,21.6649],[-72.4604,21.686],[-72.4608,21.7054],[-72.4334,21.7092],[-72.4333,21.6801],[-72.452,21.645]]]}},{"type":"Feature","properties":{"region":"caribbean","name":"Turks and Caicos Islands","name_official":"Turks and Caicos Islands"},"geometry":{"type":"Polygon","coordinates":[[[-71.4596,21.6645],[-71.4713,21.6622],[-71.4853,21.6754],[-71.508,21.7054],[-71.5289,21.7174],[-71.5732,21.7353],[-71.5906,21.7538],[-71.5859,21.7568],[-71.5818,21.7584],[-71.5785,21.7609],[-71.5763,21.7668],[-71.5431,21.7465],[-71.5255,21.7398],[-71.5011,21.7333],[-71.4809,21.7255],[-71.4618,21.7108],[-71.4519,21.6902],[-71.4596,21.6645]]]}},{"type":"Feature","properties":{"region":"caribbean","name":"Turks and Caicos Islands","name_official":"Turks and Caicos Islands"},"geometry":{"type":"Polygon","coordinates":[[[-71.8094,21.84],[-71.7999,21.8399],[-71.7908,21.8422],[-71.7817,21.8432],[-71.7203,21.8358],[-71.6918,21.8412],[-71.6788,21.8419],[-71.6656,21.8358],[-71.6552,21.8232],[-71.6309,21.7743],[-71.6481,21.7796],[-71.659,21.7935],[-71.6681,21.8098],[-71.6793,21.8221],[-71.6712,21.7998],[-71.6524,21.765],[-71.6452,21.7464],[-71.6586,21.7439],[-71.6685,21.7504],[-71.6861,21.7743],[-71.692,21.7641],[-71.6936,21.76],[-71.6998,21.76],[-71.7154,21.7873],[-71.7411,21.7949],[-71.8028,21.7879],[-71.8277,21.7858],[-71.8355,21.7915],[-71.8444,21.8078],[-71.848,21.8194],[-71.8507,21.8563],[-71.8424,21.8556],[-71.8338,21.8538],[-71.8258,21.8508],[-71.8094,21.84]]]}},{"type":"Feature","properties":{"region":"caribbean","name":"Turks and Caicos Islands","name_official":"Turks and Caicos Islands"},"geometry":{"type":"Polygon","coordinates":[[[-72.1163,21.8537],[-72.1244,21.8469],[-72.133,21.8476],[-72.1249,21.8546],[-72.1195,21.8579],[-72.1163,21.8537]]]}},{"type":"Feature","properties":{"region":"caribbean","name":"Turks and Caicos Islands","name_official":"Turks and Caicos Islands"},"geometry":{"type":"Polygon","coordinates":[[[-72.3079,21.8522],[-72.245,21.7979],[-72.2318,21.7934],[-72.2121,21.7934],[-72.1927,21.7966],[-72.1796,21.801],[-72.1653,21.8139],[-72.1571,21.8245],[-72.1463,21.8271],[-72.1244,21.8153],[-72.1244,21.8078],[-72.151,21.7838],[-72.1591,21.7743],[-72.1643,21.7888],[-72.1653,21.7948],[-72.1933,21.7812],[-72.1895,21.7799],[-72.1861,21.7792],[-72.1829,21.7778],[-72.1796,21.7743],[-72.1944,21.7669],[-72.2197,21.7703],[-72.2342,21.7668],[-72.2342,21.7812],[-72.2738,21.7514],[-72.2919,21.7489],[-72.3031,21.7743],[-72.2969,21.7743],[-72.2907,21.7658],[-72.2812,21.7615],[-72.2742,21.7636],[-72.2751,21.7743],[-72.2812,21.7796],[-72.3162,21.7948],[-72.3129,21.7812],[-72.3154,21.7708],[-72.3236,21.7638],[-72.3372,21.76],[-72.3395,21.7667],[-72.34,21.7712],[-72.3392,21.7755],[-72.3372,21.7812],[-72.3356,21.7768],[-72.3352,21.7762],[-72.3341,21.7762],[-72.3304,21.7743],[-72.3265,21.7874],[-72.314,21.8091],[-72.3099,21.8221],[-72.3314,21.8066],[-72.3372,21.801],[-72.3402,21.814],[-72.3297,21.8454],[-72.3304,21.8625],[-72.3079,21.8522]]]}},{"type":"Feature","properties":{"region":"caribbean","name":"Turks and Caicos Islands","name_official":"Turks and Caicos Islands"},"geometry":{"type":"Polygon","coordinates":[[[-72.093,21.8672],[-72.0997,21.8646],[-72.1016,21.8716],[-72.0948,21.8825],[-72.0895,21.8854],[-72.087,21.8809],[-72.0871,21.8727],[-72.093,21.8672]]]}},{"type":"Feature","properties":{"region":"caribbean","name":"Turks and Caicos Islands","name_official":"Turks and Caicos Islands"},"geometry":{"type":"Polygon","coordinates":[[[-71.911,21.9484],[-71.9088,21.9405],[-71.9121,21.9251],[-71.9034,21.8665],[-71.8886,21.8462],[-71.8574,21.8432],[-71.8773,21.8283],[-71.8946,21.8322],[-71.9097,21.8432],[-71.9227,21.8494],[-71.9311,21.8519],[-71.943,21.8581],[-71.9543,21.8669],[-71.9605,21.8767],[-71.9592,21.8898],[-71.9438,21.9132],[-71.94,21.9251],[-71.9476,21.9425],[-71.964,21.9334],[-71.9879,21.9078],[-71.9919,21.8999],[-72.0016,21.8978],[-72.013,21.8999],[-72.022,21.9046],[-72.0261,21.914],[-72.0245,21.9238],[-72.025,21.9326],[-72.0362,21.9388],[-72.0318,21.9465],[-72.0255,21.9526],[-72.0174,21.9569],[-72.0083,21.9592],[-71.9499,21.9592],[-71.944,21.9581],[-71.9305,21.9529],[-71.9227,21.9518],[-71.911,21.9484]]]}},{"type":"Feature","properties":{"region":"caribbean","name":"Trinidad and Tobago","name_official":"Trinidad and Tobago"},"geometry":{"type":"Polygon","coordinates":[[[-60.9073,10.8371],[-60.9498,10.7635],[-61.0023,10.6994],[-61.0209,10.7027],[-61.0327,10.6835],[-61.0381,10.6536],[-61.037,10.6249],[-61.0176,10.5641],[-61.0135,10.5345],[-61.0425,10.51],[-61.0419,10.4819],[-61.0384,10.4636],[-61.0281,10.4085],[-61.023,10.3948],[-61.0163,10.3821],[-60.9984,10.3559],[-60.9613,10.33],[-60.9902,10.2993],[-61.0028,10.2475],[-61.0033,10.1891],[-60.996,10.1383],[-61.0175,10.1429],[-61.0416,10.1356],[-61.0643,10.1218],[-61.082,10.1069],[-61.0997,10.0952],[-61.1224,10.0868],[-61.1673,10.0762],[-61.1776,10.0752],[-61.1916,10.0738],[-61.253,10.0836],[-61.275,10.0817],[-61.3387,10.0693],[-61.4175,10.0762],[-61.5031,10.0693],[-61.5041,10.0695],[-61.5441,10.0762],[-61.5535,10.0739],[-61.5819,10.0626],[-61.5931,10.0614],[-61.6128,10.0568],[-61.6229,10.0557],[-61.637,10.0578],[-61.647,10.063],[-61.6561,10.0696],[-61.6676,10.0762],[-61.6862,10.0816],[-61.7067,10.084],[-61.7933,10.0841],[-61.817,10.0814],[-61.8352,10.0727],[-61.8498,10.0615],[-61.8693,10.05],[-61.8898,10.0423],[-61.9072,10.0421],[-61.9287,10.0565],[-61.9189,10.07],[-61.8867,10.0867],[-61.8819,10.0905],[-61.871,10.0938],[-61.8385,10.0998],[-61.8319,10.1061],[-61.8215,10.1212],[-61.8059,10.1329],[-61.7892,10.1409],[-61.7121,10.1636],[-61.7074,10.1659],[-61.6691,10.184],[-61.6393,10.2101],[-61.6388,10.2105],[-61.6396,10.2407],[-61.6269,10.2473],[-61.6118,10.2475],[-61.5601,10.2387],[-61.5208,10.2401],[-61.5178,10.2403],[-61.5066,10.2407],[-61.4953,10.245],[-61.4819,10.2557],[-61.4698,10.2693],[-61.4621,10.2822],[-61.4584,10.3022],[-61.4596,10.3097],[-61.4613,10.319],[-61.4663,10.3352],[-61.469,10.3539],[-61.4708,10.3594],[-61.4796,10.3666],[-61.4827,10.371],[-61.4831,10.3765],[-61.4803,10.3779],[-61.4769,10.3786],[-61.4752,10.3815],[-61.4762,10.3893],[-61.482,10.4089],[-61.4857,10.4157],[-61.4879,10.4301],[-61.4822,10.4499],[-61.469,10.4809],[-61.4623,10.5189],[-61.4621,10.5582],[-61.4723,10.5949],[-61.4962,10.6249],[-61.4889,10.631],[-61.5288,10.6579],[-61.5491,10.6671],[-61.5776,10.6799],[-61.599,10.6844],[-61.65,10.6878],[-61.6564,10.6898],[-61.6613,10.6951],[-61.6676,10.7068],[-61.6156,10.7422],[-61.6021,10.7477],[-61.5611,10.7443],[-61.5151,10.755],[-61.4901,10.7546],[-61.4857,10.7546],[-61.4732,10.7602],[-61.4656,10.7702],[-61.4604,10.7744],[-61.4553,10.762],[-61.4479,10.762],[-61.4476,10.7654],[-61.4479,10.7757],[-61.4417,10.7757],[-61.441,10.7707],[-61.4394,10.768],[-61.437,10.7659],[-61.4342,10.762],[-61.4417,10.7546],[-61.4334,10.7565],[-61.4276,10.7612],[-61.4237,10.7659],[-61.4212,10.7683],[-61.4019,10.7689],[-61.4001,10.7683],[-61.3918,10.7756],[-61.3729,10.7975],[-61.3666,10.803],[-61.3526,10.8041],[-61.3491,10.8044],[-61.2961,10.798],[-61.1801,10.7976],[-61.1716,10.8039],[-61.1549,10.8165],[-61.0965,10.8234],[-61.0785,10.831],[-60.9488,10.8453],[-60.9073,10.8371]]]}},{"type":"Feature","properties":{"region":"caribbean","name":"Trinidad and Tobago","name_official":"Trinidad and Tobago"},"geometry":{"type":"Polygon","coordinates":[[[-60.5231,11.3437],[-60.5221,11.3188],[-60.5255,11.2882],[-60.533,11.2665],[-60.5442,11.2691],[-60.5504,11.2691],[-60.5565,11.2541],[-60.5653,11.2524],[-60.5753,11.2558],[-60.5851,11.2555],[-60.5871,11.2511],[-60.602,11.2314],[-60.6056,11.2307],[-60.6288,11.2165],[-60.6361,11.2108],[-60.6471,11.2042],[-60.6598,11.2043],[-60.6719,11.2067],[-60.6813,11.2071],[-60.7418,11.1771],[-60.7595,11.1729],[-60.7864,11.15],[-60.8033,11.1433],[-60.8104,11.1592],[-60.8254,11.1518],[-60.8393,11.1541],[-60.8475,11.164],[-60.8452,11.1791],[-60.8367,11.1833],[-60.8229,11.1855],[-60.8099,11.1907],[-60.8043,11.2037],[-60.7943,11.2166],[-60.7097,11.2713],[-60.6916,11.2889],[-60.6813,11.2965],[-60.6686,11.3029],[-60.6358,11.3148],[-60.6076,11.3207],[-60.5958,11.3273],[-60.5836,11.3295],[-60.5677,11.3203],[-60.5604,11.3212],[-60.5413,11.3434],[-60.5305,11.3511],[-60.5231,11.3437]]]}},{"type":"Feature","properties":{"region":"caribbean","name":"US Naval Base Guantanamo Bay","name_official":"US Naval Base Guantanamo Bay"},"geometry":{"type":"Polygon","coordinates":[[[-75.184,19.9336],[-75.1931,19.9271],[-75.196,19.9219],[-75.2016,19.9229],[-75.2034,19.9284],[-75.209,19.9292],[-75.2145,19.9263],[-75.2181,19.924],[-75.2179,19.9195],[-75.2058,19.9115],[-75.1922,19.91],[-75.191,19.9063],[-75.2075,19.9058],[-75.2311,19.9005],[-75.2329,19.9001],[-75.229,19.9374],[-75.1789,19.9707],[-75.1602,19.9706],[-75.1684,19.9666],[-75.1712,19.9575],[-75.1634,19.9504],[-75.1567,19.9389],[-75.1722,19.9358],[-75.184,19.9336]]]}},{"type":"Feature","properties":{"region":"caribbean","name":"US Naval Base Guantanamo Bay","name_official":"US Naval Base Guantanamo Bay"},"geometry":{"type":"Polygon","coordinates":[[[-75.095,19.9716],[-75.095,19.8972],[-75.1077,19.8976],[-75.1374,19.8926],[-75.1619,19.8911],[-75.1653,19.897],[-75.1644,19.9137],[-75.1577,19.9187],[-75.1465,19.9234],[-75.1226,19.9405],[-75.1178,19.9441],[-75.1044,19.9428],[-75.101,19.9531],[-75.1046,19.9594],[-75.1168,19.9671],[-75.1299,19.9556],[-75.1338,19.9581],[-75.1396,19.965],[-75.137,19.9716],[-75.095,19.9716]]]}},{"type":"Feature","properties":{"region":"caribbean","name":"Saint Vincent and the Grenadines","name_official":"Saint Vincent and the Grenadines"},"geometry":{"type":"Polygon","coordinates":[[[-61.4327,12.5878],[-61.4432,12.5852],[-61.4559,12.5861],[-61.4598,12.5915],[-61.4557,12.5966],[-61.4547,12.6008],[-61.4568,12.6044],[-61.4556,12.6071],[-61.4483,12.6099],[-61.4414,12.6079],[-61.4294,12.6005],[-61.4266,12.5919],[-61.4327,12.5878]]]}},{"type":"Feature","properties":{"region":"caribbean","name":"Saint Vincent and the Grenadines","name_official":"Saint Vincent and the Grenadines"},"geometry":{"type":"Polygon","coordinates":[[[-61.3339,12.6936],[-61.3441,12.6931],[-61.3531,12.6965],[-61.3507,12.6995],[-61.3393,12.702],[-61.334,12.7086],[-61.3358,12.7174],[-61.3354,12.7272],[-61.3263,12.7331],[-61.3194,12.7338],[-61.3163,12.73],[-61.3144,12.7209],[-61.3197,12.7139],[-61.3255,12.7082],[-61.3284,12.6994],[-61.3339,12.6936]]]}},{"type":"Feature","properties":{"region":"caribbean","name":"Saint Vincent and the Grenadines","name_official":"Saint Vincent and the Grenadines"},"geometry":{"type":"Polygon","coordinates":[[[-61.1876,12.8564],[-61.1908,12.8559],[-61.1918,12.8682],[-61.1832,12.8835],[-61.175,12.8818],[-61.1836,12.862],[-61.1876,12.8564]]]}},{"type":"Feature","properties":{"region":"caribbean","name":"Saint Vincent and the Grenadines","name_official":"Saint Vincent and the Grenadines"},"geometry":{"type":"Polygon","coordinates":[[[-61.2264,12.9932],[-61.2424,12.9822],[-61.235,12.9822],[-61.2424,12.9748],[-61.2475,12.9821],[-61.2555,12.9867],[-61.2656,12.9887],[-61.2772,12.9885],[-61.2772,12.9959],[-61.2623,12.9914],[-61.2396,12.9958],[-61.2396,13.0039],[-61.2462,13.0112],[-61.2493,13.0163],[-61.241,13.0242],[-61.2131,13.0418],[-61.2015,13.0512],[-61.2001,13.0473],[-61.1996,13.0437],[-61.1982,13.0402],[-61.194,13.0369],[-61.2083,13.0233],[-61.2264,12.9932]]]}},{"type":"Feature","properties":{"region":"caribbean","name":"Saint Vincent and the Grenadines","name_official":"Saint Vincent and the Grenadines"},"geometry":{"type":"Polygon","coordinates":[[[-61.1673,13.1461],[-61.1852,13.1325],[-61.2102,13.1442],[-61.2714,13.1865],[-61.2794,13.2159],[-61.2767,13.2499],[-61.2629,13.2764],[-61.2655,13.2802],[-61.2704,13.2901],[-61.2434,13.2944],[-61.2318,13.317],[-61.225,13.3458],[-61.212,13.3689],[-61.1991,13.377],[-61.1871,13.3804],[-61.1764,13.3808],[-61.1512,13.3768],[-61.144,13.3741],[-61.14,13.3674],[-61.1338,13.3528],[-61.1239,13.3083],[-61.1244,13.247],[-61.138,13.1869],[-61.1673,13.1461]]]}},{"type":"Feature","properties":{"region":"caribbean","name":"British Virgin Islands","name_official":"British Virgin Islands"},"geometry":{"type":"Polygon","coordinates":[[[-64.5679,18.3374],[-64.5709,18.3347],[-64.5747,18.343],[-64.5853,18.3486],[-64.6007,18.3516],[-64.603,18.3556],[-64.5941,18.3578],[-64.5869,18.358],[-64.5828,18.3594],[-64.5784,18.3606],[-64.5694,18.358],[-64.5682,18.3509],[-64.5679,18.3374]]]}},{"type":"Feature","properties":{"region":"caribbean","name":"British Virgin Islands","name_official":"British Virgin Islands"},"geometry":{"type":"Polygon","coordinates":[[[-64.5272,18.4491],[-64.5168,18.4393],[-64.5201,18.4341],[-64.5316,18.4357],[-64.5486,18.4403],[-64.5612,18.4335],[-64.5664,18.4257],[-64.574,18.4191],[-64.5833,18.4163],[-64.5912,18.4178],[-64.597,18.4208],[-64.6034,18.423],[-64.6134,18.4226],[-64.6129,18.4195],[-64.6207,18.4116],[-64.6304,18.4049],[-64.6351,18.4055],[-64.6437,18.3939],[-64.6597,18.3831],[-64.6755,18.3841],[-64.6896,18.3846],[-64.7141,18.3862],[-64.7005,18.3981],[-64.6826,18.3995],[-64.6744,18.4124],[-64.6656,18.4244],[-64.6618,18.4404],[-64.6417,18.4512],[-64.6273,18.4471],[-64.6036,18.4516],[-64.5927,18.4486],[-64.5602,18.4541],[-64.5272,18.4491]]]}},{"type":"Feature","properties":{"region":"caribbean","name":"British Virgin Islands","name_official":"British Virgin Islands"},"geometry":{"type":"Polygon","coordinates":[[[-64.7242,18.4427],[-64.7303,18.4379],[-64.7594,18.4418],[-64.774,18.4423],[-64.7684,18.4497],[-64.7429,18.455],[-64.7298,18.4534],[-64.7275,18.4499],[-64.7242,18.4427]]]}},{"type":"Feature","properties":{"region":"caribbean","name":"British Virgin Islands","name_official":"British Virgin Islands"},"geometry":{"type":"Polygon","coordinates":[[[-64.5316,18.467],[-64.5365,18.4624],[-64.5382,18.4652],[-64.5373,18.4718],[-64.5395,18.4829],[-64.5377,18.4907],[-64.5327,18.4941],[-64.5295,18.4926],[-64.5289,18.4818],[-64.5292,18.4764],[-64.5316,18.467]]]}},{"type":"Feature","properties":{"region":"caribbean","name":"British Virgin Islands","name_official":"British Virgin Islands"},"geometry":{"type":"Polygon","coordinates":[[[-64.326,18.5119],[-64.3343,18.4971],[-64.3531,18.4872],[-64.372,18.4819],[-64.3806,18.4809],[-64.389,18.4711],[-64.4082,18.4567],[-64.4293,18.4449],[-64.4433,18.4431],[-64.4185,18.4753],[-64.4117,18.4914],[-64.4154,18.5119],[-64.411,18.5119],[-64.4081,18.5105],[-64.4058,18.5082],[-64.4024,18.5058],[-64.3468,18.5069],[-64.326,18.5119]]]}},{"type":"Feature","properties":{"region":"caribbean","name":"British Virgin Islands","name_official":"British Virgin Islands"},"geometry":{"type":"Polygon","coordinates":[[[-64.2851,18.7341],[-64.2707,18.7007],[-64.2795,18.7012],[-64.3365,18.7243],[-64.3805,18.7261],[-64.3987,18.7321],[-64.4086,18.7447],[-64.3203,18.7462],[-64.2851,18.7341]]]}},{"type":"Feature","properties":{"region":"caribbean","name":"United States Virgin Islands","name_official":"United States Virgin Islands"},"geometry":{"type":"Polygon","coordinates":[[[-64.7308,17.7653],[-64.7097,17.7582],[-64.699,17.7528],[-64.6898,17.7448],[-64.6669,17.7629],[-64.631,17.7703],[-64.5918,17.7683],[-64.5594,17.7584],[-64.5594,17.7516],[-64.5852,17.749],[-64.6067,17.7423],[-64.6488,17.7237],[-64.6705,17.7172],[-64.8764,17.6891],[-64.8952,17.6828],[-64.8878,17.6999],[-64.8866,17.7144],[-64.8877,17.7553],[-64.8846,17.7679],[-64.8765,17.7759],[-64.8387,17.7648],[-64.8175,17.7741],[-64.7955,17.7875],[-64.7716,17.7926],[-64.7692,17.79],[-64.7308,17.7653]]]}},{"type":"Feature","properties":{"region":"caribbean","name":"United States Virgin Islands","name_official":"United States Virgin Islands"},"geometry":{"type":"Polygon","coordinates":[[[-64.6646,18.3469],[-64.6604,18.3367],[-64.6741,18.3345],[-64.701,18.343],[-64.7082,18.3401],[-64.6974,18.3265],[-64.704,18.3033],[-64.7362,18.3198],[-64.7864,18.3152],[-64.8013,18.3283],[-64.7864,18.3498],[-64.7696,18.3566],[-64.7517,18.3617],[-64.7559,18.3691],[-64.747,18.3736],[-64.7135,18.3651],[-64.6974,18.3622],[-64.6825,18.356],[-64.6646,18.3469]]]}},{"type":"Feature","properties":{"region":"caribbean","name":"United States Virgin Islands","name_official":"United States Virgin Islands"},"geometry":{"type":"Polygon","coordinates":[[[-64.9285,18.3804],[-64.8914,18.36],[-64.855,18.3401],[-64.8401,18.3175],[-64.8514,18.3158],[-64.8603,18.3186],[-64.8716,18.3146],[-64.8788,18.3044],[-64.9105,18.3158],[-64.9219,18.3226],[-64.9308,18.3396],[-64.935,18.3305],[-64.9446,18.3367],[-64.9661,18.3327],[-64.9816,18.3356],[-64.9936,18.348],[-65.0253,18.3389],[-65.0415,18.3537],[-65.0119,18.3686],[-64.9866,18.3748],[-64.95,18.3736],[-64.935,18.3633],[-64.926,18.3662],[-64.9423,18.3781],[-64.95,18.3866],[-64.9285,18.3804]]]}}]}
