{"type":"FeatureCollection","provenance":{"geometry_source":[{"key":"ne_10m_admin_0_map_units.json","url":"https://raw.githubusercontent.com/martynafford/natural-earth-geojson/master/10m/cultural/ne_10m_admin_0_map_units.json","sha256":"1f1aa9386edab4031687aa205125f6be2a3b910ff29632fbbcf76dd71c46f8b4","bytes":24878664,"downloaded_utc":"2026-08-18T00:19:11Z","licence":"Public domain. Natural Earth: 'All versions of Natural Earth raster + vector map data found on this website are in the public domain. You may use the maps in any manner, including modifying the content and design, electronic dissemination, and offset printing.'","licence_url":"https://www.naturalearthdata.com/about/terms-of-use/","note":"Natural Earth 10m admin-0 MAP UNITS, not admin_0_countries. The countries layer folds Guadeloupe and Martinique into a single 'France' feature with SUBREGION='Western Europe', which would have silently dropped two real Caribbean hurricane targets. Map units split them out."}],"geometry_selection":"SUBREGION='Central America' AND GEOUNIT<>'Mexico' -- Natural Earth files Mexico under Central America; the archive needs them apart","name_source":[{"key":"ne_10m_admin_0_map_units.json","url":"https://raw.githubusercontent.com/martynafford/natural-earth-geojson/master/10m/cultural/ne_10m_admin_0_map_units.json","sha256":"1f1aa9386edab4031687aa205125f6be2a3b910ff29632fbbcf76dd71c46f8b4","bytes":24878664,"downloaded_utc":"2026-08-18T00:19:11Z","licence":"Public domain. Natural Earth: 'All versions of Natural Earth raster + vector map data found on this website are in the public domain. You may use the maps in any manner, including modifying the content and design, electronic dissemination, and offset printing.'","licence_url":"https://www.naturalearthdata.com/about/terms-of-use/","note":"Natural Earth 10m admin-0 MAP UNITS, not admin_0_countries. The countries layer folds Guadeloupe and Martinique into a single 'France' feature with SUBREGION='Western Europe', which would have silently dropped two real Caribbean hurricane targets. Map units split them out."}],"name_rule":"Natural Earth admin_0 'GEOUNIT'","gaps":[],"region":"central_america","built_utc":"2026-08-18T00:36:19Z","processing_version":"1.0.0","coordinate_precision_dp":4,"polygons":45,"vertices":6266},"features":[{"type":"Feature","properties":{"region":"central_america","name":"Belize","name_official":"Belize"},"geometry":{"type":"Polygon","coordinates":[[[-87.8037,17.316],[-87.8036,17.2923],[-87.8104,17.2923],[-87.81,17.3026],[-87.8104,17.306],[-87.8161,17.3043],[-87.8199,17.3015],[-87.8224,17.2975],[-87.8246,17.2923],[-87.8238,17.3529],[-87.8272,17.3781],[-87.8383,17.3885],[-87.8258,17.3992],[-87.8142,17.3813],[-87.7974,17.3332],[-87.802,17.3259],[-87.8037,17.316]]]}},{"type":"Feature","properties":{"region":"central_america","name":"Belize","name_official":"Belize"},"geometry":{"type":"Polygon","coordinates":[[[-88.077,17.5037],[-88.0677,17.4905],[-88.0698,17.4807],[-88.0726,17.4761],[-88.0729,17.4701],[-88.0771,17.4611],[-88.084,17.4618],[-88.0858,17.4701],[-88.0871,17.4909],[-88.0885,17.4953],[-88.0965,17.4943],[-88.1051,17.4981],[-88.1109,17.5051],[-88.1142,17.5101],[-88.1173,17.5129],[-88.1172,17.5188],[-88.1105,17.523],[-88.0956,17.5174],[-88.077,17.5037]]]}},{"type":"Feature","properties":{"region":"central_america","name":"Belize","name_official":"Belize"},"geometry":{"type":"Polygon","coordinates":[[[-87.7892,17.532],[-87.7831,17.512],[-87.7872,17.4969],[-87.8079,17.4578],[-87.8211,17.4407],[-87.8313,17.4237],[-87.8458,17.4146],[-87.8656,17.4295],[-87.8759,17.4132],[-87.8885,17.4039],[-87.9001,17.3918],[-87.9072,17.3674],[-87.9134,17.3227],[-87.9159,17.3154],[-87.921,17.3052],[-87.9255,17.2928],[-87.9265,17.2786],[-87.9407,17.2923],[-87.937,17.2956],[-87.9357,17.299],[-87.9353,17.3024],[-87.9339,17.306],[-87.9315,17.3272],[-87.9223,17.3625],[-87.9175,17.4105],[-87.9095,17.4263],[-87.8967,17.4377],[-87.8793,17.4499],[-87.8588,17.4704],[-87.8487,17.4713],[-87.8338,17.4653],[-87.8213,17.4636],[-87.8116,17.4723],[-87.8039,17.4919],[-87.8021,17.5129],[-87.8104,17.5256],[-87.8214,17.5162],[-87.8307,17.5111],[-87.8383,17.512],[-87.8378,17.5184],[-87.8277,17.5456],[-87.8157,17.5452],[-87.8015,17.5418],[-87.7892,17.532]]]}},{"type":"Feature","properties":{"region":"central_america","name":"Belize","name_official":"Belize"},"geometry":{"type":"Polygon","coordinates":[[[-88.0438,17.553],[-88.0506,17.553],[-88.0557,17.5626],[-88.0644,17.5864],[-88.0773,17.6418],[-88.0635,17.6306],[-88.0536,17.6063],[-88.0438,17.553]]]}},{"type":"Feature","properties":{"region":"central_america","name":"Belize","name_official":"Belize"},"geometry":{"type":"Polygon","coordinates":[[[-88.1349,17.6718],[-88.1673,17.6691],[-88.1674,17.6738],[-88.166,17.6768],[-88.1605,17.6828],[-88.1395,17.692],[-88.0828,17.7292],[-88.0711,17.7343],[-88.0803,17.7018],[-88.1037,17.6818],[-88.1349,17.6718]]]}},{"type":"Feature","properties":{"region":"central_america","name":"Belize","name_official":"Belize"},"geometry":{"type":"Polygon","coordinates":[[[-87.9706,18.0731],[-87.9814,18.0713],[-87.9844,18.0776],[-87.9772,18.0875],[-87.9721,18.0907],[-87.9691,18.0909],[-87.9633,18.0932],[-87.9603,18.0904],[-87.9625,18.08],[-87.9706,18.0731]]]}},{"type":"Feature","properties":{"region":"central_america","name":"Belize","name_official":"Belize"},"geometry":{"type":"Polygon","coordinates":[[[-87.9423,18.0935],[-87.9505,18.0876],[-87.954,18.0883],[-87.9553,18.0934],[-87.9569,18.0974],[-87.9552,18.1008],[-87.9501,18.1036],[-87.9448,18.1079],[-87.943,18.1135],[-87.9412,18.1172],[-87.9395,18.1186],[-87.9371,18.1147],[-87.9364,18.1039],[-87.9423,18.0935]]]}},{"type":"Feature","properties":{"region":"central_america","name":"Belize","name_official":"Belize"},"geometry":{"type":"Polygon","coordinates":[[[-87.8473,18.156],[-87.849,18.1338],[-87.8622,18.1221],[-87.8696,18.1108],[-87.89,18.057],[-87.8998,18.039],[-87.9066,18.0435],[-87.9134,18.0465],[-87.9159,18.036],[-87.9197,18.0285],[-87.9254,18.0231],[-87.9339,18.0191],[-87.9339,18.0124],[-87.9265,17.998],[-87.9171,18.0112],[-87.9149,18.0172],[-87.9134,18.0259],[-87.9072,18.0259],[-87.9151,17.9827],[-87.9346,17.9429],[-87.9658,17.9138],[-88.009,17.9025],[-88.009,17.9092],[-87.9986,17.9089],[-87.9954,17.9092],[-87.9589,17.9343],[-87.9459,17.9518],[-87.9407,17.9775],[-87.9565,17.9768],[-87.9523,18.0078],[-87.9339,18.0703],[-87.9318,18.0747],[-87.9271,18.0783],[-87.9224,18.083],[-87.9203,18.0908],[-87.9197,18.1006],[-87.9049,18.1532],[-87.895,18.1621],[-87.8793,18.1557],[-87.8573,18.1697],[-87.8473,18.156]]]}},{"type":"Feature","properties":{"region":"central_america","name":"Belize","name_official":"Belize"},"geometry":{"type":"Polygon","coordinates":[[[-87.8741,18.2025],[-87.8747,18.1973],[-87.8783,18.1873],[-87.8878,18.1756],[-87.8935,18.1804],[-87.8908,18.1975],[-87.8868,18.2034],[-87.8837,18.2011],[-87.8832,18.2031],[-87.8848,18.2075],[-87.8844,18.2092],[-87.881,18.2085],[-87.8784,18.2082],[-87.8747,18.2065],[-87.8741,18.2025]]]}},{"type":"Feature","properties":{"region":"central_america","name":"Belize","name_official":"Belize"},"geometry":{"type":"Polygon","coordinates":[[[-88.3984,18.4801],[-88.3908,18.4757],[-88.3849,18.4766],[-88.3791,18.4797],[-88.3714,18.4818],[-88.3095,18.4823],[-88.3038,18.4814],[-88.3038,18.4778],[-88.2866,18.4628],[-88.3063,18.4383],[-88.3837,18.385],[-88.391,18.3706],[-88.3795,18.3549],[-88.3654,18.3541],[-88.3175,18.3748],[-88.3231,18.3603],[-88.3324,18.3448],[-88.3553,18.3171],[-88.3608,18.3083],[-88.358,18.3037],[-88.3502,18.3042],[-88.3414,18.3102],[-88.3246,18.3283],[-88.2914,18.3511],[-88.2757,18.3582],[-88.2591,18.3612],[-88.2368,18.3581],[-88.2078,18.3446],[-88.1947,18.3406],[-88.1734,18.3437],[-88.1431,18.3638],[-88.1085,18.3739],[-88.0968,18.3754],[-88.0915,18.3717],[-88.0935,18.3576],[-88.099,18.3484],[-88.1189,18.3338],[-88.1417,18.3244],[-88.1461,18.3202],[-88.1465,18.3093],[-88.1393,18.307],[-88.1305,18.3105],[-88.123,18.3223],[-88.1149,18.3278],[-88.1046,18.3321],[-88.095,18.3338],[-88.0917,18.3284],[-88.0836,18.2101],[-88.0915,18.1184],[-88.0948,18.1028],[-88.1088,18.0788],[-88.112,18.0632],[-88.1496,17.9713],[-88.1667,17.9602],[-88.1669,17.9599],[-88.2083,17.882],[-88.2023,17.8561],[-88.2143,17.7731],[-88.2388,17.6904],[-88.2467,17.6737],[-88.2727,17.644],[-88.2832,17.6256],[-88.2877,17.6042],[-88.2833,17.5803],[-88.2712,17.5681],[-88.2356,17.5507],[-88.2281,17.5356],[-88.2186,17.5273],[-88.1767,17.5202],[-88.1673,17.512],[-88.1794,17.4926],[-88.2051,17.4929],[-88.2308,17.4965],[-88.2423,17.4875],[-88.2449,17.472],[-88.2602,17.4231],[-88.2863,17.3397],[-88.296,17.2381],[-88.297,17.2172],[-88.3005,17.1779],[-88.2934,17.1568],[-88.2895,17.1378],[-88.2894,17.1358],[-88.2886,17.1269],[-88.2833,17.1039],[-88.2794,17.0915],[-88.2699,17.0863],[-88.2486,17.0794],[-88.2365,17.0642],[-88.2282,17.0449],[-88.2235,17.0231],[-88.2209,16.9914],[-88.2151,16.9671],[-88.2174,16.9555],[-88.2237,16.9529],[-88.2325,16.9531],[-88.2423,16.9497],[-88.2533,16.9399],[-88.267,16.9248],[-88.2785,16.9074],[-88.2833,16.8913],[-88.2789,16.873],[-88.2593,16.8434],[-88.2555,16.8262],[-88.2537,16.8261],[-88.2502,16.8234],[-88.2477,16.8189],[-88.2486,16.8131],[-88.2523,16.8122],[-88.2655,16.8139],[-88.2697,16.8131],[-88.2824,16.8034],[-88.2875,16.7973],[-88.2895,16.7883],[-88.2917,16.7834],[-88.2967,16.7785],[-88.3016,16.7717],[-88.3038,16.7613],[-88.3028,16.7493],[-88.2981,16.7335],[-88.297,16.7238],[-88.3062,16.6529],[-88.3124,16.642],[-88.3212,16.6334],[-88.3312,16.6207],[-88.3426,16.5798],[-88.3481,16.5673],[-88.3515,16.5497],[-88.3448,16.5246],[-88.349,16.5153],[-88.3561,16.5065],[-88.3629,16.5058],[-88.3659,16.5214],[-88.3345,16.6351],[-88.3177,16.6522],[-88.3113,16.6623],[-88.3376,16.6492],[-88.3647,16.5837],[-88.3864,16.5593],[-88.3798,16.5583],[-88.3659,16.5518],[-88.3726,16.5485],[-88.3778,16.5471],[-88.384,16.548],[-88.3932,16.5518],[-88.3911,16.543],[-88.3885,16.5389],[-88.3833,16.5378],[-88.3728,16.5382],[-88.3728,16.532],[-88.3834,16.5251],[-88.3909,16.515],[-88.3927,16.503],[-88.39,16.4976],[-88.3864,16.4904],[-88.4052,16.4768],[-88.4256,16.4372],[-88.4444,16.4289],[-88.4464,16.4234],[-88.4482,16.3996],[-88.4478,16.3948],[-88.4535,16.3914],[-88.4588,16.3913],[-88.4621,16.393],[-88.4621,16.3948],[-88.4685,16.3907],[-88.4706,16.3886],[-88.4718,16.3861],[-88.4757,16.3812],[-88.4886,16.3513],[-88.4925,16.3464],[-88.5004,16.3421],[-88.5267,16.3088],[-88.5297,16.3035],[-88.5338,16.2904],[-88.5366,16.2855],[-88.5373,16.2827],[-88.536,16.2741],[-88.5366,16.2713],[-88.5394,16.2707],[-88.5475,16.2719],[-88.5503,16.2713],[-88.5547,16.2689],[-88.5668,16.2663],[-88.5714,16.2638],[-88.5735,16.2599],[-88.5782,16.244],[-88.5782,16.2855],[-88.585,16.2855],[-88.5919,16.2638],[-88.6059,16.2606],[-88.6197,16.269],[-88.626,16.2818],[-88.6299,16.2875],[-88.6383,16.2882],[-88.6466,16.2866],[-88.6502,16.2855],[-88.6515,16.282],[-88.651,16.2644],[-88.6539,16.2576],[-88.6611,16.2554],[-88.6949,16.2508],[-88.7007,16.2471],[-88.7054,16.2423],[-88.7126,16.2382],[-88.7259,16.2365],[-88.7401,16.2302],[-88.7442,16.2145],[-88.7421,16.1757],[-88.7457,16.1549],[-88.7552,16.1397],[-88.7693,16.1304],[-88.7867,16.1273],[-88.7918,16.1247],[-88.7977,16.1184],[-88.8026,16.1106],[-88.807,16.0932],[-88.8131,16.0881],[-88.8218,16.0849],[-88.8314,16.0795],[-88.8425,16.0703],[-88.8475,16.0652],[-88.8519,16.059],[-88.8543,16.0479],[-88.8535,16.0369],[-88.8563,16.0283],[-88.8824,16.0209],[-88.8996,16.0108],[-88.9164,15.9975],[-88.9276,15.9839],[-88.9311,15.9591],[-88.9103,15.9174],[-88.914,15.8939],[-88.9519,15.8797],[-89.0403,15.9017],[-89.0724,15.9015],[-89.1009,15.8968],[-89.1774,15.9003],[-89.1958,15.8929],[-89.2048,15.8924],[-89.2165,15.8886],[-89.226,15.884],[-89.2282,15.8808],[-89.2365,15.8939],[-89.236,15.9065],[-89.2341,15.9549],[-89.2085,16.1861],[-89.1931,16.3926],[-89.1844,16.4959],[-89.1661,16.777],[-89.1492,17.0363],[-89.1507,17.321],[-89.1562,17.5982],[-89.1605,17.8143],[-89.1614,17.9014],[-89.1539,17.9411],[-89.1326,17.9703],[-89.0494,17.9992],[-89.028,17.9921],[-89.0115,17.9778],[-88.9966,17.9619],[-88.9798,17.9494],[-88.9678,17.9483],[-88.9565,17.9505],[-88.947,17.9485],[-88.9333,17.9204],[-88.9205,17.9109],[-88.8803,17.8885],[-88.8714,17.891],[-88.8654,17.899],[-88.8609,17.9211],[-88.8564,17.9283],[-88.8053,17.965],[-88.7959,17.9756],[-88.7816,18.0147],[-88.7769,18.0238],[-88.762,18.0356],[-88.7484,18.0433],[-88.7364,18.0519],[-88.7266,18.0667],[-88.7235,18.0775],[-88.7204,18.1001],[-88.7177,18.11],[-88.6929,18.15],[-88.6895,18.1612],[-88.693,18.1752],[-88.6966,18.1781],[-88.6681,18.1982],[-88.639,18.2116],[-88.627,18.2203],[-88.617,18.2354],[-88.6141,18.247],[-88.6132,18.2506],[-88.6115,18.2664],[-88.6077,18.2834],[-88.5981,18.2995],[-88.5672,18.3335],[-88.5548,18.3522],[-88.5513,18.3637],[-88.5474,18.3891],[-88.5384,18.4131],[-88.533,18.4433],[-88.5278,18.4541],[-88.5202,18.4616],[-88.4892,18.4845],[-88.4792,18.4834],[-88.4699,18.4785],[-88.4596,18.4757],[-88.4508,18.4769],[-88.4309,18.4838],[-88.42,18.489],[-88.4132,18.4908],[-88.408,18.489],[-88.3984,18.4801]]]}},{"type":"Feature","properties":{"region":"central_america","name":"Clipperton Island","name_official":"Clipperton Island"},"geometry":{"type":"Polygon","coordinates":[[[-109.212,10.3027],[-109.2104,10.2887],[-109.2186,10.2816],[-109.228,10.2921],[-109.2342,10.3079],[-109.2259,10.311],[-109.212,10.3027]]]}},{"type":"Feature","properties":{"region":"central_america","name":"Costa Rica","name_official":"Costa Rica"},"geometry":{"type":"Polygon","coordinates":[[[-87.099,5.516],[-87.1177,5.5151],[-87.1046,5.5374],[-87.0925,5.5467],[-87.0785,5.5551],[-87.0646,5.5578],[-87.0646,5.5476],[-87.0655,5.5346],[-87.0785,5.5207],[-87.099,5.516]]]}},{"type":"Feature","properties":{"region":"central_america","name":"Costa Rica","name_official":"Costa Rica"},"geometry":{"type":"Polygon","coordinates":[[[-83.8703,8.7018],[-83.8781,8.6988],[-83.8906,8.7012],[-83.8966,8.7065],[-83.8835,8.713],[-83.8691,8.7136],[-83.8703,8.7018]]]}},{"type":"Feature","properties":{"region":"central_america","name":"Costa Rica","name_official":"Costa Rica"},"geometry":{"type":"Polygon","coordinates":[[[-85.1451,10.1035],[-85.1357,10.0985],[-85.1313,10.0987],[-85.1216,10.0964],[-85.116,10.0917],[-85.1079,10.0895],[-85.0973,10.0898],[-85.0973,10.0836],[-85.1095,10.0793],[-85.1248,10.0756],[-85.1418,10.0742],[-85.1588,10.0762],[-85.1761,10.0832],[-85.1853,10.0924],[-85.1991,10.1177],[-85.1803,10.124],[-85.1719,10.1246],[-85.14,10.1192],[-85.1105,10.1103],[-85.1105,10.1035],[-85.1451,10.1035]]]}},{"type":"Feature","properties":{"region":"central_america","name":"Costa Rica","name_official":"Costa Rica"},"geometry":{"type":"Polygon","coordinates":[[[-85.2365,11.0531],[-85.0928,11.0006],[-84.9314,10.9419],[-84.9084,10.9394],[-84.885,10.9477],[-84.7818,11.0149],[-84.7078,11.063],[-84.6765,11.0704],[-84.6587,11.0627],[-84.6207,11.0358],[-84.6032,11.0333],[-84.5817,11.0345],[-84.5586,11.0272],[-84.5087,11.0055],[-84.5033,11.004],[-84.4982,11.002],[-84.4933,10.9994],[-84.4891,10.9964],[-84.4664,10.9685],[-84.4578,10.9613],[-84.4489,10.9563],[-84.4382,10.9522],[-84.4272,10.9511],[-84.4178,10.955],[-84.364,10.9896],[-84.3555,10.9946],[-84.346,10.9899],[-84.3437,10.9824],[-84.3439,10.9723],[-84.3418,10.9599],[-84.3374,10.9527],[-84.3241,10.9362],[-84.3213,10.9292],[-84.3107,10.9194],[-84.2643,10.9018],[-84.2537,10.8947],[-84.2447,10.8849],[-84.2257,10.8753],[-84.2084,10.861],[-84.2046,10.837],[-84.2185,10.8298],[-84.2227,10.827],[-84.2271,10.8193],[-84.2252,10.8137],[-84.2212,10.8094],[-84.2189,10.806],[-84.1969,10.7885],[-84.1916,10.7817],[-84.1804,10.7898],[-84.1648,10.7894],[-84.1577,10.7884],[-84.149,10.7872],[-84.137,10.7892],[-84.1184,10.7712],[-84.1069,10.7669],[-84.0954,10.7755],[-84.0886,10.7755],[-84.0764,10.7638],[-84.0516,10.7795],[-84.0346,10.7755],[-84.0227,10.7872],[-84.0092,10.7894],[-83.9982,10.7821],[-83.9936,10.765],[-83.9333,10.7181],[-83.9266,10.7149],[-83.9173,10.7135],[-83.9075,10.7154],[-83.8936,10.7249],[-83.8869,10.7271],[-83.8595,10.7218],[-83.8558,10.724],[-83.8353,10.7476],[-83.769,10.7725],[-83.7638,10.7737],[-83.6981,10.7892],[-83.663,10.807],[-83.6601,10.8342],[-83.6693,10.8698],[-83.6702,10.9127],[-83.6698,10.9175],[-83.671,10.9226],[-83.6637,10.9277],[-83.6578,10.9265],[-83.6515,10.9266],[-83.6444,10.9259],[-83.6243,10.9029],[-83.5987,10.8566],[-83.5806,10.8073],[-83.5829,10.7757],[-83.5976,10.7936],[-83.6239,10.8576],[-83.6069,10.7778],[-83.6086,10.7455],[-83.6375,10.7211],[-83.6222,10.7239],[-83.6119,10.7309],[-83.6022,10.7396],[-83.5891,10.7477],[-83.5937,10.7427],[-83.5947,10.7366],[-83.593,10.7293],[-83.5891,10.7211],[-83.5853,10.7329],[-83.581,10.7558],[-83.5754,10.7683],[-83.527,10.6361],[-83.4662,10.4945],[-83.3945,10.376],[-83.2037,10.1293],[-83.1884,10.1177],[-83.1247,10.0406],[-83.0853,10.0021],[-83.0615,10.0153],[-83.0524,10.0096],[-83.026,10.005],[-83.0206,9.9974],[-83.0198,9.9787],[-83.0167,9.9631],[-83.0093,9.9493],[-82.9963,9.9359],[-82.9498,9.8676],[-82.9349,9.8571],[-82.8773,9.7801],[-82.8338,9.7395],[-82.8083,9.7472],[-82.8025,9.7315],[-82.797,9.6912],[-82.7877,9.6728],[-82.7723,9.661],[-82.7052,9.6379],[-82.6814,9.6355],[-82.6579,9.6363],[-82.6359,9.6345],[-82.6164,9.6243],[-82.5914,9.587],[-82.5746,9.5768],[-82.5736,9.5762],[-82.5628,9.5387],[-82.5706,9.5382],[-82.5859,9.5462],[-82.6011,9.5487],[-82.6082,9.5379],[-82.6124,9.4995],[-82.6189,9.4867],[-82.6321,9.4847],[-82.6507,9.4878],[-82.6682,9.4932],[-82.678,9.4978],[-82.6887,9.5094],[-82.7015,9.5336],[-82.7117,9.545],[-82.7197,9.5413],[-82.7294,9.5449],[-82.7711,9.5799],[-82.829,9.6027],[-82.8475,9.6007],[-82.866,9.5851],[-82.8774,9.5692],[-82.8793,9.5599],[-82.8671,9.5386],[-82.8602,9.5112],[-82.8559,9.5054],[-82.8494,9.5035],[-82.8448,9.5007],[-82.8464,9.4925],[-82.8613,9.4841],[-82.9146,9.4769],[-82.9333,9.4703],[-82.9417,9.4563],[-82.9443,9.4372],[-82.9432,9.3543],[-82.9417,9.2344],[-82.9395,9.0706],[-82.9394,9.0596],[-82.9095,9.072],[-82.9002,9.0721],[-82.8933,9.0669],[-82.8897,9.0594],[-82.8869,9.0515],[-82.8824,9.0453],[-82.8766,9.0419],[-82.8541,9.032],[-82.8082,8.9984],[-82.7627,8.983],[-82.7491,8.9741],[-82.7233,8.9309],[-82.7194,8.9215],[-82.7202,8.9202],[-82.7339,8.898],[-82.7638,8.88],[-82.8669,8.8381],[-82.8786,8.8298],[-82.8883,8.8169],[-82.8836,8.8124],[-82.8756,8.8075],[-82.8758,8.7939],[-82.8851,8.7832],[-82.9149,8.7648],[-82.923,8.7562],[-82.9242,8.7412],[-82.9192,8.7271],[-82.9103,8.7139],[-82.8789,8.6791],[-82.8622,8.6557],[-82.8498,8.6299],[-82.8419,8.5995],[-82.836,8.5298],[-82.8389,8.4946],[-82.8483,8.4652],[-82.8704,8.4381],[-82.8965,8.4254],[-82.9248,8.4167],[-82.9535,8.4021],[-82.9978,8.3602],[-83.0433,8.3347],[-83.0521,8.3276],[-83.0532,8.3151],[-83.0441,8.3054],[-83.0161,8.289],[-83.0108,8.2834],[-83.0011,8.2692],[-82.9955,8.2648],[-82.9892,8.2645],[-82.9771,8.2692],[-82.968,8.268],[-82.9505,8.2588],[-82.9437,8.2486],[-82.9391,8.2168],[-82.8864,8.1022],[-82.8914,8.0575],[-82.8976,8.0347],[-82.9112,8.0454],[-82.9097,8.0606],[-82.9021,8.0775],[-82.8976,8.0928],[-82.9004,8.105],[-82.9685,8.2212],[-82.9926,8.2464],[-83.1169,8.3361],[-83.1509,8.3693],[-83.1215,8.4049],[-83.1161,8.4078],[-83.1105,8.418],[-83.0996,8.4313],[-83.0927,8.4467],[-83.099,8.4627],[-83.1317,8.5032],[-83.1372,8.5146],[-83.1377,8.5293],[-83.1306,8.5345],[-83.1182,8.5382],[-83.1024,8.548],[-83.1142,8.5518],[-83.1434,8.5502],[-83.1577,8.5555],[-83.1652,8.5637],[-83.185,8.6027],[-83.1818,8.6079],[-83.1802,8.6114],[-83.1782,8.617],[-83.1714,8.617],[-83.1617,8.6007],[-83.1588,8.5928],[-83.1577,8.5794],[-83.1533,8.5772],[-83.1236,8.589],[-83.1236,8.5965],[-83.1372,8.6022],[-83.1517,8.6129],[-83.1641,8.6256],[-83.1714,8.6375],[-83.1782,8.6375],[-83.1858,8.6252],[-83.204,8.6245],[-83.2248,8.6269],[-83.2403,8.6238],[-83.2476,8.6372],[-83.2593,8.6513],[-83.2732,8.6585],[-83.2874,8.6511],[-83.3191,8.6696],[-83.3284,8.6846],[-83.3222,8.7057],[-83.329,8.7062],[-83.3358,8.7057],[-83.3317,8.7221],[-83.3459,8.7299],[-83.3669,8.7343],[-83.3837,8.7398],[-83.3895,8.7281],[-83.3948,8.7289],[-83.4014,8.7337],[-83.4115,8.7337],[-83.4163,8.7283],[-83.4175,8.7213],[-83.4217,8.7152],[-83.4352,8.7126],[-83.4683,8.7175],[-83.4817,8.7126],[-83.4867,8.6927],[-83.4791,8.6984],[-83.4792,8.6989],[-83.473,8.6989],[-83.4379,8.6464],[-83.4333,8.6305],[-83.4127,8.5985],[-83.4048,8.589],[-83.3916,8.5823],[-83.3542,8.5711],[-83.3392,8.5692],[-83.3255,8.561],[-83.3124,8.5451],[-83.2997,8.5344],[-83.2874,8.5418],[-83.2869,8.5172],[-83.2888,8.507],[-83.2949,8.5003],[-83.2949,8.4934],[-83.2798,8.4729],[-83.2737,8.4379],[-83.2764,8.4016],[-83.2874,8.3767],[-83.3098,8.3759],[-83.3464,8.3876],[-83.3809,8.4041],[-83.3972,8.4177],[-83.3911,8.4177],[-83.3866,8.4141],[-83.383,8.4125],[-83.3694,8.4109],[-83.3887,8.4195],[-83.3965,8.4246],[-83.4048,8.432],[-83.4048,8.4177],[-83.4624,8.4427],[-83.4829,8.4456],[-83.5442,8.4383],[-83.5611,8.4382],[-83.5756,8.445],[-83.5889,8.4586],[-83.6133,8.49],[-83.7002,8.5703],[-83.7058,8.5794],[-83.7101,8.5805],[-83.7306,8.5888],[-83.7368,8.5927],[-83.7399,8.6238],[-83.7095,8.6704],[-83.7024,8.6784],[-83.6867,8.6877],[-83.6759,8.6918],[-83.671,8.6889],[-83.6678,8.6829],[-83.6609,8.6898],[-83.6366,8.7268],[-83.63,8.7337],[-83.6426,8.7495],[-83.6275,8.7674],[-83.6,8.782],[-83.5754,8.7883],[-83.5754,8.7945],[-83.5971,8.797],[-83.6079,8.796],[-83.6154,8.7901],[-83.6269,8.7777],[-83.6387,8.7723],[-83.6426,8.7819],[-83.6378,8.7989],[-83.6238,8.8156],[-83.599,8.8275],[-83.5876,8.8354],[-83.5829,8.8466],[-83.5891,8.8568],[-83.6021,8.8638],[-83.6139,8.8732],[-83.6164,8.8907],[-83.597,8.8809],[-83.5877,8.878],[-83.5754,8.8776],[-83.5814,8.885],[-83.589,8.8905],[-83.6034,8.8981],[-83.6095,8.9031],[-83.6129,8.9078],[-83.6183,8.911],[-83.63,8.9118],[-83.6179,8.919],[-83.6196,8.9243],[-83.6266,8.9282],[-83.63,8.9317],[-83.6255,8.9427],[-83.6204,8.9508],[-83.6134,8.9581],[-83.6034,8.9664],[-83.6299,9.0353],[-83.6348,9.0441],[-83.6512,9.062],[-83.658,9.0552],[-83.6804,9.0841],[-83.7009,9.1179],[-83.7272,9.1443],[-83.7672,9.1514],[-83.7649,9.1772],[-83.7869,9.1992],[-83.8171,9.2145],[-83.8395,9.2203],[-83.9181,9.2947],[-83.9951,9.3302],[-84.0074,9.3397],[-84.1036,9.3773],[-84.1099,9.3773],[-84.1163,9.3726],[-84.1219,9.3726],[-84.1266,9.3769],[-84.1304,9.3847],[-84.1441,9.3789],[-84.1523,9.3853],[-84.1615,9.3947],[-84.1787,9.3978],[-84.168,9.4162],[-84.1822,9.4422],[-84.2084,9.465],[-84.2334,9.4735],[-84.2334,9.4667],[-84.2246,9.465],[-84.2187,9.4626],[-84.2054,9.453],[-84.2314,9.4575],[-84.2727,9.4816],[-84.2989,9.4871],[-84.3242,9.4891],[-84.4579,9.526],[-84.4835,9.5281],[-84.4955,9.526],[-84.5083,9.522],[-84.5216,9.5193],[-84.535,9.5213],[-84.5467,9.5311],[-84.5507,9.5429],[-84.5554,9.5524],[-84.5691,9.5554],[-84.5666,9.5514],[-84.5651,9.5484],[-84.563,9.5412],[-84.5795,9.5543],[-84.6166,9.5781],[-84.6238,9.593],[-84.6273,9.6067],[-84.6361,9.6133],[-84.6472,9.6177],[-84.6579,9.6243],[-84.6614,9.6345],[-84.6599,9.6449],[-84.6627,9.6517],[-84.6784,9.651],[-84.6744,9.6624],[-84.6755,9.6733],[-84.6781,9.6835],[-84.6784,9.6926],[-84.6725,9.7038],[-84.6553,9.7208],[-84.6485,9.7377],[-84.6415,9.7461],[-84.6344,9.757],[-84.6312,9.7714],[-84.6346,9.7834],[-84.6424,9.7938],[-84.6579,9.8093],[-84.6984,9.8688],[-84.7097,9.8776],[-84.7259,9.8845],[-84.7238,9.8996],[-84.7097,9.9226],[-84.7343,9.9426],[-84.7388,9.9523],[-84.7336,9.9669],[-84.7623,9.9757],[-84.8509,9.9669],[-84.8509,9.9744],[-84.8387,9.9792],[-84.8229,9.9809],[-84.7882,9.9806],[-84.7882,9.9875],[-84.8201,9.989],[-84.8485,9.994],[-84.8743,10.0026],[-84.8981,10.0153],[-84.9283,10.0401],[-84.9329,10.0455],[-84.9393,10.0469],[-84.952,10.0554],[-84.961,10.0649],[-84.9562,10.0694],[-84.9729,10.0779],[-85.0139,10.116],[-85.0358,10.1267],[-85.0461,10.1361],[-85.0524,10.1383],[-85.0574,10.136],[-85.0617,10.1323],[-85.0674,10.1314],[-85.0762,10.1383],[-85.0703,10.1489],[-85.0683,10.1557],[-85.0729,10.1588],[-85.0768,10.1606],[-85.0899,10.1724],[-85.1079,10.1666],[-85.1756,10.1656],[-85.1935,10.1701],[-85.2095,10.1812],[-85.2345,10.2071],[-85.2345,10.2133],[-85.2288,10.2316],[-85.2462,10.2526],[-85.2892,10.2823],[-85.2831,10.262],[-85.2542,10.2412],[-85.2475,10.2167],[-85.2449,10.1704],[-85.2389,10.1431],[-85.2271,10.1246],[-85.2401,10.1163],[-85.2383,10.1024],[-85.2265,10.0894],[-85.1959,10.0788],[-85.185,10.0671],[-85.1719,10.0421],[-85.1656,10.0421],[-85.1576,10.0454],[-85.1541,10.0427],[-85.1526,10.0358],[-85.1613,10.0352],[-85.1703,10.0363],[-85.1788,10.0388],[-85.1861,10.0421],[-85.1861,10.0358],[-85.1674,10.0194],[-85.1445,9.9993],[-85.0839,9.9749],[-85.0762,9.9706],[-85.0691,9.9734],[-85.0531,9.9669],[-85.0145,9.945],[-84.9967,9.9393],[-84.9776,9.9388],[-84.9596,9.9465],[-84.9478,9.9372],[-84.9226,9.9215],[-84.9111,9.9117],[-84.9111,9.9055],[-84.9311,9.9007],[-84.9302,9.8863],[-84.9181,9.8695],[-84.9049,9.8571],[-84.9131,9.8543],[-84.9208,9.8489],[-84.9329,9.8366],[-84.9181,9.83],[-84.9006,9.8281],[-84.8646,9.8292],[-84.8646,9.8229],[-84.8787,9.8135],[-84.8966,9.8061],[-84.912,9.7958],[-84.9186,9.7783],[-84.9224,9.7742],[-84.9459,9.7609],[-84.9503,9.7536],[-84.9555,9.7351],[-84.9596,9.7274],[-84.991,9.7427],[-85.0076,9.7441],[-85.0148,9.7308],[-85.0104,9.7226],[-84.995,9.7033],[-84.9974,9.6994],[-85.0298,9.6837],[-85.0353,9.6824],[-85.0389,9.6773],[-85.0626,9.6653],[-85.0675,9.6574],[-85.0893,9.5886],[-85.0985,9.5711],[-85.1105,9.5554],[-85.1178,9.5554],[-85.1458,9.6126],[-85.2291,9.7244],[-85.2345,9.7373],[-85.2386,9.742],[-85.2479,9.7477],[-85.273,9.758],[-85.2751,9.7659],[-85.2747,9.7751],[-85.2755,9.782],[-85.2993,9.808],[-85.3324,9.8266],[-85.44,9.8645],[-85.4496,9.8625],[-85.4639,9.8526],[-85.4704,9.8502],[-85.48,9.8525],[-85.4936,9.8623],[-85.5045,9.8645],[-85.511,9.8651],[-85.5132,9.8666],[-85.5145,9.8697],[-85.5182,9.8742],[-85.5252,9.8774],[-85.531,9.8759],[-85.5348,9.8727],[-85.5356,9.8708],[-85.5921,9.8887],[-85.6191,9.8929],[-85.6255,9.8968],[-85.6306,9.9016],[-85.6386,9.9055],[-85.6498,9.905],[-85.6572,9.9005],[-85.6638,9.9001],[-85.6727,9.9117],[-85.6656,9.9303],[-85.6761,9.9555],[-85.7786,10.0799],[-85.7847,10.0909],[-85.7927,10.1178],[-85.805,10.1367],[-85.844,10.231],[-85.8476,10.2593],[-85.8518,10.2766],[-85.8577,10.2891],[-85.8439,10.3024],[-85.8382,10.312],[-85.8403,10.3201],[-85.8616,10.347],[-85.875,10.355],[-85.8676,10.3649],[-85.8502,10.3785],[-85.8385,10.3955],[-85.8304,10.412],[-85.8133,10.4053],[-85.804,10.4159],[-85.7967,10.4314],[-85.7755,10.4473],[-85.7837,10.4652],[-85.7988,10.484],[-85.8092,10.4945],[-85.803,10.4988],[-85.8003,10.5003],[-85.7956,10.5014],[-85.7956,10.5082],[-85.8092,10.5082],[-85.8092,10.515],[-85.7978,10.5172],[-85.7905,10.5241],[-85.782,10.543],[-85.7751,10.543],[-85.7612,10.5318],[-85.7416,10.5398],[-85.7216,10.5509],[-85.7063,10.5491],[-85.7001,10.5491],[-85.7014,10.5623],[-85.698,10.5686],[-85.6923,10.5721],[-85.687,10.5765],[-85.6778,10.5921],[-85.6742,10.5913],[-85.6619,10.5901],[-85.6317,10.6212],[-85.634,10.6295],[-85.6393,10.6358],[-85.6523,10.6447],[-85.6932,10.6038],[-85.6942,10.6071],[-85.6941,10.61],[-85.6952,10.6116],[-85.7001,10.6112],[-85.7001,10.6175],[-85.6885,10.63],[-85.6814,10.6352],[-85.6727,10.6379],[-85.6796,10.6447],[-85.6804,10.6438],[-85.6818,10.6419],[-85.6839,10.6398],[-85.687,10.6379],[-85.6845,10.6462],[-85.684,10.6491],[-85.6727,10.6522],[-85.6727,10.6584],[-85.6796,10.6584],[-85.6796,10.6658],[-85.6629,10.679],[-85.6596,10.713],[-85.6653,10.7788],[-85.6803,10.7963],[-85.7134,10.8109],[-85.7465,10.8162],[-85.7615,10.8061],[-85.7675,10.8061],[-85.7951,10.8286],[-85.8031,10.8372],[-85.7983,10.8356],[-85.7924,10.8383],[-85.7899,10.8439],[-85.7956,10.8509],[-85.803,10.8525],[-85.8223,10.8506],[-85.8304,10.8509],[-85.8598,10.8618],[-85.8829,10.8751],[-85.9088,10.8864],[-85.9464,10.8911],[-85.9464,10.8986],[-85.9238,10.9042],[-85.8815,10.9232],[-85.8577,10.9259],[-85.8615,10.9321],[-85.8645,10.9359],[-85.8691,10.9381],[-85.8782,10.9396],[-85.8782,10.9464],[-85.8287,10.9493],[-85.8162,10.9464],[-85.8109,10.9387],[-85.8122,10.9297],[-85.8146,10.9223],[-85.8127,10.9191],[-85.8085,10.9172],[-85.7956,10.9055],[-85.7894,10.9055],[-85.782,10.9129],[-85.782,10.9191],[-85.7934,10.9302],[-85.7825,10.9374],[-85.7611,10.9406],[-85.741,10.9396],[-85.7342,10.9364],[-85.7252,10.9277],[-85.7171,10.9259],[-85.7106,10.9283],[-85.7078,10.934],[-85.7089,10.9408],[-85.7137,10.9464],[-85.7137,10.9538],[-85.6989,10.9593],[-85.6947,10.9702],[-85.6982,10.9832],[-85.7063,10.9948],[-85.7135,11.0],[-85.7304,11.0069],[-85.7376,11.0119],[-85.746,11.0207],[-85.746,11.023],[-85.741,11.0241],[-85.7342,11.029],[-85.7189,11.0429],[-85.71,11.0381],[-85.6996,11.0286],[-85.6796,11.029],[-85.6675,11.0399],[-85.6702,11.0544],[-85.681,11.0684],[-85.6932,11.0773],[-85.7017,11.0809],[-85.6776,11.1196],[-85.6593,11.1588],[-85.6312,11.1962],[-85.5978,11.2099],[-85.5692,11.1954],[-85.5409,11.1703],[-85.5086,11.1524],[-85.4074,11.1154],[-85.2724,11.0662],[-85.2365,11.0531]]]}},{"type":"Feature","properties":{"region":"central_america","name":"Guatemala","name_official":"Guatemala"},"geometry":{"type":"Polygon","coordinates":[[[-89.1605,17.8143],[-89.1562,17.5982],[-89.1507,17.321],[-89.1492,17.0363],[-89.1661,16.777],[-89.1844,16.4959],[-89.1931,16.3926],[-89.2085,16.1861],[-89.2341,15.9549],[-89.236,15.9065],[-89.2365,15.8939],[-89.2282,15.8808],[-89.226,15.884],[-89.2165,15.8886],[-89.2048,15.8924],[-89.1958,15.8929],[-89.1774,15.9003],[-89.1009,15.8968],[-89.0724,15.9015],[-89.0403,15.9017],[-88.9519,15.8797],[-88.914,15.8939],[-88.9,15.8878],[-88.8662,15.8603],[-88.8316,15.8686],[-88.7873,15.8591],[-88.7533,15.8398],[-88.7495,15.8188],[-88.7268,15.8152],[-88.626,15.7539],[-88.6383,15.7088],[-88.6362,15.7021],[-88.6092,15.7021],[-88.5984,15.7061],[-88.5952,15.7147],[-88.5963,15.7222],[-88.5987,15.7232],[-88.599,15.7274],[-88.6024,15.7309],[-88.6056,15.7355],[-88.6055,15.7431],[-88.6005,15.7446],[-88.5912,15.7436],[-88.5822,15.745],[-88.5782,15.7539],[-88.5743,15.77],[-88.5655,15.781],[-88.5561,15.7895],[-88.5503,15.7983],[-88.5491,15.8137],[-88.5567,15.8373],[-88.5577,15.8529],[-88.5503,15.8529],[-88.5506,15.8425],[-88.5503,15.8393],[-88.5441,15.8393],[-88.5321,15.8468],[-88.503,15.8414],[-88.4888,15.8467],[-88.512,15.8676],[-88.5248,15.877],[-88.5433,15.8852],[-88.551,15.8952],[-88.5577,15.9066],[-88.5645,15.915],[-88.6076,15.9384],[-88.6199,15.9533],[-88.6055,15.9696],[-88.5902,15.961],[-88.5618,15.949],[-88.5503,15.9423],[-88.5212,15.9127],[-88.5002,15.9011],[-88.4479,15.8587],[-88.3448,15.812],[-88.311,15.7824],[-88.3004,15.7778],[-88.2563,15.7404],[-88.2215,15.7259],[-88.2209,15.7257],[-88.2209,15.7256],[-88.2326,15.7214],[-88.2357,15.7124],[-88.2349,15.7016],[-88.2416,15.6882],[-88.2478,15.6957],[-88.265,15.6886],[-88.2797,15.6807],[-88.2956,15.675],[-88.3167,15.6746],[-88.3223,15.6673],[-88.3526,15.6169],[-88.399,15.5728],[-88.4674,15.5207],[-88.5,15.496],[-88.5,15.4959],[-88.5874,15.4303],[-88.6742,15.3651],[-88.7609,15.3],[-88.847,15.2353],[-88.9734,15.1404],[-89.0083,15.1244],[-89.1098,15.0915],[-89.1405,15.0764],[-89.1469,15.0713],[-89.1608,15.0602],[-89.1728,15.0422],[-89.1886,14.9961],[-89.1691,14.9784],[-89.1692,14.9521],[-89.1815,14.9237],[-89.1892,14.9131],[-89.1988,14.8998],[-89.2236,14.879],[-89.2314,14.8673],[-89.2324,14.8485],[-89.2277,14.8346],[-89.219,14.8217],[-89.1988,14.7981],[-89.1894,14.783],[-89.1705,14.7388],[-89.1597,14.7251],[-89.1505,14.7173],[-89.1462,14.7109],[-89.1445,14.7083],[-89.1427,14.6913],[-89.1452,14.6834],[-89.1558,14.6723],[-89.1594,14.666],[-89.1552,14.6156],[-89.1557,14.5978],[-89.1604,14.5813],[-89.1721,14.5704],[-89.1837,14.5695],[-89.2088,14.5779],[-89.2211,14.5801],[-89.2381,14.5779],[-89.2457,14.573],[-89.2505,14.5652],[-89.2596,14.5543],[-89.2909,14.528],[-89.3049,14.5134],[-89.3148,14.496],[-89.323,14.4875],[-89.3453,14.482],[-89.3555,14.4754],[-89.362,14.4624],[-89.3638,14.4466],[-89.3616,14.4155],[-89.3906,14.436],[-89.3917,14.4337],[-89.3969,14.426],[-89.3982,14.4454],[-89.4084,14.4415],[-89.4311,14.4187],[-89.4468,14.4155],[-89.4581,14.4196],[-89.4694,14.4254],[-89.4853,14.4274],[-89.4961,14.4229],[-89.503,14.4201],[-89.5278,14.3911],[-89.5414,14.3815],[-89.5442,14.4001],[-89.5552,14.4108],[-89.5699,14.412],[-89.5841,14.4018],[-89.5906,14.386],[-89.5863,14.3747],[-89.579,14.3648],[-89.5761,14.3531],[-89.5824,14.3434],[-89.5924,14.3364],[-89.5984,14.328],[-89.5922,14.3138],[-89.5713,14.3111],[-89.5644,14.3081],[-89.5586,14.3028],[-89.5557,14.299],[-89.5499,14.2883],[-89.5486,14.2836],[-89.5468,14.2683],[-89.5449,14.2618],[-89.5406,14.2576],[-89.5279,14.2515],[-89.5247,14.2474],[-89.5245,14.2318],[-89.5309,14.2256],[-89.6383,14.2006],[-89.6646,14.1889],[-89.6898,14.17],[-89.7099,14.1487],[-89.7526,14.0752],[-89.7554,14.0671],[-89.7545,14.0594],[-89.748,14.0449],[-89.7473,14.0432],[-89.7476,14.0376],[-89.7623,14.03],[-89.7769,14.0358],[-89.803,14.0555],[-89.8211,14.0601],[-89.8359,14.0591],[-89.8801,14.0427],[-89.8908,14.0359],[-89.9121,14.0152],[-90.0082,13.9497],[-90.023,13.937],[-90.0315,13.9229],[-90.0381,13.9084],[-90.0474,13.8943],[-90.0596,13.8847],[-90.0871,13.8705],[-90.099,13.8585],[-90.107,13.8441],[-90.1123,13.8283],[-90.1148,13.812],[-90.1143,13.7963],[-90.093,13.7289],[-90.0983,13.7314],[-90.2456,13.7907],[-90.4012,13.8586],[-90.5002,13.8947],[-90.5804,13.9133],[-90.638,13.9224],[-90.7073,13.9289],[-90.7846,13.9215],[-90.7962,13.9182],[-90.9103,13.9111],[-91.0437,13.9136],[-91.1658,13.9267],[-91.3165,13.9557],[-91.5519,14.0573],[-91.6371,14.1044],[-91.7626,14.1802],[-91.9082,14.2838],[-92.0496,14.408],[-92.2462,14.5463],[-92.2261,14.5493],[-92.2081,14.5705],[-92.1861,14.6296],[-92.1647,14.6681],[-92.1608,14.6835],[-92.1617,14.7023],[-92.1794,14.7516],[-92.1801,14.7588],[-92.1788,14.7734],[-92.1794,14.7812],[-92.1887,14.8059],[-92.1908,14.8142],[-92.1917,14.8353],[-92.1868,14.8473],[-92.166,14.8708],[-92.1547,14.9008],[-92.1576,14.963],[-92.1542,14.9959],[-92.1424,15.0075],[-92.1299,15.0109],[-92.117,15.0124],[-92.1038,15.0179],[-92.0936,15.0294],[-92.0738,15.0737],[-92.2034,15.2372],[-92.2109,15.2534],[-92.2113,15.2721],[-92.2047,15.2895],[-92.1862,15.3204],[-92.1374,15.4018],[-92.1059,15.4545],[-92.0685,15.5169],[-91.9896,15.649],[-91.9106,15.781],[-91.8417,15.8961],[-91.793,15.9776],[-91.7745,16.0084],[-91.7519,16.0463],[-91.7398,16.061],[-91.7238,16.0688],[-91.6784,16.0689],[-91.5405,16.0691],[-91.4026,16.0693],[-91.2648,16.0695],[-91.1269,16.0698],[-90.9948,16.0699],[-90.989,16.0699],[-90.8511,16.0701],[-90.7133,16.0703],[-90.5755,16.0706],[-90.4857,16.0707],[-90.4662,16.0729],[-90.4482,16.0793],[-90.4481,16.0793],[-90.4478,16.0797],[-90.4442,16.0847],[-90.4374,16.0989],[-90.4345,16.1072],[-90.4402,16.1049],[-90.4427,16.1042],[-90.4445,16.1033],[-90.4481,16.0997],[-90.4556,16.0997],[-90.4595,16.1168],[-90.4353,16.1363],[-90.4481,16.1482],[-90.4481,16.1544],[-90.4261,16.1631],[-90.4327,16.1732],[-90.4618,16.1891],[-90.4656,16.2081],[-90.4585,16.2217],[-90.4462,16.2308],[-90.4345,16.2363],[-90.448,16.2415],[-90.4578,16.2491],[-90.4594,16.2591],[-90.4481,16.2711],[-90.4437,16.2669],[-90.4406,16.2653],[-90.4277,16.2636],[-90.4314,16.2689],[-90.4375,16.28],[-90.4413,16.2854],[-90.4367,16.2848],[-90.4355,16.2862],[-90.4355,16.2888],[-90.4345,16.2916],[-90.4286,16.2876],[-90.4202,16.2854],[-90.4141,16.2878],[-90.414,16.2984],[-90.4202,16.296],[-90.4347,16.3012],[-90.4449,16.3084],[-90.4379,16.3121],[-90.4195,16.3178],[-90.4047,16.3315],[-90.3988,16.3476],[-90.4072,16.3604],[-90.414,16.3604],[-90.414,16.353],[-90.4208,16.353],[-90.4182,16.3672],[-90.4087,16.3723],[-90.3951,16.3714],[-90.3799,16.3673],[-90.3914,16.386],[-90.3927,16.3917],[-90.3929,16.4048],[-90.3949,16.4192],[-90.4006,16.4205],[-90.4095,16.4167],[-90.4208,16.4151],[-90.4267,16.4177],[-90.4341,16.4224],[-90.4444,16.4268],[-90.4758,16.4307],[-90.4784,16.4364],[-90.4771,16.445],[-90.4823,16.4561],[-90.4882,16.4616],[-90.4978,16.468],[-90.5089,16.4711],[-90.5329,16.4599],[-90.5391,16.4689],[-90.5437,16.4902],[-90.5534,16.4903],[-90.5794,16.4828],[-90.5847,16.4802],[-90.5906,16.4834],[-90.6047,16.4862],[-90.6207,16.4867],[-90.6331,16.4833],[-90.6279,16.4929],[-90.619,16.5001],[-90.6121,16.5076],[-90.6126,16.5181],[-90.6242,16.5249],[-90.6395,16.5259],[-90.6482,16.5296],[-90.64,16.5448],[-90.6435,16.561],[-90.637,16.5779],[-90.6338,16.5922],[-90.6474,16.6001],[-90.6503,16.5934],[-90.6536,16.5901],[-90.6588,16.5884],[-90.6672,16.587],[-90.6672,16.5932],[-90.654,16.6166],[-90.6677,16.6526],[-90.7353,16.7466],[-90.7498,16.7577],[-90.7856,16.775],[-90.8004,16.7868],[-90.797,16.7987],[-90.797,16.8054],[-90.8106,16.8129],[-90.82,16.8053],[-90.8317,16.8054],[-90.9006,16.826],[-90.9191,16.8363],[-90.9482,16.8647],[-90.9689,16.8744],[-90.9528,16.8909],[-90.9552,16.8988],[-90.9688,16.901],[-90.9863,16.9011],[-90.988,16.8969],[-90.9843,16.8878],[-90.9833,16.8786],[-90.9931,16.8744],[-90.9983,16.8772],[-91.0109,16.8903],[-91.0167,16.8948],[-91.0549,16.908],[-91.0669,16.9182],[-91.0713,16.9389],[-91.0769,16.9495],[-91.1122,16.9905],[-91.1161,16.9993],[-91.1212,17.0184],[-91.1266,17.0246],[-91.1371,17.0265],[-91.1612,17.024],[-91.1712,17.028],[-91.2068,17.0654],[-91.216,17.0792],[-91.2202,17.0893],[-91.2254,17.107],[-91.2296,17.114],[-91.2388,17.1192],[-91.2592,17.1243],[-91.2631,17.1307],[-91.2651,17.1462],[-91.2708,17.1643],[-91.2795,17.1801],[-91.2904,17.1891],[-91.3178,17.1905],[-91.3445,17.1863],[-91.3649,17.1898],[-91.3729,17.2136],[-91.3883,17.2216],[-91.4192,17.2277],[-91.4425,17.238],[-91.4383,17.2537],[-91.4308,17.255],[-90.992,17.2519],[-90.9914,17.5269],[-90.9909,17.802],[-90.9828,17.8105],[-90.9622,17.816],[-90.9191,17.816],[-90.6992,17.8158],[-90.4795,17.8156],[-90.2597,17.8153],[-90.0398,17.8151],[-89.82,17.815],[-89.6002,17.8147],[-89.3803,17.8145],[-89.1605,17.8143]]]}},{"type":"Feature","properties":{"region":"central_america","name":"Honduras","name_official":"Honduras"},"geometry":{"type":"Polygon","coordinates":[[[-87.6243,13.2529],[-87.6466,13.2492],[-87.6586,13.251],[-87.6627,13.2528],[-87.6671,13.256],[-87.6671,13.2622],[-87.6601,13.2622],[-87.664,13.2675],[-87.67,13.2786],[-87.6738,13.2839],[-87.6576,13.2891],[-87.6448,13.2908],[-87.6151,13.2901],[-87.612,13.2829],[-87.6139,13.2673],[-87.6243,13.2529]]]}},{"type":"Feature","properties":{"region":"central_america","name":"Honduras","name_official":"Honduras"},"geometry":{"type":"Polygon","coordinates":[[[-87.6223,13.3689],[-87.6124,13.366],[-87.5854,13.3717],[-87.5708,13.372],[-87.5708,13.3659],[-87.5881,13.358],[-87.5763,13.3185],[-87.5913,13.3044],[-87.6376,13.3192],[-87.659,13.3317],[-87.6565,13.3491],[-87.6435,13.3677],[-87.6344,13.3735],[-87.6223,13.3689]]]}},{"type":"Feature","properties":{"region":"central_america","name":"Honduras","name_official":"Honduras"},"geometry":{"type":"Polygon","coordinates":[[[-85.6896,15.9464],[-85.687,15.9355],[-85.6796,15.9355],[-85.6801,15.9422],[-85.678,15.9454],[-85.675,15.9471],[-85.6727,15.9492],[-85.6562,15.9488],[-85.6473,15.9359],[-85.6296,15.922],[-85.6085,15.9071],[-85.5641,15.8889],[-85.4886,15.8696],[-85.4364,15.8738],[-85.362,15.8811],[-85.2543,15.8841],[-85.1964,15.9074],[-85.1238,15.9586],[-85.0758,15.9862],[-84.9999,15.9879],[-84.9508,15.972],[-84.8545,15.9298],[-84.7336,15.895],[-84.6766,15.8762],[-84.6623,15.8656],[-84.6685,15.8532],[-84.6809,15.8349],[-84.6809,15.8192],[-84.6811,15.7943],[-84.6601,15.7745],[-84.6403,15.7718],[-84.6157,15.7795],[-84.6122,15.7998],[-84.6094,15.809],[-84.5999,15.8083],[-84.5931,15.7958],[-84.5755,15.7839],[-84.5503,15.7877],[-84.5264,15.7849],[-84.4774,15.7788],[-84.4685,15.7892],[-84.4528,15.7956],[-84.4739,15.8043],[-84.499,15.8097],[-84.578,15.8226],[-84.6079,15.8352],[-84.6331,15.8471],[-84.6418,15.8629],[-84.6016,15.8548],[-84.4642,15.8298],[-84.3743,15.8207],[-84.315,15.8177],[-84.2946,15.811],[-84.2404,15.7674],[-84.1671,15.7097],[-84.0583,15.6202],[-83.9529,15.5329],[-83.8942,15.4852],[-83.8175,15.4399],[-83.7991,15.4293],[-83.7809,15.4215],[-83.7457,15.4158],[-83.7368,15.4113],[-83.73,15.4016],[-83.7294,15.3937],[-83.7359,15.3886],[-83.7508,15.3868],[-83.7683,15.3934],[-83.8062,15.4223],[-83.8345,15.4318],[-83.8534,15.4448],[-83.8628,15.4489],[-83.8931,15.4492],[-83.9064,15.452],[-83.9181,15.4631],[-83.9134,15.4648],[-83.9092,15.4678],[-83.9044,15.4694],[-83.9131,15.4818],[-83.946,15.5178],[-83.9528,15.5178],[-83.9637,15.5125],[-83.9772,15.5202],[-83.9912,15.5317],[-84.004,15.5376],[-84.0245,15.5351],[-84.0339,15.5289],[-84.0412,15.5202],[-84.0552,15.5109],[-84.0616,15.5151],[-84.0893,15.5246],[-84.0766,15.5355],[-84.0712,15.5417],[-84.0688,15.5482],[-84.0736,15.5505],[-84.0844,15.5522],[-84.0962,15.5526],[-84.1036,15.5512],[-84.1064,15.5404],[-84.1,15.5233],[-84.0884,15.5049],[-84.0758,15.4904],[-84.0782,15.4882],[-84.0793,15.4875],[-84.0803,15.4864],[-84.0825,15.483],[-84.0893,15.483],[-84.1193,15.5393],[-84.1304,15.5512],[-84.1418,15.5531],[-84.1549,15.5507],[-84.1719,15.5451],[-84.1838,15.5459],[-84.201,15.5499],[-84.2129,15.5512],[-84.2051,15.5285],[-84.1987,15.5207],[-84.1804,15.5145],[-84.1802,15.5062],[-84.1835,15.4949],[-84.1855,15.483],[-84.1787,15.483],[-84.1756,15.4983],[-84.1556,15.5074],[-84.1466,15.5351],[-84.1371,15.5381],[-84.1278,15.5326],[-84.1142,15.4999],[-84.0981,15.4735],[-84.0922,15.4509],[-84.1136,15.4414],[-84.1242,15.4302],[-84.1165,15.405],[-84.0995,15.3776],[-84.0825,15.3601],[-84.0567,15.3468],[-84.0354,15.3419],[-84.0259,15.3512],[-84.0354,15.3806],[-84.022,15.3703],[-84.0101,15.3568],[-84.0054,15.3413],[-84.0136,15.3253],[-83.9999,15.3088],[-83.9806,15.3057],[-83.9318,15.3117],[-83.9318,15.3049],[-83.9414,15.3052],[-83.9479,15.3034],[-83.959,15.298],[-83.959,15.2918],[-83.9507,15.2748],[-83.9384,15.2592],[-83.922,15.2479],[-83.901,15.2434],[-83.8828,15.2456],[-83.8595,15.2513],[-83.8371,15.26],[-83.8219,15.2707],[-83.8345,15.2826],[-83.8771,15.3049],[-83.8843,15.3117],[-83.8876,15.3183],[-83.8917,15.3234],[-83.901,15.3253],[-83.9117,15.3261],[-83.9881,15.3524],[-84.0006,15.3601],[-84.0238,15.3926],[-84.0354,15.4011],[-84.0265,15.4087],[-84.0167,15.4137],[-83.9944,15.4215],[-83.9051,15.3835],[-83.8907,15.3632],[-83.8851,15.3526],[-83.8713,15.3428],[-83.8544,15.3356],[-83.8259,15.3297],[-83.8141,15.3217],[-83.8039,15.3105],[-83.7952,15.298],[-83.8018,15.2937],[-83.8099,15.2867],[-83.8157,15.2844],[-83.8157,15.2781],[-83.7992,15.2746],[-83.7853,15.2844],[-83.7745,15.2857],[-83.7672,15.2564],[-83.7694,15.2192],[-83.7672,15.2093],[-83.7598,15.2021],[-83.7523,15.2025],[-83.7472,15.2097],[-83.7474,15.2229],[-83.7399,15.2229],[-83.731,15.2034],[-83.7226,15.2081],[-83.7058,15.2372],[-83.6903,15.2459],[-83.6695,15.2519],[-83.6338,15.2564],[-83.6294,15.2611],[-83.6315,15.2838],[-83.63,15.2918],[-83.6234,15.2961],[-83.617,15.2956],[-83.6095,15.2933],[-83.5447,15.281],[-83.5277,15.2844],[-83.5277,15.2781],[-83.5336,15.2722],[-83.5329,15.2681],[-83.5297,15.2637],[-83.5277,15.2564],[-83.5277,15.2263],[-83.5329,15.2112],[-83.5444,15.205],[-83.5559,15.2093],[-83.5611,15.2263],[-83.5648,15.2314],[-83.5735,15.2348],[-83.5839,15.2366],[-83.5925,15.2372],[-83.5985,15.2331],[-83.6039,15.224],[-83.6102,15.2093],[-83.6147,15.2041],[-83.6191,15.2009],[-83.6225,15.1959],[-83.6239,15.1854],[-83.6214,15.1762],[-83.6158,15.1745],[-83.609,15.1774],[-83.6034,15.182],[-83.6085,15.1904],[-83.6095,15.1969],[-83.6075,15.2028],[-83.6034,15.2093],[-83.5959,15.2093],[-83.5939,15.1848],[-83.587,15.1672],[-83.5745,15.1605],[-83.5549,15.1683],[-83.5495,15.174],[-83.5404,15.1887],[-83.5345,15.195],[-83.5266,15.1999],[-83.4818,15.2156],[-83.4822,15.2191],[-83.4867,15.2297],[-83.4909,15.2359],[-83.4966,15.2405],[-83.5023,15.2463],[-83.5065,15.2564],[-83.5099,15.2706],[-83.5172,15.2897],[-83.5296,15.301],[-83.5482,15.2918],[-83.5779,15.3091],[-83.5926,15.3122],[-83.6102,15.3049],[-83.6164,15.3117],[-83.6141,15.3154],[-83.6102,15.3253],[-83.6263,15.3275],[-83.6696,15.3429],[-83.6785,15.3493],[-83.689,15.3606],[-83.7098,15.3671],[-83.7253,15.3759],[-83.7194,15.3942],[-83.703,15.402],[-83.6874,15.3937],[-83.6733,15.3806],[-83.6614,15.3738],[-83.6506,15.3703],[-83.5426,15.3157],[-83.408,15.2664],[-83.3563,15.2297],[-83.3446,15.2109],[-83.3284,15.1466],[-83.3109,15.1064],[-83.2843,15.0683],[-83.2538,15.0446],[-83.1304,14.997],[-83.1437,14.9949],[-83.1774,14.9968],[-83.1913,14.9943],[-83.2177,14.9825],[-83.262,14.9832],[-83.2662,14.9825],[-83.2783,14.9871],[-83.2857,14.9921],[-83.2849,14.9974],[-83.273,15.003],[-83.3171,15.0076],[-83.3342,15.0064],[-83.3494,14.9968],[-83.3545,15.0101],[-83.365,15.0163],[-83.3778,15.0213],[-83.3903,15.031],[-83.3999,15.0136],[-83.4155,14.9969],[-83.4357,14.9852],[-83.4592,14.9825],[-83.4684,14.9874],[-83.4806,15.0055],[-83.4859,15.0105],[-83.499,15.0127],[-83.5091,15.0115],[-83.5125,15.0065],[-83.5057,14.9968],[-83.511,14.9902],[-83.5126,14.984],[-83.5132,14.9689],[-83.523,14.9777],[-83.5286,14.9734],[-83.5299,14.9618],[-83.5269,14.9484],[-83.5325,14.951],[-83.5474,14.9552],[-83.5451,14.9522],[-83.5424,14.9451],[-83.5405,14.9416],[-83.5549,14.9374],[-83.5798,14.9181],[-83.6043,14.9092],[-83.6092,14.8984],[-83.6113,14.8849],[-83.6156,14.8727],[-83.6231,14.8727],[-83.6316,14.8832],[-83.65,14.8885],[-83.6721,14.8896],[-83.692,14.887],[-83.7106,14.8783],[-83.7145,14.8672],[-83.705,14.8385],[-83.7124,14.8385],[-83.7162,14.8471],[-83.7236,14.8516],[-83.7339,14.853],[-83.7466,14.8522],[-83.7445,14.8367],[-83.7653,14.8288],[-83.8211,14.8255],[-83.8139,14.8138],[-83.809,14.8089],[-83.8012,14.8038],[-83.8197,14.8036],[-83.8395,14.7974],[-83.8573,14.7878],[-83.8695,14.7771],[-83.8753,14.7843],[-83.8788,14.7867],[-83.8827,14.7878],[-83.8899,14.7907],[-83.885,14.7813],[-83.8838,14.7771],[-83.8966,14.7804],[-83.9127,14.7972],[-83.9247,14.8038],[-83.9297,14.7809],[-83.9299,14.7717],[-83.9247,14.7634],[-84.0236,14.7583],[-84.0408,14.7603],[-84.0427,14.7681],[-84.0478,14.7708],[-84.0647,14.7703],[-84.0752,14.7716],[-84.079,14.7752],[-84.0816,14.7798],[-84.1044,14.7939],[-84.1118,14.7934],[-84.1227,14.7845],[-84.1111,14.761],[-84.1042,14.7519],[-84.0954,14.7436],[-84.0954,14.7361],[-84.1023,14.7319],[-84.1065,14.7323],[-84.1112,14.7347],[-84.1196,14.7361],[-84.1287,14.7342],[-84.1339,14.73],[-84.1379,14.7252],[-84.1438,14.7219],[-84.1682,14.715],[-84.1829,14.7139],[-84.195,14.7187],[-84.2187,14.7434],[-84.2264,14.7498],[-84.2354,14.7547],[-84.2492,14.7594],[-84.2618,14.7585],[-84.2673,14.7467],[-84.2622,14.6997],[-84.2673,14.6777],[-84.2878,14.6672],[-84.2989,14.668],[-84.3232,14.6733],[-84.3384,14.6747],[-84.346,14.68],[-84.3532,14.706],[-84.3629,14.7156],[-84.3761,14.6967],[-84.39,14.6715],[-84.4084,14.6494],[-84.4457,14.6367],[-84.4716,14.6226],[-84.4827,14.6195],[-84.498,14.6239],[-84.5085,14.6326],[-84.519,14.6383],[-84.5342,14.6337],[-84.5312,14.6533],[-84.5274,14.6604],[-84.6004,14.6625],[-84.623,14.6672],[-84.6617,14.6834],[-84.6808,14.6855],[-84.6993,14.6747],[-84.7144,14.7089],[-84.7248,14.7256],[-84.7453,14.7391],[-84.7443,14.7524],[-84.747,14.7645],[-84.7669,14.7669],[-84.7664,14.7689],[-84.7586,14.7787],[-84.7555,14.7815],[-84.7702,14.8051],[-84.7921,14.8211],[-84.8181,14.8287],[-84.8444,14.8275],[-84.9042,14.817],[-84.9206,14.8077],[-84.9665,14.7646],[-84.9844,14.7522],[-84.9999,14.742],[-85.002,14.7407],[-85.0157,14.7282],[-85.0245,14.7125],[-85.0298,14.6755],[-85.033,14.6696],[-85.0382,14.6672],[-85.0539,14.6631],[-85.0485,14.6533],[-85.0202,14.6337],[-85.0422,14.6135],[-85.0482,14.6058],[-85.0222,14.6058],[-85.0237,14.6025],[-85.0296,14.589],[-85.0652,14.5543],[-85.0864,14.5445],[-85.1034,14.5569],[-85.1193,14.574],[-85.1375,14.5785],[-85.1455,14.5643],[-85.1498,14.5365],[-85.1518,14.486],[-85.1554,14.4795],[-85.1785,14.4556],[-85.1797,14.4492],[-85.1774,14.434],[-85.1785,14.4276],[-85.2058,14.4072],[-85.1897,14.3968],[-85.1719,14.381],[-85.159,14.3611],[-85.158,14.3383],[-85.1696,14.3218],[-85.1902,14.3096],[-85.2152,14.3016],[-85.24,14.2973],[-85.2778,14.2973],[-85.2882,14.2951],[-85.312,14.2837],[-85.3214,14.2813],[-85.3268,14.2757],[-85.3309,14.269],[-85.338,14.2607],[-85.3408,14.2534],[-85.3436,14.2501],[-85.3478,14.2492],[-85.3585,14.2509],[-85.3629,14.2501],[-85.3725,14.2411],[-85.384,14.2264],[-85.3936,14.2108],[-85.4009,14.1852],[-85.4091,14.1662],[-85.4202,14.1469],[-85.4317,14.1328],[-85.4576,14.113],[-85.4747,14.1034],[-85.5106,14.0938],[-85.5164,14.0805],[-85.5186,14.0646],[-85.528,14.0509],[-85.5466,14.0449],[-85.5631,14.042],[-85.5717,14.0405],[-85.5936,14.0335],[-85.6031,14.0195],[-85.6128,14.0097],[-85.6479,13.9993],[-85.6446,13.9888],[-85.6477,13.9878],[-85.6504,13.9879],[-85.652,13.9867],[-85.6515,13.982],[-85.6577,13.982],[-85.6662,13.9845],[-85.6865,13.9673],[-85.6992,13.9615],[-85.717,13.9627],[-85.7273,13.965],[-85.7322,13.9595],[-85.7334,13.9376],[-85.7433,13.9076],[-85.7474,13.8883],[-85.7437,13.8796],[-85.7287,13.875],[-85.723,13.8634],[-85.7251,13.8479],[-85.7334,13.8318],[-85.7403,13.8256],[-85.7425,13.8237],[-85.7431,13.824],[-85.745,13.8247],[-85.7583,13.8393],[-85.7787,13.8409],[-85.802,13.8402],[-85.8242,13.8477],[-85.8401,13.8666],[-85.8499,13.8871],[-85.8616,13.9044],[-85.8836,13.9139],[-85.8972,13.913],[-85.9063,13.9094],[-85.9155,13.9074],[-85.9294,13.9121],[-85.9361,13.9182],[-85.9578,13.9461],[-86.0284,13.9961],[-86.0313,14.0226],[-86.0205,14.0441],[-86.0202,14.0552],[-86.0967,14.0441],[-86.1105,14.0371],[-86.1217,14.0272],[-86.1269,14.0186],[-86.1308,14.0089],[-86.138,13.9962],[-86.1497,13.9843],[-86.1618,13.9781],[-86.1736,13.9737],[-86.1841,13.9669],[-86.2186,13.9144],[-86.2841,13.8457],[-86.2999,13.8213],[-86.3078,13.7917],[-86.3136,13.7766],[-86.3252,13.7638],[-86.3401,13.7567],[-86.3585,13.7523],[-86.4101,13.749],[-86.4171,13.75],[-86.4265,13.753],[-86.4325,13.7571],[-86.4482,13.773],[-86.4629,13.7709],[-86.4763,13.764],[-86.4908,13.7595],[-86.5085,13.7644],[-86.5417,13.7821],[-86.5811,13.7799],[-86.6627,13.7647],[-86.7063,13.77],[-86.7272,13.7683],[-86.7499,13.7571],[-86.7614,13.7493],[-86.7662,13.7453],[-86.7679,13.7392],[-86.7702,13.7252],[-86.7712,13.7079],[-86.7741,13.6546],[-86.7721,13.6455],[-86.7682,13.6404],[-86.7641,13.6373],[-86.7554,13.6309],[-86.7516,13.6244],[-86.7509,13.6084],[-86.7571,13.5764],[-86.7566,13.5594],[-86.7243,13.4394],[-86.7259,13.4238],[-86.7387,13.3962],[-86.7402,13.3819],[-86.7364,13.3719],[-86.7304,13.3689],[-86.7236,13.3673],[-86.7172,13.3616],[-86.7099,13.3489],[-86.7078,13.3428],[-86.7019,13.3142],[-86.704,13.2988],[-86.7118,13.2857],[-86.7255,13.2733],[-86.7327,13.2685],[-86.7398,13.2637],[-86.7493,13.2613],[-86.7587,13.2642],[-86.8162,13.2919],[-86.8334,13.2933],[-86.8495,13.2888],[-86.8627,13.2799],[-86.9108,13.2396],[-86.9189,13.2298],[-86.926,13.2164],[-86.9332,13.1882],[-86.9349,13.1855],[-86.9331,13.1797],[-86.9255,13.1636],[-86.9237,13.1611],[-86.9323,13.1085],[-86.9298,13.1022],[-86.9242,13.0998],[-86.9202,13.0962],[-86.9229,13.0864],[-86.928,13.0812],[-86.9427,13.0741],[-86.9484,13.0697],[-86.9718,13.0339],[-86.9832,13.0219],[-87.0088,13.0061],[-87.0296,12.9961],[-87.035,12.9798],[-87.0469,12.9806],[-87.0698,12.9944],[-87.0847,12.9959],[-87.314,12.9816],[-87.3136,12.9818],[-87.3039,12.9885],[-87.3008,13.0012],[-87.2936,13.0111],[-87.2828,13.0182],[-87.2692,13.0232],[-87.2692,13.0294],[-87.2968,13.0303],[-87.3167,13.0342],[-87.3318,13.0427],[-87.3448,13.0573],[-87.3513,13.0672],[-87.3528,13.0725],[-87.3511,13.0884],[-87.3447,13.0908],[-87.3141,13.0954],[-87.3039,13.0983],[-87.3618,13.1133],[-87.3946,13.1168],[-87.4131,13.1114],[-87.4193,13.1114],[-87.4221,13.1499],[-87.4358,13.1894],[-87.4551,13.2243],[-87.4746,13.2492],[-87.4808,13.2652],[-87.482,13.2659],[-87.4845,13.2701],[-87.4903,13.2697],[-87.497,13.2683],[-87.5019,13.2696],[-87.5089,13.2786],[-87.5122,13.2867],[-87.5105,13.2949],[-87.5019,13.3044],[-87.4934,13.3098],[-87.4767,13.3173],[-87.4678,13.3249],[-87.4478,13.3526],[-87.4404,13.359],[-87.4269,13.356],[-87.4111,13.3598],[-87.379,13.372],[-87.3804,13.3804],[-87.3804,13.3863],[-87.379,13.3931],[-87.3938,13.4064],[-87.4006,13.4112],[-87.4098,13.413],[-87.4298,13.4094],[-87.4378,13.411],[-87.4473,13.4205],[-87.4644,13.4083],[-87.4696,13.403],[-87.4746,13.3931],[-87.4764,13.3797],[-87.4731,13.3725],[-87.4723,13.367],[-87.482,13.359],[-87.4883,13.3583],[-87.523,13.359],[-87.5386,13.3553],[-87.5476,13.355],[-87.5572,13.359],[-87.5572,13.3659],[-87.5428,13.3659],[-87.5428,13.372],[-87.5618,13.376],[-87.5813,13.3829],[-87.5989,13.3843],[-87.6118,13.372],[-87.6186,13.372],[-87.6167,13.3819],[-87.6056,13.4068],[-87.6193,13.412],[-87.6224,13.423],[-87.6186,13.4512],[-87.624,13.4663],[-87.6365,13.4637],[-87.6504,13.4523],[-87.6601,13.4409],[-87.651,13.4125],[-87.6657,13.386],[-87.6928,13.3665],[-87.721,13.359],[-87.7389,13.3624],[-87.7622,13.3764],[-87.7814,13.3826],[-87.7829,13.3894],[-87.7829,13.3963],[-87.7865,13.3994],[-87.7963,13.3998],[-87.803,13.4014],[-87.8172,13.4066],[-87.7384,13.4417],[-87.7212,13.4608],[-87.7188,13.4737],[-87.7206,13.487],[-87.7257,13.499],[-87.7334,13.5077],[-87.748,13.5132],[-87.7692,13.5064],[-87.7795,13.51],[-87.7899,13.5328],[-87.7841,13.5605],[-87.7601,13.6169],[-87.7578,13.6352],[-87.7586,13.6723],[-87.755,13.6899],[-87.7463,13.7022],[-87.7363,13.7115],[-87.7314,13.7222],[-87.7378,13.7388],[-87.7328,13.7551],[-87.7126,13.8005],[-87.7036,13.815],[-87.7212,13.8219],[-87.7495,13.8456],[-87.7653,13.8589],[-87.7714,13.8621],[-87.7854,13.8674],[-87.7906,13.8705],[-87.7987,13.8823],[-87.8085,13.9086],[-87.8179,13.9159],[-87.8329,13.9152],[-87.843,13.9071],[-87.8512,13.8969],[-87.8609,13.8902],[-87.8705,13.8896],[-87.8901,13.8935],[-87.9001,13.8941],[-87.9079,13.8915],[-87.9208,13.8819],[-87.9253,13.8796],[-87.9322,13.8816],[-87.9469,13.8909],[-87.9526,13.892],[-87.9548,13.8925],[-87.9697,13.8885],[-88.0153,13.8664],[-88.0236,13.8912],[-88.04,13.9101],[-88.0584,13.9265],[-88.0729,13.9434],[-88.0875,13.9805],[-88.099,13.9898],[-88.1254,13.9913],[-88.1775,13.9852],[-88.1935,13.9856],[-88.2177,13.9908],[-88.2201,13.9913],[-88.2351,13.9929],[-88.2449,13.9893],[-88.2454,13.9859],[-88.2444,13.9661],[-88.2423,13.9625],[-88.2334,13.9545],[-88.2316,13.9518],[-88.2364,13.9381],[-88.2428,13.9367],[-88.2516,13.9381],[-88.2636,13.9331],[-88.2702,13.926],[-88.2742,13.9191],[-88.2775,13.9133],[-88.2854,13.906],[-88.2963,13.9024],[-88.3084,13.9015],[-88.3193,13.8976],[-88.3262,13.8851],[-88.3326,13.8877],[-88.3406,13.89],[-88.3486,13.8914],[-88.3551,13.891],[-88.3582,13.8874],[-88.3589,13.8812],[-88.3589,13.8753],[-88.3601,13.8724],[-88.3674,13.8731],[-88.3834,13.8793],[-88.3929,13.8798],[-88.4332,13.8711],[-88.4514,13.8636],[-88.4702,13.8525],[-88.4968,13.8512],[-88.488,13.8653],[-88.4887,13.8814],[-88.4995,13.9076],[-88.5023,13.9171],[-88.5002,13.9319],[-88.4968,13.944],[-88.4961,13.9557],[-88.5012,13.9666],[-88.5023,13.9689],[-88.4982,13.9684],[-88.4979,13.9684],[-88.4971,13.9691],[-88.4965,13.9696],[-88.4962,13.972],[-88.4954,13.9751],[-88.5044,13.9837],[-88.514,13.9876],[-88.5581,13.9909],[-88.6339,14.0145],[-88.6593,14.0161],[-88.6848,14.0123],[-88.6909,14.01],[-88.6908,14.0118],[-88.6904,14.0169],[-88.6927,14.0253],[-88.6977,14.032],[-88.7049,14.038],[-88.7095,14.0397],[-88.731,14.0425],[-88.7466,14.0525],[-88.7461,14.0666],[-88.7401,14.083],[-88.7392,14.0999],[-88.7464,14.1113],[-88.7551,14.1105],[-88.7654,14.1043],[-88.7773,14.0997],[-88.8212,14.1029],[-88.8388,14.1004],[-88.8453,14.1286],[-88.8603,14.1585],[-88.8813,14.1842],[-88.906,14.1996],[-88.9216,14.1999],[-88.9356,14.194],[-88.9475,14.1873],[-88.9572,14.1852],[-88.966,14.1914],[-88.9692,14.202],[-88.9702,14.2102],[-88.9708,14.2148],[-88.9746,14.2274],[-88.9835,14.2421],[-88.9928,14.253],[-89.0181,14.2717],[-89.0226,14.2807],[-89.0266,14.3113],[-89.033,14.3237],[-89.049,14.3315],[-89.0831,14.3353],[-89.0945,14.3449],[-89.0906,14.3547],[-89.0897,14.3649],[-89.0918,14.3748],[-89.0968,14.384],[-89.1026,14.3915],[-89.1075,14.396],[-89.1133,14.3971],[-89.1222,14.3947],[-89.1301,14.3867],[-89.1445,14.3597],[-89.154,14.3513],[-89.2002,14.3647],[-89.2255,14.3821],[-89.2765,14.3927],[-89.3076,14.4071],[-89.3462,14.4131],[-89.3616,14.4155],[-89.3638,14.4466],[-89.362,14.4624],[-89.3555,14.4754],[-89.3453,14.482],[-89.323,14.4875],[-89.3148,14.496],[-89.3049,14.5134],[-89.2909,14.528],[-89.2596,14.5543],[-89.2505,14.5652],[-89.2457,14.573],[-89.2381,14.5779],[-89.2211,14.5801],[-89.2088,14.5779],[-89.1837,14.5695],[-89.1721,14.5704],[-89.1604,14.5813],[-89.1557,14.5978],[-89.1552,14.6156],[-89.1594,14.666],[-89.1558,14.6723],[-89.1452,14.6834],[-89.1427,14.6913],[-89.1445,14.7083],[-89.1462,14.7109],[-89.1505,14.7173],[-89.1597,14.7251],[-89.1705,14.7388],[-89.1894,14.783],[-89.1988,14.7981],[-89.219,14.8217],[-89.2277,14.8346],[-89.2324,14.8485],[-89.2314,14.8673],[-89.2236,14.879],[-89.1988,14.8998],[-89.1892,14.9131],[-89.1815,14.9237],[-89.1692,14.9521],[-89.1691,14.9784],[-89.1886,14.9961],[-89.1728,15.0422],[-89.1608,15.0602],[-89.1469,15.0713],[-89.1405,15.0764],[-89.1098,15.0915],[-89.0083,15.1244],[-88.9734,15.1404],[-88.847,15.2353],[-88.7609,15.3],[-88.6742,15.3651],[-88.5874,15.4303],[-88.5,15.4959],[-88.5,15.496],[-88.4674,15.5207],[-88.399,15.5728],[-88.3526,15.6169],[-88.3223,15.6673],[-88.3167,15.6746],[-88.2956,15.675],[-88.2797,15.6807],[-88.265,15.6886],[-88.2478,15.6957],[-88.2416,15.6882],[-88.2349,15.7016],[-88.2357,15.7124],[-88.2326,15.7214],[-88.2209,15.7256],[-88.2151,15.7232],[-88.1697,15.692],[-88.1453,15.6845],[-88.1189,15.6959],[-88.0609,15.7558],[-88.0363,15.7709],[-88.0416,15.7867],[-88.0316,15.7899],[-87.9923,15.7846],[-87.9339,15.8188],[-87.9267,15.8323],[-87.9245,15.8422],[-87.9302,15.8467],[-87.9413,15.8498],[-87.9504,15.8569],[-87.9546,15.864],[-87.951,15.8672],[-87.9088,15.8681],[-87.892,15.873],[-87.8756,15.8843],[-87.8461,15.8939],[-87.7601,15.8996],[-87.7421,15.9045],[-87.7363,15.9186],[-87.7283,15.921],[-87.7222,15.9229],[-87.7043,15.9207],[-87.6875,15.915],[-87.6431,15.8892],[-87.626,15.8877],[-87.626,15.8939],[-87.6363,15.9035],[-87.626,15.9149],[-87.5913,15.9355],[-87.6104,15.9101],[-87.6173,15.8946],[-87.6086,15.8877],[-87.6031,15.8808],[-87.5096,15.7987],[-87.4794,15.786],[-87.4473,15.7921],[-87.4418,15.7978],[-87.4315,15.814],[-87.4268,15.8188],[-87.4171,15.8195],[-87.3912,15.8184],[-87.3859,15.8225],[-87.38,15.8395],[-87.365,15.8483],[-87.3451,15.8503],[-87.2418,15.8274],[-87.1517,15.7969],[-87.059,15.787],[-86.9525,15.7633],[-86.9169,15.7604],[-86.8787,15.7641],[-86.8174,15.7819],[-86.7996,15.7846],[-86.7969,15.7876],[-86.7802,15.8002],[-86.7764,15.802],[-86.7707,15.8065],[-86.7585,15.8023],[-86.7464,15.7956],[-86.7416,15.7921],[-86.6991,15.7886],[-86.5038,15.8051],[-86.4706,15.8042],[-86.4399,15.7921],[-86.4379,15.7908],[-86.4147,15.7764],[-86.399,15.7724],[-86.3747,15.7709],[-86.355,15.774],[-86.3383,15.7814],[-86.2432,15.8386],[-86.2185,15.8651],[-86.2071,15.874],[-86.1726,15.8875],[-86.1378,15.8957],[-85.9949,15.9007],[-85.9823,15.9042],[-85.9722,15.9092],[-85.9333,15.9367],[-85.9122,15.9593],[-85.9032,15.9835],[-85.9192,16.0037],[-85.9825,16.0125],[-86.0128,16.02],[-86.0079,16.0311],[-85.9818,16.0331],[-85.9046,16.0184],[-85.851,16.0087],[-85.8135,16.0045],[-85.7663,15.9916],[-85.7193,15.9797],[-85.7032,15.9765],[-85.692,15.9715],[-85.6894,15.96],[-85.6896,15.9464]]]}},{"type":"Feature","properties":{"region":"central_america","name":"Honduras","name_official":"Honduras"},"geometry":{"type":"Polygon","coordinates":[[[-86.8812,16.1046],[-86.8787,16.0932],[-86.8976,16.0938],[-86.9132,16.0902],[-86.9402,16.0795],[-86.9637,16.0664],[-86.9789,16.0778],[-86.9974,16.084],[-86.9887,16.0955],[-86.9443,16.1165],[-86.9184,16.1221],[-86.9039,16.1242],[-86.8905,16.1278],[-86.8787,16.1273],[-86.8725,16.121],[-86.8812,16.1046]]]}},{"type":"Feature","properties":{"region":"central_america","name":"Honduras","name_official":"Honduras"},"geometry":{"type":"Polygon","coordinates":[[[-86.2022,16.4225],[-86.2239,16.4121],[-86.2431,16.4179],[-86.2732,16.411],[-86.2943,16.4153],[-86.3121,16.4125],[-86.3189,16.4093],[-86.3327,16.4005],[-86.3389,16.3979],[-86.3478,16.3975],[-86.3622,16.3943],[-86.3803,16.3816],[-86.417,16.3642],[-86.4531,16.3515],[-86.491,16.3255],[-86.5253,16.3152],[-86.5482,16.3129],[-86.5638,16.2984],[-86.5806,16.2828],[-86.6005,16.2694],[-86.6065,16.285],[-86.5993,16.3093],[-86.5704,16.3324],[-86.5307,16.3562],[-86.5,16.3689],[-86.4404,16.3965],[-86.3754,16.4173],[-86.3321,16.4294],[-86.302,16.4329],[-86.2624,16.4306],[-86.2311,16.4288],[-86.1818,16.4282],[-86.2022,16.4225]]]}},{"type":"Feature","properties":{"region":"central_america","name":"Honduras","name_official":"Honduras"},"geometry":{"type":"Polygon","coordinates":[[[-85.8957,16.4365],[-85.9471,16.4032],[-85.9508,16.4123],[-85.9407,16.4299],[-85.9267,16.4548],[-85.9115,16.462],[-85.8956,16.4887],[-85.8841,16.5028],[-85.8511,16.5172],[-85.8321,16.5105],[-85.8169,16.4983],[-85.8221,16.4862],[-85.8443,16.4838],[-85.8494,16.4692],[-85.8627,16.4522],[-85.8824,16.451],[-85.8957,16.4365]]]}},{"type":"Feature","properties":{"region":"central_america","name":"Honduras","name_official":"Honduras"},"geometry":{"type":"Polygon","coordinates":[[[-83.9123,17.4111],[-83.9219,17.4091],[-83.9303,17.4094],[-83.9369,17.4125],[-83.9412,17.4186],[-83.9336,17.4179],[-83.9261,17.4163],[-83.9189,17.414],[-83.9123,17.4111]]]}},{"type":"Feature","properties":{"region":"central_america","name":"Nicaragua","name_official":"Nicaragua"},"geometry":{"type":"Polygon","coordinates":[[[-83.7204,11.8837],[-83.7198,11.8703],[-83.7262,11.8786],[-83.7338,11.9058],[-83.7361,11.9418],[-83.729,11.9733],[-83.7084,11.9873],[-83.7069,11.987],[-83.7057,11.9862],[-83.7053,11.9843],[-83.7058,11.9811],[-83.7124,11.9709],[-83.7193,11.9545],[-83.7245,11.9363],[-83.7262,11.9202],[-83.7204,11.8837]]]}},{"type":"Feature","properties":{"region":"central_america","name":"Nicaragua","name_official":"Nicaragua"},"geometry":{"type":"Polygon","coordinates":[[[-83.0251,12.1752],[-83.0539,12.1439],[-83.056,12.1662],[-83.0465,12.1837],[-83.0325,12.1908],[-83.0211,12.1818],[-83.0251,12.1752]]]}},{"type":"Feature","properties":{"region":"central_america","name":"Nicaragua","name_official":"Nicaragua"},"geometry":{"type":"Polygon","coordinates":[[[-82.7325,14.3696],[-82.7508,14.3615],[-82.8039,14.366],[-82.8083,14.3664],[-82.8044,14.3664],[-82.8037,14.3663],[-82.8016,14.3668],[-82.8004,14.3693],[-82.8009,14.3732],[-82.7848,14.382],[-82.7782,14.3932],[-82.7746,14.4047],[-82.7673,14.4141],[-82.751,14.422],[-82.7378,14.4219],[-82.729,14.4138],[-82.7257,14.3974],[-82.7325,14.3696]]]}},{"type":"Feature","properties":{"region":"central_america","name":"Nicaragua","name_official":"Nicaragua"},"geometry":{"type":"Polygon","coordinates":[[[-83.3545,15.0101],[-83.3494,14.9968],[-83.3342,15.0064],[-83.3171,15.0076],[-83.273,15.003],[-83.2849,14.9974],[-83.2857,14.9921],[-83.2783,14.9871],[-83.2662,14.9825],[-83.262,14.9832],[-83.2177,14.9825],[-83.1913,14.9943],[-83.1774,14.9968],[-83.1437,14.9949],[-83.1304,14.997],[-83.1378,14.9867],[-83.1561,14.9785],[-83.1652,14.9691],[-83.1798,14.986],[-83.1919,14.9743],[-83.2015,14.9531],[-83.2089,14.9417],[-83.2217,14.9357],[-83.2339,14.9213],[-83.2429,14.9044],[-83.2464,14.8906],[-83.2491,14.8859],[-83.2618,14.8738],[-83.267,14.8666],[-83.2695,14.8569],[-83.2714,14.8355],[-83.2738,14.8257],[-83.282,14.8132],[-83.294,14.8043],[-83.3284,14.791],[-83.326,14.7969],[-83.3232,14.8017],[-83.3148,14.8114],[-83.3148,14.8039],[-83.3114,14.8095],[-83.3094,14.8141],[-83.3086,14.819],[-83.3085,14.8257],[-83.3163,14.821],[-83.3195,14.8203],[-83.3284,14.8257],[-83.3284,14.8319],[-83.3165,14.8373],[-83.3051,14.8388],[-83.2951,14.8352],[-83.2874,14.8257],[-83.2882,14.8445],[-83.2989,14.8704],[-83.3017,14.8906],[-83.3079,14.9106],[-83.3222,14.9139],[-83.3384,14.908],[-83.3502,14.9008],[-83.3699,14.883],[-83.4141,14.8277],[-83.4246,14.8039],[-83.4149,14.8139],[-83.4115,14.8183],[-83.3978,14.8076],[-83.387,14.7665],[-83.3802,14.7574],[-83.3671,14.7497],[-83.3527,14.7362],[-83.3375,14.7314],[-83.3222,14.7499],[-83.3295,14.7561],[-83.3479,14.7671],[-83.3563,14.7705],[-83.345,14.7766],[-83.3335,14.7733],[-83.323,14.7634],[-83.3148,14.7499],[-83.3154,14.7728],[-83.3082,14.7799],[-83.2992,14.7712],[-83.2601,14.596],[-83.258,14.5904],[-83.2486,14.5717],[-83.2403,14.524],[-83.1918,14.3869],[-83.1866,14.3476],[-83.1914,14.3134],[-83.2186,14.2503],[-83.3017,14.1199],[-83.3375,14.0775],[-83.3426,14.061],[-83.3497,14.0488],[-83.3973,14.0163],[-83.4174,13.9886],[-83.4313,13.9567],[-83.4553,13.8639],[-83.4938,13.7377],[-83.5175,13.6237],[-83.516,13.5747],[-83.5202,13.5508],[-83.5204,13.5316],[-83.5413,13.4819],[-83.5592,13.4158],[-83.5701,13.2871],[-83.5682,13.263],[-83.5611,13.2492],[-83.5686,13.2429],[-83.563,13.2307],[-83.5296,13.0326],[-83.5077,12.9028],[-83.5413,12.639],[-83.5413,12.5806],[-83.538,12.571],[-83.5235,12.5423],[-83.5138,12.5105],[-83.4859,12.4722],[-83.4792,12.4472],[-83.4818,12.4167],[-83.4923,12.4003],[-83.5126,12.3938],[-83.5447,12.3926],[-83.5692,12.3876],[-83.5942,12.3788],[-83.6176,12.3751],[-83.6375,12.3857],[-83.63,12.3929],[-83.6094,12.4072],[-83.6034,12.4137],[-83.6025,12.4254],[-83.6063,12.4411],[-83.6127,12.4549],[-83.6346,12.4741],[-83.6329,12.5395],[-83.6375,12.5645],[-83.6339,12.5665],[-83.6327,12.5666],[-83.6321,12.5671],[-83.63,12.5707],[-83.6239,12.5707],[-83.5884,12.5596],[-83.5638,12.5909],[-83.5554,12.6359],[-83.5686,12.6663],[-83.5686,12.6738],[-83.56,12.6833],[-83.5565,12.6967],[-83.5549,12.7526],[-83.5531,12.7547],[-83.5491,12.758],[-83.5444,12.7631],[-83.5413,12.77],[-83.5447,12.7968],[-83.564,12.8127],[-83.5908,12.8191],[-83.6164,12.8171],[-83.637,12.8053],[-83.6459,12.7869],[-83.6453,12.7665],[-83.6375,12.7488],[-83.6155,12.7373],[-83.6133,12.7353],[-83.6134,12.7319],[-83.6117,12.7149],[-83.6102,12.7079],[-83.6059,12.7011],[-83.6013,12.6982],[-83.5975,12.6943],[-83.5959,12.684],[-83.5964,12.6671],[-83.5986,12.6602],[-83.6034,12.6527],[-83.5994,12.6479],[-83.5891,12.6321],[-83.6205,12.6142],[-83.6737,12.5705],[-83.7058,12.5571],[-83.749,12.5526],[-83.7672,12.5467],[-83.7746,12.5335],[-83.7746,12.4814],[-83.7734,12.4803],[-83.7694,12.4825],[-83.7611,12.482],[-83.749,12.4795],[-83.741,12.4797],[-83.7342,12.4777],[-83.7262,12.4683],[-83.7194,12.4237],[-83.7234,12.4023],[-83.7304,12.3821],[-83.7337,12.363],[-83.7262,12.3448],[-83.7077,12.3359],[-83.6763,12.3425],[-83.671,12.3271],[-83.6722,12.3171],[-83.6773,12.2975],[-83.6785,12.2861],[-83.6764,12.2799],[-83.6717,12.289],[-83.6559,12.3403],[-83.6498,12.3532],[-83.6409,12.3585],[-83.6212,12.3557],[-83.617,12.348],[-83.6637,12.2561],[-83.6859,12.1374],[-83.6786,12.0094],[-83.671,11.9879],[-83.6778,11.9839],[-83.6853,11.9811],[-83.6812,12.0017],[-83.6883,12.0187],[-83.7132,12.0493],[-83.7237,12.0747],[-83.7152,12.0854],[-83.7007,12.0952],[-83.6927,12.1182],[-83.6979,12.1352],[-83.711,12.1547],[-83.7286,12.1716],[-83.7474,12.1803],[-83.7777,12.1772],[-83.7763,12.1623],[-83.7603,12.1531],[-83.7474,12.1667],[-83.7399,12.1667],[-83.7231,12.1494],[-83.7161,12.1389],[-83.7132,12.1257],[-83.7169,12.1088],[-83.732,12.0871],[-83.7337,12.071],[-83.7394,12.0519],[-83.7573,12.0513],[-83.7986,12.0636],[-83.8039,12.0603],[-83.7917,12.053],[-83.7672,12.0432],[-83.7613,12.0353],[-83.7572,12.0246],[-83.755,12.0123],[-83.7542,11.9991],[-83.7563,11.9901],[-83.7652,11.9716],[-83.7672,11.9643],[-83.7655,11.9588],[-83.7621,11.9531],[-83.7598,11.9468],[-83.7611,11.9401],[-83.7663,11.934],[-83.7719,11.9311],[-83.7771,11.9293],[-83.7809,11.9265],[-83.7994,11.9029],[-83.8051,11.8991],[-83.8137,11.8962],[-83.8235,11.889],[-83.8319,11.8799],[-83.8361,11.8712],[-83.823,11.8625],[-83.807,11.8482],[-83.7934,11.8327],[-83.7848,11.8135],[-83.7775,11.8083],[-83.7677,11.8048],[-83.7576,11.8036],[-83.7429,11.8052],[-83.7418,11.8098],[-83.746,11.8163],[-83.7474,11.824],[-83.7406,11.8435],[-83.7351,11.8537],[-83.7262,11.8576],[-83.7095,11.8581],[-83.6999,11.8499],[-83.6536,11.6675],[-83.6512,11.6323],[-83.6517,11.6194],[-83.653,11.6115],[-83.6568,11.6054],[-83.6648,11.5981],[-83.6667,11.601],[-83.6809,11.5981],[-83.6947,11.5937],[-83.6959,11.5913],[-83.7038,11.588],[-83.7137,11.5735],[-83.7228,11.5702],[-83.7349,11.57],[-83.7447,11.5685],[-83.753,11.5646],[-83.7611,11.5571],[-83.7712,11.5261],[-83.7809,11.4793],[-83.7944,11.444],[-83.8157,11.4473],[-83.8219,11.4473],[-83.8536,11.4074],[-83.8628,11.392],[-83.868,11.3749],[-83.8679,11.2737],[-83.8373,11.1425],[-83.8157,11.0904],[-83.7856,11.0448],[-83.7759,11.0198],[-83.7521,10.9822],[-83.7436,10.9743],[-83.7255,10.9632],[-83.7183,10.944],[-83.7103,10.9227],[-83.6927,10.9259],[-83.6965,10.9366],[-83.682,10.9387],[-83.6608,10.9344],[-83.6444,10.9259],[-83.6515,10.9266],[-83.6578,10.9265],[-83.6637,10.9277],[-83.671,10.9226],[-83.6698,10.9175],[-83.6702,10.9127],[-83.6693,10.8698],[-83.6601,10.8342],[-83.663,10.807],[-83.6981,10.7892],[-83.7638,10.7737],[-83.769,10.7725],[-83.8353,10.7476],[-83.8558,10.724],[-83.8595,10.7218],[-83.8869,10.7271],[-83.8936,10.7249],[-83.9075,10.7154],[-83.9173,10.7135],[-83.9266,10.7149],[-83.9333,10.7181],[-83.9936,10.765],[-83.9982,10.7821],[-84.0092,10.7894],[-84.0227,10.7872],[-84.0346,10.7755],[-84.0516,10.7795],[-84.0764,10.7638],[-84.0886,10.7755],[-84.0954,10.7755],[-84.1069,10.7669],[-84.1184,10.7712],[-84.137,10.7892],[-84.149,10.7872],[-84.1577,10.7884],[-84.1648,10.7894],[-84.1804,10.7898],[-84.1916,10.7817],[-84.1969,10.7885],[-84.2189,10.806],[-84.2212,10.8094],[-84.2252,10.8137],[-84.2271,10.8193],[-84.2227,10.827],[-84.2185,10.8298],[-84.2046,10.837],[-84.2084,10.861],[-84.2257,10.8753],[-84.2447,10.8849],[-84.2537,10.8947],[-84.2643,10.9018],[-84.3107,10.9194],[-84.3213,10.9292],[-84.3241,10.9362],[-84.3374,10.9527],[-84.3418,10.9599],[-84.3439,10.9723],[-84.3437,10.9824],[-84.346,10.9899],[-84.3555,10.9946],[-84.364,10.9896],[-84.4178,10.955],[-84.4272,10.9511],[-84.4382,10.9522],[-84.4489,10.9563],[-84.4578,10.9613],[-84.4664,10.9685],[-84.4891,10.9964],[-84.4933,10.9994],[-84.4982,11.002],[-84.5033,11.004],[-84.5087,11.0055],[-84.5586,11.0272],[-84.5817,11.0345],[-84.6032,11.0333],[-84.6207,11.0358],[-84.6587,11.0627],[-84.6765,11.0704],[-84.7078,11.063],[-84.7818,11.0149],[-84.885,10.9477],[-84.9084,10.9394],[-84.9314,10.9419],[-85.0928,11.0006],[-85.2365,11.0531],[-85.2724,11.0662],[-85.4074,11.1154],[-85.5086,11.1524],[-85.5409,11.1703],[-85.5692,11.1954],[-85.5978,11.2099],[-85.6312,11.1962],[-85.6593,11.1588],[-85.6776,11.1196],[-85.7017,11.0809],[-85.7024,11.0812],[-85.7523,11.1017],[-85.7717,11.1047],[-85.7858,11.1123],[-85.7937,11.13],[-85.8031,11.1661],[-85.8213,11.1928],[-85.928,11.3107],[-85.9368,11.317],[-85.9415,11.3191],[-85.9568,11.3298],[-85.9601,11.334],[-85.9949,11.3437],[-86.0104,11.358],[-86.0439,11.3981],[-86.0706,11.4117],[-86.1047,11.4473],[-86.1483,11.4717],[-86.1627,11.4845],[-86.1667,11.4926],[-86.1761,11.5224],[-86.2071,11.536],[-86.2444,11.5716],[-86.3365,11.6114],[-86.3521,11.6226],[-86.3654,11.638],[-86.3766,11.6695],[-86.4964,11.7594],[-86.5156,11.7831],[-86.5424,11.8424],[-86.5532,11.8513],[-86.5633,11.8566],[-86.5896,11.8828],[-86.6052,11.9047],[-86.6222,11.9361],[-86.6255,11.951],[-86.6304,11.9649],[-86.6419,11.9765],[-86.6665,11.9953],[-86.6898,12.0241],[-86.7276,12.0883],[-86.7627,12.1823],[-86.7726,12.1974],[-86.7975,12.2185],[-87.0022,12.3414],[-87.015,12.3568],[-87.0714,12.3887],[-87.102,12.421],[-87.171,12.4514],[-87.1736,12.4745],[-87.1621,12.4596],[-87.1425,12.4468],[-87.1196,12.4377],[-87.0978,12.4335],[-87.1227,12.4604],[-87.1355,12.4705],[-87.1493,12.4745],[-87.1579,12.481],[-87.1804,12.523],[-87.1866,12.523],[-87.1764,12.4859],[-87.1927,12.4999],[-87.2189,12.5323],[-87.2381,12.5502],[-87.2505,12.5553],[-87.313,12.6028],[-87.3213,12.6112],[-87.3258,12.6216],[-87.3312,12.639],[-87.334,12.6336],[-87.3418,12.6241],[-87.3448,12.6192],[-87.4549,12.7438],[-87.4678,12.77],[-87.4635,12.7652],[-87.4593,12.7624],[-87.4473,12.7563],[-87.4473,12.7625],[-87.4521,12.7642],[-87.4609,12.77],[-87.4609,12.7762],[-87.4635,12.7863],[-87.4803,12.8],[-87.5029,12.812],[-87.523,12.8172],[-87.523,12.8109],[-87.4964,12.7939],[-87.4825,12.7812],[-87.482,12.77],[-87.4922,12.7714],[-87.507,12.7824],[-87.5292,12.8035],[-87.6465,12.8724],[-87.6709,12.8935],[-87.6857,12.9183],[-87.6858,12.9476],[-87.667,12.9822],[-87.6388,13.0065],[-87.61,13.0241],[-87.5888,13.0463],[-87.5839,13.0847],[-87.5776,13.0847],[-87.5804,13.0632],[-87.5839,13.0573],[-87.5726,13.0573],[-87.5591,13.0556],[-87.5476,13.0522],[-87.5428,13.0474],[-87.5381,13.0445],[-87.5127,13.0232],[-87.5064,13.0197],[-87.4883,12.9959],[-87.4839,12.9926],[-87.4711,12.9851],[-87.4678,12.9822],[-87.4669,12.9757],[-87.469,12.9606],[-87.4678,12.9543],[-87.435,12.9224],[-87.3925,12.9134],[-87.2896,12.9196],[-87.2896,12.927],[-87.3417,12.9257],[-87.3678,12.9285],[-87.379,12.9376],[-87.3689,12.9536],[-87.3206,12.9772],[-87.314,12.9816],[-87.0847,12.9959],[-87.0698,12.9944],[-87.0469,12.9806],[-87.035,12.9798],[-87.0296,12.9961],[-87.0088,13.0061],[-86.9832,13.0219],[-86.9718,13.0339],[-86.9484,13.0697],[-86.9427,13.0741],[-86.928,13.0812],[-86.9229,13.0864],[-86.9202,13.0962],[-86.9242,13.0998],[-86.9298,13.1022],[-86.9323,13.1085],[-86.9237,13.1611],[-86.9255,13.1636],[-86.9331,13.1797],[-86.9349,13.1855],[-86.9332,13.1882],[-86.926,13.2164],[-86.9189,13.2298],[-86.9108,13.2396],[-86.8627,13.2799],[-86.8495,13.2888],[-86.8334,13.2933],[-86.8162,13.2919],[-86.7587,13.2642],[-86.7493,13.2613],[-86.7398,13.2637],[-86.7327,13.2685],[-86.7255,13.2733],[-86.7118,13.2857],[-86.704,13.2988],[-86.7019,13.3142],[-86.7078,13.3428],[-86.7099,13.3489],[-86.7172,13.3616],[-86.7236,13.3673],[-86.7304,13.3689],[-86.7364,13.3719],[-86.7402,13.3819],[-86.7387,13.3962],[-86.7259,13.4238],[-86.7243,13.4394],[-86.7566,13.5594],[-86.7571,13.5764],[-86.7509,13.6084],[-86.7516,13.6244],[-86.7554,13.6309],[-86.7641,13.6373],[-86.7682,13.6404],[-86.7721,13.6455],[-86.7741,13.6546],[-86.7712,13.7079],[-86.7702,13.7252],[-86.7679,13.7392],[-86.7662,13.7453],[-86.7614,13.7493],[-86.7499,13.7571],[-86.7272,13.7683],[-86.7063,13.77],[-86.6627,13.7647],[-86.5811,13.7799],[-86.5417,13.7821],[-86.5085,13.7644],[-86.4908,13.7595],[-86.4763,13.764],[-86.4629,13.7709],[-86.4482,13.773],[-86.4325,13.7571],[-86.4265,13.753],[-86.4171,13.75],[-86.4101,13.749],[-86.3585,13.7523],[-86.3401,13.7567],[-86.3252,13.7638],[-86.3136,13.7766],[-86.3078,13.7917],[-86.2999,13.8213],[-86.2841,13.8457],[-86.2186,13.9144],[-86.1841,13.9669],[-86.1736,13.9737],[-86.1618,13.9781],[-86.1497,13.9843],[-86.138,13.9962],[-86.1308,14.0089],[-86.1269,14.0186],[-86.1217,14.0272],[-86.1105,14.0371],[-86.0967,14.0441],[-86.0202,14.0552],[-86.0205,14.0441],[-86.0313,14.0226],[-86.0284,13.9961],[-85.9578,13.9461],[-85.9361,13.9182],[-85.9294,13.9121],[-85.9155,13.9074],[-85.9063,13.9094],[-85.8972,13.913],[-85.8836,13.9139],[-85.8616,13.9044],[-85.8499,13.8871],[-85.8401,13.8666],[-85.8242,13.8477],[-85.802,13.8402],[-85.7787,13.8409],[-85.7583,13.8393],[-85.745,13.8247],[-85.7431,13.824],[-85.7425,13.8237],[-85.7403,13.8256],[-85.7334,13.8318],[-85.7251,13.8479],[-85.723,13.8634],[-85.7287,13.875],[-85.7437,13.8796],[-85.7474,13.8883],[-85.7433,13.9076],[-85.7334,13.9376],[-85.7322,13.9595],[-85.7273,13.965],[-85.717,13.9627],[-85.6992,13.9615],[-85.6865,13.9673],[-85.6662,13.9845],[-85.6577,13.982],[-85.6515,13.982],[-85.652,13.9867],[-85.6504,13.9879],[-85.6477,13.9878],[-85.6446,13.9888],[-85.6479,13.9993],[-85.6128,14.0097],[-85.6031,14.0195],[-85.5936,14.0335],[-85.5717,14.0405],[-85.5631,14.042],[-85.5466,14.0449],[-85.528,14.0509],[-85.5186,14.0646],[-85.5164,14.0805],[-85.5106,14.0938],[-85.4747,14.1034],[-85.4576,14.113],[-85.4317,14.1328],[-85.4202,14.1469],[-85.4091,14.1662],[-85.4009,14.1852],[-85.3936,14.2108],[-85.384,14.2264],[-85.3725,14.2411],[-85.3629,14.2501],[-85.3585,14.2509],[-85.3478,14.2492],[-85.3436,14.2501],[-85.3408,14.2534],[-85.338,14.2607],[-85.3309,14.269],[-85.3268,14.2757],[-85.3214,14.2813],[-85.312,14.2837],[-85.2882,14.2951],[-85.2778,14.2973],[-85.24,14.2973],[-85.2152,14.3016],[-85.1902,14.3096],[-85.1696,14.3218],[-85.158,14.3383],[-85.159,14.3611],[-85.1719,14.381],[-85.1897,14.3968],[-85.2058,14.4072],[-85.1785,14.4276],[-85.1774,14.434],[-85.1797,14.4492],[-85.1785,14.4556],[-85.1554,14.4795],[-85.1518,14.486],[-85.1498,14.5365],[-85.1455,14.5643],[-85.1375,14.5785],[-85.1193,14.574],[-85.1034,14.5569],[-85.0864,14.5445],[-85.0652,14.5543],[-85.0296,14.589],[-85.0237,14.6025],[-85.0222,14.6058],[-85.0482,14.6058],[-85.0422,14.6135],[-85.0202,14.6337],[-85.0485,14.6533],[-85.0539,14.6631],[-85.0382,14.6672],[-85.033,14.6696],[-85.0298,14.6755],[-85.0245,14.7125],[-85.0157,14.7282],[-85.002,14.7407],[-84.9999,14.742],[-84.9844,14.7522],[-84.9665,14.7646],[-84.9206,14.8077],[-84.9042,14.817],[-84.8444,14.8275],[-84.8181,14.8287],[-84.7921,14.8211],[-84.7702,14.8051],[-84.7555,14.7815],[-84.7586,14.7787],[-84.7664,14.7689],[-84.7669,14.7669],[-84.747,14.7645],[-84.7443,14.7524],[-84.7453,14.7391],[-84.7248,14.7256],[-84.7144,14.7089],[-84.6993,14.6747],[-84.6808,14.6855],[-84.6617,14.6834],[-84.623,14.6672],[-84.6004,14.6625],[-84.5274,14.6604],[-84.5312,14.6533],[-84.5342,14.6337],[-84.519,14.6383],[-84.5085,14.6326],[-84.498,14.6239],[-84.4827,14.6195],[-84.4716,14.6226],[-84.4457,14.6367],[-84.4084,14.6494],[-84.39,14.6715],[-84.3761,14.6967],[-84.3629,14.7156],[-84.3532,14.706],[-84.346,14.68],[-84.3384,14.6747],[-84.3232,14.6733],[-84.2989,14.668],[-84.2878,14.6672],[-84.2673,14.6777],[-84.2622,14.6997],[-84.2673,14.7467],[-84.2618,14.7585],[-84.2492,14.7594],[-84.2354,14.7547],[-84.2264,14.7498],[-84.2187,14.7434],[-84.195,14.7187],[-84.1829,14.7139],[-84.1682,14.715],[-84.1438,14.7219],[-84.1379,14.7252],[-84.1339,14.73],[-84.1287,14.7342],[-84.1196,14.7361],[-84.1112,14.7347],[-84.1065,14.7323],[-84.1023,14.7319],[-84.0954,14.7361],[-84.0954,14.7436],[-84.1042,14.7519],[-84.1111,14.761],[-84.1227,14.7845],[-84.1118,14.7934],[-84.1044,14.7939],[-84.0816,14.7798],[-84.079,14.7752],[-84.0752,14.7716],[-84.0647,14.7703],[-84.0478,14.7708],[-84.0427,14.7681],[-84.0408,14.7603],[-84.0236,14.7583],[-83.9247,14.7634],[-83.9299,14.7717],[-83.9297,14.7809],[-83.9247,14.8038],[-83.9127,14.7972],[-83.8966,14.7804],[-83.8838,14.7771],[-83.885,14.7813],[-83.8899,14.7907],[-83.8827,14.7878],[-83.8788,14.7867],[-83.8753,14.7843],[-83.8695,14.7771],[-83.8573,14.7878],[-83.8395,14.7974],[-83.8197,14.8036],[-83.8012,14.8038],[-83.809,14.8089],[-83.8139,14.8138],[-83.8211,14.8255],[-83.7653,14.8288],[-83.7445,14.8367],[-83.7466,14.8522],[-83.7339,14.853],[-83.7236,14.8516],[-83.7162,14.8471],[-83.7124,14.8385],[-83.705,14.8385],[-83.7145,14.8672],[-83.7106,14.8783],[-83.692,14.887],[-83.6721,14.8896],[-83.65,14.8885],[-83.6316,14.8832],[-83.6231,14.8727],[-83.6156,14.8727],[-83.6113,14.8849],[-83.6092,14.8984],[-83.6043,14.9092],[-83.5798,14.9181],[-83.5549,14.9374],[-83.5405,14.9416],[-83.5424,14.9451],[-83.5451,14.9522],[-83.5474,14.9552],[-83.5325,14.951],[-83.5269,14.9484],[-83.5299,14.9618],[-83.5286,14.9734],[-83.523,14.9777],[-83.5132,14.9689],[-83.5126,14.984],[-83.511,14.9902],[-83.5057,14.9968],[-83.5125,15.0065],[-83.5091,15.0115],[-83.499,15.0127],[-83.4859,15.0105],[-83.4806,15.0055],[-83.4684,14.9874],[-83.4592,14.9825],[-83.4357,14.9852],[-83.4155,14.9969],[-83.3999,15.0136],[-83.3903,15.031],[-83.3778,15.0213],[-83.365,15.0163],[-83.3545,15.0101]]]}},{"type":"Feature","properties":{"region":"central_america","name":"Panama","name_official":"Panama"},"geometry":{"type":"Polygon","coordinates":[[[-81.8072,7.2916],[-81.8077,7.2874],[-81.798,7.2911],[-81.7899,7.2901],[-81.7805,7.2878],[-81.7667,7.2874],[-81.779,7.2775],[-81.7924,7.2517],[-81.8009,7.239],[-81.797,7.234],[-81.7934,7.226],[-81.8009,7.226],[-81.8162,7.2713],[-81.8146,7.28],[-81.8188,7.2856],[-81.8192,7.2887],[-81.8146,7.2943],[-81.8108,7.2941],[-81.8083,7.2934],[-81.8072,7.2916]]]}},{"type":"Feature","properties":{"region":"central_america","name":"Panama","name_official":"Panama"},"geometry":{"type":"Polygon","coordinates":[[[-81.045,7.5541],[-81.0528,7.5446],[-81.0641,7.5407],[-81.075,7.5353],[-81.0828,7.5338],[-81.0914,7.5375],[-81.0978,7.5425],[-81.1033,7.5456],[-81.1099,7.5471],[-81.119,7.5475],[-81.1293,7.5453],[-81.1344,7.5399],[-81.1378,7.5334],[-81.143,7.5277],[-81.1709,7.5134],[-81.1849,7.497],[-81.1907,7.4935],[-81.1991,7.4935],[-81.2086,7.4956],[-81.2158,7.4983],[-81.2181,7.4997],[-81.2457,7.4901],[-81.2519,7.4904],[-81.2426,7.5034],[-81.2329,7.5134],[-81.2227,7.5211],[-81.2104,7.5259],[-81.1744,7.5314],[-81.1641,7.5405],[-81.1576,7.5516],[-81.1492,7.5612],[-81.1356,7.5682],[-81.1181,7.5745],[-81.0877,7.5816],[-81.075,7.5773],[-81.0616,7.5756],[-81.0331,7.5754],[-81.045,7.5541]]]}},{"type":"Feature","properties":{"region":"central_america","name":"Panama","name_official":"Panama"},"geometry":{"type":"Polygon","coordinates":[[[-81.7388,7.6443],[-81.7162,7.5797],[-81.7152,7.568],[-81.7133,7.5659],[-81.7053,7.5537],[-81.7048,7.5511],[-81.7059,7.5431],[-81.7053,7.5407],[-81.7021,7.5402],[-81.6938,7.5414],[-81.691,7.5407],[-81.682,7.5346],[-81.6756,7.5321],[-81.6718,7.5264],[-81.6705,7.5102],[-81.6764,7.5055],[-81.7084,7.4935],[-81.7093,7.4866],[-81.7168,7.4575],[-81.719,7.4525],[-81.7127,7.4401],[-81.6947,7.424],[-81.691,7.414],[-81.6892,7.4038],[-81.6844,7.395],[-81.6779,7.3916],[-81.6705,7.3973],[-81.6644,7.3973],[-81.6525,7.391],[-81.6221,7.3939],[-81.6159,7.3867],[-81.588,7.3352],[-81.6067,7.3276],[-81.6282,7.3216],[-81.6494,7.3215],[-81.6842,7.3414],[-81.7271,7.3444],[-81.7462,7.3489],[-81.7567,7.3577],[-81.7808,7.3842],[-81.8,7.3956],[-81.8419,7.4308],[-81.8647,7.4785],[-81.8729,7.486],[-81.8751,7.4904],[-81.8828,7.5168],[-81.8789,7.5175],[-81.8581,7.5175],[-81.8487,7.5202],[-81.8489,7.5241],[-81.8363,7.5467],[-81.8344,7.5475],[-81.8318,7.5593],[-81.8314,7.5682],[-81.83,7.5762],[-81.8245,7.5854],[-81.8168,7.5904],[-81.7983,7.5942],[-81.7701,7.6148],[-81.7604,7.6202],[-81.7599,7.6164],[-81.7525,7.6164],[-81.7552,7.624],[-81.7573,7.6364],[-81.7599,7.6443],[-81.7525,7.6443],[-81.7525,7.6369],[-81.7462,7.6369],[-81.7468,7.6418],[-81.7454,7.6433],[-81.7424,7.6435],[-81.7388,7.6443]]]}},{"type":"Feature","properties":{"region":"central_america","name":"Panama","name_official":"Panama"},"geometry":{"type":"Polygon","coordinates":[[[-82.3475,8.0883],[-82.362,8.0869],[-82.3592,8.099],[-82.3524,8.112],[-82.3431,8.1234],[-82.3323,8.1297],[-82.3207,8.1303],[-82.3183,8.124],[-82.3194,8.1131],[-82.3182,8.0999],[-82.3365,8.0919],[-82.3475,8.0883]]]}},{"type":"Feature","properties":{"region":"central_america","name":"Panama","name_official":"Panama"},"geometry":{"type":"Polygon","coordinates":[[[-82.2201,8.2121],[-82.2118,8.1992],[-82.233,8.2053],[-82.2471,8.2067],[-82.2534,8.2023],[-82.2533,8.1933],[-82.2526,8.1884],[-82.246,8.1713],[-82.2738,8.1918],[-82.2814,8.1935],[-82.3014,8.1961],[-82.308,8.1992],[-82.3157,8.2149],[-82.3065,8.2241],[-82.2738,8.2333],[-82.2596,8.227],[-82.2389,8.2206],[-82.2201,8.2121]]]}},{"type":"Feature","properties":{"region":"central_america","name":"Panama","name_official":"Panama"},"geometry":{"type":"Polygon","coordinates":[[[-82.3172,8.2676],[-82.3271,8.2629],[-82.3428,8.2675],[-82.3428,8.26],[-82.3148,8.2402],[-82.3349,8.2351],[-82.3697,8.2169],[-82.3865,8.2129],[-82.3983,8.2182],[-82.4125,8.231],[-82.4247,8.2466],[-82.4309,8.26],[-82.4247,8.26],[-82.4019,8.2571],[-82.35,8.2936],[-82.3285,8.288],[-82.3165,8.2773],[-82.3172,8.2676]]]}},{"type":"Feature","properties":{"region":"central_america","name":"Panama","name_official":"Panama"},"geometry":{"type":"Polygon","coordinates":[[[-79.0657,8.2608],[-79.0699,8.2571],[-79.0804,8.2548],[-79.0913,8.2597],[-79.1038,8.253],[-79.1045,8.2444],[-79.0984,8.2385],[-79.0985,8.2299],[-79.1049,8.2288],[-79.1087,8.2239],[-79.1095,8.2105],[-79.1227,8.209],[-79.14,8.2444],[-79.137,8.2574],[-79.1306,8.2567],[-79.1298,8.2641],[-79.1256,8.2776],[-79.1294,8.2872],[-79.1245,8.3033],[-79.1124,8.3174],[-79.1049,8.3185],[-79.1004,8.3174],[-79.0949,8.3118],[-79.0941,8.3085],[-79.0875,8.2958],[-79.083,8.2742],[-79.0759,8.266],[-79.071,8.2645],[-79.0657,8.2608]]]}},{"type":"Feature","properties":{"region":"central_america","name":"Panama","name_official":"Panama"},"geometry":{"type":"Polygon","coordinates":[[[-79.105,8.4187],[-79.0948,8.4065],[-79.0901,8.4103],[-79.0879,8.4195],[-79.0824,8.416],[-79.0863,8.4035],[-79.0789,8.3986],[-79.0803,8.3909],[-79.0844,8.3825],[-79.0928,8.3772],[-79.1122,8.3915],[-79.1301,8.4049],[-79.1182,8.4291],[-79.105,8.4187]]]}},{"type":"Feature","properties":{"region":"central_america","name":"Panama","name_official":"Panama"},"geometry":{"type":"Polygon","coordinates":[[[-78.8628,8.4537],[-78.8582,8.4429],[-78.8554,8.4313],[-78.8545,8.4211],[-78.8547,8.4133],[-78.8422,8.4111],[-78.8355,8.398],[-78.8373,8.3869],[-78.8457,8.3813],[-78.848,8.3686],[-78.8345,8.3428],[-78.8432,8.3205],[-78.8523,8.3123],[-78.8523,8.3033],[-78.858,8.2958],[-78.8704,8.2967],[-78.8753,8.3015],[-78.8825,8.3004],[-78.8892,8.2991],[-78.8964,8.2974],[-78.8991,8.3026],[-78.9013,8.309],[-78.9047,8.3026],[-78.9122,8.2937],[-78.9205,8.2826],[-78.9201,8.274],[-78.9228,8.2654],[-78.913,8.2539],[-78.9111,8.2341],[-78.9051,8.2293],[-78.8976,8.2289],[-78.8976,8.2244],[-78.904,8.2192],[-78.9179,8.2271],[-78.9285,8.2357],[-78.9269,8.2498],[-78.9337,8.2733],[-78.94,8.2826],[-78.958,8.2904],[-78.9643,8.2948],[-78.9699,8.3051],[-78.9654,8.3208],[-78.9582,8.3291],[-78.9548,8.3465],[-78.9585,8.3529],[-78.9673,8.3624],[-78.9699,8.3699],[-78.9658,8.3773],[-78.9616,8.3836],[-78.9612,8.3903],[-78.9657,8.4082],[-78.9643,8.4177],[-78.9747,8.4444],[-78.9709,8.4584],[-78.9581,8.4588],[-78.9491,8.4528],[-78.9088,8.47],[-78.8998,8.4616],[-78.897,8.4567],[-78.8954,8.4518],[-78.8922,8.458],[-78.8937,8.4693],[-78.8899,8.4741],[-78.8802,8.4685],[-78.8691,8.4617],[-78.8628,8.4537]]]}},{"type":"Feature","properties":{"region":"central_america","name":"Panama","name_official":"Panama"},"geometry":{"type":"Polygon","coordinates":[[[-79.5633,8.8046],[-79.5569,8.8025],[-79.5538,8.8034],[-79.5532,8.8004],[-79.5554,8.798],[-79.5526,8.7919],[-79.548,8.7889],[-79.5419,8.7868],[-79.5412,8.7813],[-79.5434,8.7755],[-79.548,8.774],[-79.5514,8.7792],[-79.5553,8.7828],[-79.5627,8.7813],[-79.5692,8.7831],[-79.5716,8.7892],[-79.5704,8.7986],[-79.5633,8.8046]]]}},{"type":"Feature","properties":{"region":"central_america","name":"Panama","name_official":"Panama"},"geometry":{"type":"Polygon","coordinates":[[[-81.5655,9.1055],[-81.5599,9.104],[-81.5577,9.1061],[-81.5531,9.1058],[-81.5472,9.1027],[-81.5419,9.0991],[-81.5379,9.0951],[-81.5367,9.0914],[-81.5339,9.0887],[-81.5345,9.0859],[-81.5388,9.0859],[-81.5438,9.0884],[-81.5522,9.0896],[-81.5624,9.0908],[-81.567,9.0908],[-81.5717,9.0896],[-81.5729,9.096],[-81.5751,9.1006],[-81.5773,9.1046],[-81.5754,9.1076],[-81.5683,9.1082],[-81.5655,9.1055]]]}},{"type":"Feature","properties":{"region":"central_america","name":"Panama","name_official":"Panama"},"geometry":{"type":"Polygon","coordinates":[[[-82.0197,9.1375],[-82.0271,9.1329],[-82.0329,9.1346],[-82.042,9.1409],[-82.0501,9.1459],[-82.0553,9.1539],[-82.0547,9.1618],[-82.0472,9.1726],[-82.0524,9.1777],[-82.0518,9.1822],[-82.0455,9.1794],[-82.0415,9.1731],[-82.0358,9.1698],[-82.0289,9.1692],[-82.0254,9.1607],[-82.0231,9.1539],[-82.0162,9.1511],[-82.0088,9.1477],[-82.0105,9.1415],[-82.0197,9.1375]]]}},{"type":"Feature","properties":{"region":"central_america","name":"Panama","name_official":"Panama"},"geometry":{"type":"Polygon","coordinates":[[[-82.1825,9.3459],[-82.1744,9.3441],[-82.166,9.345],[-82.1566,9.3494],[-82.1467,9.3446],[-82.123,9.3227],[-82.0977,9.3112],[-82.0853,9.3027],[-82.0746,9.2885],[-82.094,9.2912],[-82.1142,9.2833],[-82.1302,9.2683],[-82.1388,9.2453],[-82.1436,9.2471],[-82.1544,9.2584],[-82.154,9.2592],[-82.1517,9.2599],[-82.1503,9.2643],[-82.1503,9.2873],[-82.154,9.2963],[-82.164,9.3022],[-82.164,9.3084],[-82.1503,9.3022],[-82.1593,9.3231],[-82.1743,9.3304],[-82.1926,9.3339],[-82.2118,9.3432],[-82.2118,9.3494],[-82.2062,9.3542],[-82.201,9.3562],[-82.196,9.3548],[-82.1913,9.3494],[-82.1825,9.3459]]]}},{"type":"Feature","properties":{"region":"central_america","name":"Panama","name_official":"Panama"},"geometry":{"type":"Polygon","coordinates":[[[-82.2417,9.3381],[-82.246,9.3301],[-82.2597,9.3532],[-82.2808,9.3747],[-82.3285,9.4121],[-82.3017,9.4323],[-82.2855,9.4389],[-82.2664,9.4394],[-82.2388,9.3987],[-82.2318,9.3734],[-82.246,9.3568],[-82.246,9.3494],[-82.2416,9.3445],[-82.2401,9.3419],[-82.2417,9.3381]]]}},{"type":"Feature","properties":{"region":"central_america","name":"Panama","name_official":"Panama"},"geometry":{"type":"Polygon","coordinates":[[[-79.528,9.6125],[-79.5226,9.6029],[-79.5225,9.5953],[-79.5329,9.5895],[-79.5329,9.5833],[-79.5231,9.579],[-79.5228,9.5767],[-79.5192,9.5691],[-79.5143,9.5725],[-79.5107,9.5745],[-79.5079,9.5774],[-79.505,9.5833],[-79.4982,9.5833],[-79.492,9.5787],[-79.4839,9.575],[-79.464,9.5691],[-79.4635,9.5777],[-79.4565,9.5964],[-79.4512,9.5874],[-79.4446,9.5838],[-79.4372,9.5847],[-79.4298,9.5895],[-79.3919,9.5805],[-79.336,9.5744],[-79.2727,9.557],[-79.2397,9.5455],[-79.1938,9.5396],[-79.175,9.5494],[-79.1563,9.555],[-79.1333,9.5534],[-79.116,9.5519],[-79.0988,9.556],[-79.0801,9.5616],[-79.0485,9.5642],[-79.0129,9.5702],[-78.9706,9.5733],[-78.9573,9.5653],[-78.9574,9.554],[-78.9745,9.5447],[-78.9869,9.5471],[-78.9969,9.5397],[-79.0078,9.5388],[-79.0382,9.5352],[-79.0549,9.532],[-79.0659,9.5137],[-79.0632,9.4903],[-79.0581,9.4579],[-79.0405,9.4522],[-79.0243,9.4559],[-79.0139,9.4512],[-79.001,9.4535],[-78.9882,9.4553],[-78.9773,9.4571],[-78.9664,9.4547],[-78.9526,9.4547],[-78.9351,9.4476],[-78.9246,9.4442],[-78.9157,9.4368],[-78.9081,9.4308],[-78.9033,9.4229],[-78.8957,9.4244],[-78.8829,9.4253],[-78.8748,9.4248],[-78.8649,9.4224],[-78.8525,9.4238],[-78.8472,9.4331],[-78.8363,9.4354],[-78.8178,9.4311],[-78.7894,9.4366],[-78.7811,9.4459],[-78.7641,9.4425],[-78.7526,9.4443],[-78.7416,9.4485],[-78.7282,9.455],[-78.7179,9.4418],[-78.7017,9.4343],[-78.6889,9.4356],[-78.6556,9.4265],[-78.6333,9.4287],[-78.62,9.4188],[-78.6039,9.4164],[-78.5896,9.4224],[-78.5781,9.4319],[-78.5613,9.438],[-78.5464,9.4344],[-78.5271,9.4215],[-78.5128,9.416],[-78.4799,9.416],[-78.4634,9.4046],[-78.4526,9.4088],[-78.4377,9.4044],[-78.4273,9.3939],[-78.416,9.3843],[-78.3887,9.3718],[-78.3783,9.3658],[-78.3642,9.3612],[-78.3383,9.356],[-78.3175,9.3447],[-78.3027,9.3333],[-78.2871,9.3263],[-78.2775,9.3219],[-78.2679,9.3209],[-78.2549,9.3174],[-78.2419,9.3095],[-78.2262,9.3008],[-78.208,9.2903],[-78.1924,9.2876],[-78.1767,9.2901],[-78.1671,9.2865],[-78.1549,9.2795],[-78.1419,9.2777],[-78.1237,9.2664],[-78.114,9.2538],[-78.0882,9.248],[-78.056,9.2434],[-78.0369,9.2364],[-78.0246,9.2265],[-78.0208,9.2136],[-77.9993,9.1908],[-77.9863,9.1889],[-77.9687,9.1806],[-77.9354,9.1429],[-77.9185,9.1166],[-77.905,9.0993],[-77.8902,9.0772],[-77.8557,9.0543],[-77.8608,9.0681],[-77.8652,9.0803],[-77.8764,9.1036],[-77.8777,9.1189],[-77.8601,9.1104],[-77.8473,9.0876],[-77.8392,9.0765],[-77.8119,9.058],[-77.8082,9.0353],[-77.7982,9.0243],[-77.7858,9.0169],[-77.7707,9.004],[-77.7672,8.9923],[-77.7585,8.9815],[-77.7475,8.9726],[-77.7444,8.9636],[-77.7542,8.9457],[-77.7347,8.9235],[-77.7208,8.8923],[-77.7103,8.8813],[-77.7011,8.8893],[-77.6967,8.8874],[-77.6955,8.8733],[-77.6763,8.8616],[-77.6559,8.8432],[-77.6335,8.8175],[-77.6143,8.8087],[-77.6195,8.817],[-77.626,8.8231],[-77.6317,8.8299],[-77.6342,8.8398],[-77.6291,8.8445],[-77.618,8.8352],[-77.6074,8.8222],[-77.6038,8.8156],[-77.5741,8.7928],[-77.5779,8.775],[-77.5593,8.7597],[-77.5536,8.7768],[-77.5437,8.7749],[-77.5351,8.7577],[-77.5383,8.7413],[-77.5403,8.7261],[-77.5447,8.7146],[-77.5321,8.7032],[-77.5007,8.6818],[-77.477,8.6699],[-77.4442,8.6644],[-77.4132,8.6667],[-77.3946,8.6784],[-77.3907,8.6735],[-77.3858,8.6696],[-77.38,8.6667],[-77.3735,8.6647],[-77.3749,8.6509],[-77.3854,8.6436],[-77.4015,8.642],[-77.4177,8.6385],[-77.434,8.6283],[-77.435,8.6206],[-77.4302,8.6105],[-77.4291,8.5926],[-77.4411,8.5677],[-77.4694,8.5378],[-77.4804,8.5262],[-77.4887,8.4965],[-77.4887,8.4736],[-77.4797,8.4679],[-77.4496,8.4706],[-77.4327,8.4651],[-77.4223,8.4564],[-77.4058,8.4285],[-77.3913,8.3935],[-77.383,8.3249],[-77.3744,8.2893],[-77.3632,8.2721],[-77.3505,8.2674],[-77.3372,8.2666],[-77.3243,8.2612],[-77.3169,8.2508],[-77.2952,8.2055],[-77.2694,8.1677],[-77.2601,8.154],[-77.2311,8.0987],[-77.2096,8.0207],[-77.2078,7.9966],[-77.2012,7.982],[-77.1915,7.9728],[-77.1808,7.9651],[-77.1711,7.9549],[-77.1633,7.9393],[-77.169,7.9351],[-77.2061,7.9355],[-77.2361,7.9292],[-77.2697,7.9181],[-77.3004,7.9021],[-77.3216,7.881],[-77.3472,7.8238],[-77.3766,7.7866],[-77.3799,7.7744],[-77.3665,7.7451],[-77.346,7.7257],[-77.3397,7.7072],[-77.3691,7.6808],[-77.5093,7.5941],[-77.5549,7.5485],[-77.58,7.5284],[-77.6027,7.5261],[-77.6133,7.5375],[-77.6255,7.5874],[-77.6331,7.6007],[-77.6608,7.638],[-77.6634,7.6399],[-77.6719,7.642],[-77.6748,7.6447],[-77.6748,7.6484],[-77.6706,7.6573],[-77.6702,7.6599],[-77.6799,7.671],[-77.7299,7.7133],[-77.7402,7.7189],[-77.7642,7.7057],[-77.7705,7.669],[-77.7658,7.6265],[-77.7568,7.5956],[-77.7342,7.5518],[-77.7312,7.5303],[-77.7402,7.5046],[-77.7551,7.4861],[-77.7742,7.4747],[-77.7963,7.4713],[-77.8202,7.4765],[-77.855,7.3654],[-77.8958,7.2351],[-77.8966,7.2353],[-77.9188,7.2416],[-77.9476,7.2676],[-77.9905,7.3209],[-78.0065,7.3325],[-78.0144,7.341],[-78.0178,7.3523],[-78.0155,7.3627],[-78.0115,7.3732],[-78.0098,7.3835],[-78.0144,7.3935],[-78.0201,7.3979],[-78.0229,7.396],[-78.0249,7.392],[-78.028,7.3898],[-78.0359,7.393],[-78.0382,7.3994],[-78.0361,7.4046],[-78.0315,7.4041],[-78.0434,7.4223],[-78.05,7.4259],[-78.0594,7.4178],[-78.0655,7.4178],[-78.0897,7.4452],[-78.1056,7.4594],[-78.1174,7.4656],[-78.1207,7.4699],[-78.1232,7.4795],[-78.1279,7.4892],[-78.1378,7.4935],[-78.1442,7.4979],[-78.1491,7.5079],[-78.1556,7.5277],[-78.1618,7.5277],[-78.1661,7.5126],[-78.1683,7.5224],[-78.1693,7.5574],[-78.1742,7.5754],[-78.1848,7.5794],[-78.1944,7.5714],[-78.1965,7.5537],[-78.202,7.5668],[-78.2003,7.5762],[-78.1966,7.5849],[-78.1965,7.5959],[-78.2003,7.6064],[-78.2045,7.6121],[-78.2164,7.6225],[-78.2377,7.6499],[-78.2523,7.661],[-78.2716,7.6636],[-78.2693,7.6745],[-78.2736,7.6828],[-78.2821,7.6885],[-78.2921,7.6915],[-78.2826,7.7106],[-78.2775,7.7244],[-78.2781,7.7374],[-78.2853,7.7541],[-78.3153,7.7999],[-78.3201,7.8113],[-78.3294,7.8432],[-78.3511,7.8702],[-78.376,7.8942],[-78.3945,7.9174],[-78.4076,7.9482],[-78.4156,7.9801],[-78.416,7.9922],[-78.4136,8.0036],[-78.4156,8.0136],[-78.4336,8.0458],[-78.4361,8.0583],[-78.4308,8.0771],[-78.4191,8.0954],[-78.4073,8.1022],[-78.3957,8.0699],[-78.3813,8.0636],[-78.3652,8.066],[-78.3536,8.0757],[-78.3252,8.0609],[-78.2864,8.0807],[-78.2522,8.1175],[-78.2375,8.154],[-78.2394,8.1744],[-78.2447,8.1869],[-78.2533,8.1958],[-78.2648,8.2054],[-78.2941,8.2392],[-78.3058,8.2464],[-78.3058,8.2539],[-78.2786,8.251],[-78.2701,8.2524],[-78.2574,8.26],[-78.2574,8.2675],[-78.2632,8.2703],[-78.2661,8.2733],[-78.2682,8.2767],[-78.2716,8.2812],[-78.2637,8.2843],[-78.2613,8.2847],[-78.2574,8.2948],[-78.2489,8.2892],[-78.2375,8.2785],[-78.2307,8.2744],[-78.2219,8.2719],[-78.2142,8.2722],[-78.1997,8.2744],[-78.1981,8.2783],[-78.1859,8.2951],[-78.1829,8.2979],[-78.1844,8.3253],[-78.1829,8.3358],[-78.18,8.3376],[-78.1618,8.3563],[-78.1575,8.3655],[-78.1558,8.3743],[-78.1556,8.3941],[-78.1514,8.3995],[-78.1419,8.404],[-78.1325,8.4053],[-78.1283,8.4009],[-78.1233,8.3645],[-78.1208,8.3563],[-78.111,8.348],[-78.0946,8.3391],[-78.0766,8.3319],[-78.0625,8.3289],[-78.051,8.3225],[-78.0425,8.3074],[-78.0249,8.2597],[-78.0151,8.2465],[-78.0026,8.237],[-77.9874,8.2333],[-77.9827,8.2353],[-77.972,8.2385],[-77.9613,8.238],[-77.9535,8.2238],[-77.9466,8.2184],[-77.9377,8.2144],[-77.9291,8.2129],[-77.9154,8.2129],[-77.9154,8.2191],[-77.9307,8.2224],[-77.9447,8.2305],[-77.9559,8.2416],[-77.9626,8.2539],[-77.9126,8.2443],[-77.886,8.2347],[-77.869,8.2155],[-77.8451,8.2026],[-77.8397,8.1955],[-77.8387,8.1807],[-77.8356,8.1701],[-77.8293,8.1628],[-77.8192,8.1577],[-77.8084,8.1638],[-77.7973,8.1577],[-77.7886,8.144],[-77.785,8.1269],[-77.7781,8.1158],[-77.7626,8.1119],[-77.7464,8.1164],[-77.7372,8.1303],[-77.7651,8.1301],[-77.8019,8.1744],[-77.8192,8.1713],[-77.8706,8.2358],[-77.8807,8.2433],[-77.8954,8.2515],[-77.9843,8.2675],[-78.0059,8.276],[-78.0232,8.2905],[-78.0347,8.3096],[-78.0389,8.3323],[-78.0607,8.3759],[-78.067,8.4027],[-78.0519,8.4177],[-78.0627,8.4247],[-78.0748,8.4345],[-78.0859,8.4464],[-78.0941,8.4593],[-78.0985,8.4758],[-78.0956,8.4852],[-78.09,8.4919],[-78.0867,8.5002],[-78.0881,8.5128],[-78.0939,8.5159],[-78.1029,8.5181],[-78.114,8.5276],[-78.1189,8.5388],[-78.1199,8.5483],[-78.1231,8.5561],[-78.1344,8.5617],[-78.1304,8.5525],[-78.1295,8.5273],[-78.1245,8.5176],[-78.1112,8.509],[-78.1062,8.508],[-78.1058,8.505],[-78.1065,8.4721],[-78.1048,8.4634],[-78.0909,8.4309],[-78.0896,8.4204],[-78.0941,8.4109],[-78.1003,8.4109],[-78.1193,8.4425],[-78.1314,8.4581],[-78.1413,8.4661],[-78.1568,8.4662],[-78.1702,8.4577],[-78.1794,8.4421],[-78.1829,8.4211],[-78.1889,8.4057],[-78.2038,8.3939],[-78.2226,8.3863],[-78.2406,8.3835],[-78.2491,8.3869],[-78.2528,8.3947],[-78.253,8.4038],[-78.2511,8.4109],[-78.2454,8.4177],[-78.2164,8.432],[-78.2125,8.4287],[-78.2098,8.427],[-78.2027,8.4245],[-78.2015,8.4573],[-78.2067,8.4877],[-78.2233,8.5418],[-78.2307,8.5418],[-78.2377,8.5275],[-78.2328,8.5184],[-78.2233,8.5106],[-78.2164,8.5002],[-78.2178,8.4825],[-78.2256,8.4682],[-78.2305,8.4564],[-78.2233,8.4456],[-78.2233,8.4382],[-78.2264,8.436],[-78.2298,8.4344],[-78.2375,8.432],[-78.2419,8.44],[-78.2479,8.4445],[-78.2536,8.4478],[-78.2574,8.4518],[-78.2607,8.4606],[-78.2589,8.4617],[-78.255,8.4614],[-78.2511,8.4661],[-78.2404,8.4853],[-78.2416,8.4948],[-78.2574,8.5002],[-78.2526,8.4877],[-78.2548,8.4819],[-78.2601,8.4784],[-78.2648,8.473],[-78.2785,8.4456],[-78.2945,8.4433],[-78.3033,8.4543],[-78.3126,8.4866],[-78.3201,8.4792],[-78.321,8.4663],[-78.3348,8.4462],[-78.353,8.4289],[-78.3673,8.4245],[-78.3765,8.4413],[-78.3869,8.5005],[-78.3945,8.5207],[-78.3907,8.5275],[-78.3883,8.5344],[-78.3945,8.5344],[-78.3945,8.5276],[-78.402,8.5276],[-78.402,8.548],[-78.4082,8.548],[-78.412,8.5235],[-78.3938,8.4739],[-78.3841,8.426],[-78.3653,8.4106],[-78.361,8.3941],[-78.3883,8.3358],[-78.3923,8.3444],[-78.3995,8.3488],[-78.4078,8.352],[-78.4097,8.353],[-78.4156,8.3563],[-78.4387,8.3844],[-78.4498,8.391],[-78.4444,8.4032],[-78.4452,8.4211],[-78.4499,8.4392],[-78.4567,8.4518],[-78.464,8.4462],[-78.4681,8.4401],[-78.47,8.433],[-78.4709,8.4245],[-78.4755,8.434],[-78.4864,8.4478],[-78.4908,8.4593],[-78.4914,8.4734],[-78.484,8.5071],[-78.4908,8.5245],[-78.52,8.5635],[-78.5317,8.576],[-78.5167,8.5753],[-78.5058,8.572],[-78.4959,8.5707],[-78.484,8.576],[-78.5003,8.5887],[-78.5058,8.5991],[-78.5044,8.634],[-78.5665,8.6511],[-78.5613,8.6664],[-78.559,8.671],[-78.5656,8.6718],[-78.569,8.6702],[-78.5733,8.6647],[-78.5815,8.6701],[-78.5892,8.6696],[-78.5965,8.6665],[-78.6037,8.6647],[-78.6125,8.6697],[-78.6189,8.6815],[-78.6279,8.7057],[-78.6137,8.7172],[-78.6084,8.7353],[-78.6095,8.7559],[-78.6142,8.7746],[-78.6217,8.7746],[-78.6231,8.7585],[-78.6191,8.7379],[-78.6197,8.7235],[-78.6348,8.7262],[-78.6515,8.708],[-78.6822,8.7477],[-78.7099,8.7473],[-78.7294,8.7593],[-78.7494,8.8018],[-78.7651,8.8156],[-78.7651,8.8224],[-78.7576,8.8224],[-78.7576,8.8293],[-78.7725,8.8336],[-78.7818,8.8428],[-78.7896,8.8539],[-78.7999,8.8633],[-78.7919,8.8467],[-78.7902,8.8336],[-78.7965,8.8235],[-78.8129,8.8156],[-78.8279,8.8131],[-78.838,8.817],[-78.8576,8.8398],[-78.8646,8.8556],[-78.8686,8.8749],[-78.8739,8.8912],[-79.0053,8.9595],[-79.0576,8.971],[-79.083,8.9888],[-79.0872,8.9943],[-79.0885,9.0041],[-79.0857,9.0098],[-79.0818,9.0153],[-79.0798,9.0247],[-79.0793,9.0454],[-79.0809,9.0628],[-79.0889,9.0738],[-79.1077,9.0756],[-79.1077,9.0831],[-79.0863,9.0846],[-79.0699,9.0933],[-79.0586,9.1072],[-79.0525,9.124],[-79.0463,9.124],[-79.0374,9.1105],[-79.0277,9.111],[-79.0115,9.124],[-78.9912,9.1312],[-78.9822,9.1364],[-78.9774,9.1452],[-78.9838,9.142],[-78.9972,9.1409],[-79.0053,9.1383],[-79.012,9.1331],[-79.0247,9.1194],[-79.0289,9.1166],[-79.0369,9.1196],[-79.0395,9.1259],[-79.0426,9.1311],[-79.0525,9.1308],[-79.0587,9.1256],[-79.0709,9.1075],[-79.0766,9.1036],[-79.079,9.1015],[-79.0822,9.0967],[-79.0878,9.092],[-79.0975,9.0899],[-79.1068,9.0894],[-79.1142,9.0876],[-79.119,9.0832],[-79.1207,9.0756],[-79.1146,9.0688],[-79.1017,9.065],[-79.09,9.0564],[-79.0872,9.0353],[-79.0918,9.023],[-79.1021,9.006],[-79.1161,8.9941],[-79.1316,8.9975],[-79.1381,9.0008],[-79.1623,9.0074],[-79.1634,9.0118],[-79.1683,9.0198],[-79.1735,9.0225],[-79.176,9.0107],[-79.193,9.0052],[-79.2733,9.0193],[-79.2995,9.0141],[-79.3057,9.0141],[-79.3057,9.021],[-79.3303,9.0134],[-79.3868,9.0189],[-79.4093,9.0074],[-79.4182,9.0141],[-79.4275,9.0134],[-79.4371,9.0096],[-79.4545,9.0063],[-79.4669,9.0017],[-79.4745,9.0006],[-79.482,8.9984],[-79.484,8.9937],[-79.4847,8.989],[-79.4879,8.9869],[-79.4911,8.9835],[-79.5192,8.9664],[-79.5212,8.9574],[-79.5203,8.9489],[-79.5222,8.9423],[-79.5329,8.9391],[-79.5155,8.91],[-79.5118,8.8981],[-79.525,8.9073],[-79.5411,8.9233],[-79.5547,8.9421],[-79.5602,8.9595],[-79.5664,8.9595],[-79.565,8.9538],[-79.5632,8.95],[-79.5602,8.9453],[-79.5602,8.9391],[-79.5664,8.9391],[-79.5592,8.9143],[-79.5639,8.8928],[-79.5785,8.8823],[-79.6012,8.8907],[-79.6468,8.8826],[-79.6612,8.8752],[-79.6558,8.8633],[-79.6558,8.8571],[-79.6669,8.8608],[-79.674,8.8655],[-79.6807,8.8676],[-79.6905,8.8633],[-79.6935,8.8666],[-79.6947,8.8683],[-79.697,8.8692],[-79.7036,8.8702],[-79.7036,8.8633],[-79.7008,8.8599],[-79.6992,8.8548],[-79.6968,8.8497],[-79.7139,8.8526],[-79.7302,8.8443],[-79.7436,8.8301],[-79.752,8.8156],[-79.7563,8.7963],[-79.752,8.7368],[-79.7499,8.731],[-79.7452,8.728],[-79.7405,8.726],[-79.7384,8.7228],[-79.7393,8.7165],[-79.7414,8.7111],[-79.7445,8.7057],[-79.7468,8.6979],[-79.7508,8.6896],[-79.756,8.6816],[-79.762,8.6747],[-79.7659,8.6718],[-79.7784,8.6658],[-79.791,8.6632],[-79.7917,8.6595],[-79.7905,8.655],[-79.793,8.6511],[-79.81,8.6466],[-79.8263,8.6385],[-79.8137,8.6261],[-79.7796,8.6184],[-79.7474,8.6313],[-79.7173,8.6463],[-79.7058,8.6526],[-79.7021,8.6573],[-79.6973,8.6573],[-79.6969,8.6489],[-79.7006,8.6416],[-79.7344,8.6155],[-79.7744,8.5796],[-79.7937,8.5722],[-79.8263,8.5616],[-79.8641,8.5524],[-79.8715,8.5428],[-79.8698,8.5318],[-79.8717,8.5242],[-79.8749,8.5207],[-79.88,8.5186],[-79.8912,8.5163],[-79.8954,8.5146],[-79.9106,8.5005],[-79.9176,8.4954],[-79.9267,8.4934],[-79.9321,8.4892],[-79.9418,8.4704],[-79.9469,8.4661],[-79.949,8.4623],[-79.9702,8.4441],[-80.0408,8.398],[-80.0809,8.3718],[-80.1258,8.3486],[-80.1955,8.3129],[-80.225,8.3011],[-80.2727,8.2948],[-80.2816,8.2959],[-80.2945,8.3004],[-80.3,8.3011],[-80.3088,8.2987],[-80.3263,8.2903],[-80.3342,8.288],[-80.3615,8.2948],[-80.3747,8.3034],[-80.3807,8.3104],[-80.3758,8.3153],[-80.3858,8.3113],[-80.3863,8.307],[-80.3848,8.3016],[-80.3888,8.2948],[-80.407,8.283],[-80.4702,8.2206],[-80.4782,8.2023],[-80.4748,8.1065],[-80.4761,8.0949],[-80.4785,8.0914],[-80.4844,8.0825],[-80.4682,8.0749],[-80.4609,8.0557],[-80.4561,8.0362],[-80.4472,8.0273],[-80.4324,8.0242],[-80.3943,8.0076],[-80.3826,7.9993],[-80.3489,7.9893],[-80.3277,7.9533],[-80.3133,7.9114],[-80.3,7.8833],[-80.2045,7.8076],[-80.1438,7.7528],[-80.0524,7.6371],[-80.0058,7.5523],[-79.9935,7.5228],[-79.9947,7.5034],[-80.01,7.4652],[-80.0179,7.4568],[-80.0301,7.4539],[-80.0568,7.4525],[-80.065,7.451],[-80.1355,7.4246],[-80.1985,7.4247],[-80.2107,7.4178],[-80.2228,7.4234],[-80.2497,7.4296],[-80.2591,7.4383],[-80.2659,7.4383],[-80.2748,7.4339],[-80.3069,7.4246],[-80.3069,7.4178],[-80.294,7.4193],[-80.2836,7.4218],[-80.2745,7.4257],[-80.2659,7.4308],[-80.2591,7.4246],[-80.331,7.4012],[-80.3576,7.382],[-80.3615,7.3557],[-80.3444,7.3274],[-80.3476,7.3183],[-80.3723,7.3148],[-80.3793,7.3128],[-80.3871,7.3081],[-80.3936,7.3024],[-80.3963,7.2977],[-80.3988,7.2866],[-80.4054,7.2828],[-80.4144,7.2803],[-80.4242,7.2737],[-80.4285,7.2654],[-80.4281,7.2585],[-80.4291,7.2523],[-80.4372,7.2465],[-80.4448,7.2459],[-80.4637,7.2517],[-80.4745,7.2533],[-80.5968,7.2381],[-80.6041,7.2367],[-80.7131,7.2165],[-80.7934,7.2136],[-80.814,7.2191],[-80.8208,7.2191],[-80.826,7.2133],[-80.8311,7.2114],[-80.8362,7.2133],[-80.8413,7.2191],[-80.8481,7.2191],[-80.8618,7.2057],[-80.8731,7.2126],[-80.8891,7.239],[-80.8944,7.2434],[-80.9018,7.2481],[-80.9106,7.2518],[-80.9201,7.2533],[-80.9297,7.2565],[-80.9302,7.2636],[-80.9256,7.2706],[-80.9201,7.2737],[-80.916,7.2781],[-80.9171,7.2996],[-80.9164,7.3079],[-80.9112,7.315],[-80.8999,7.3235],[-80.896,7.3284],[-80.8924,7.3417],[-80.8916,7.3602],[-80.8957,7.3766],[-80.9212,7.392],[-80.9208,7.4108],[-80.9102,7.4417],[-80.9151,7.4547],[-80.9512,7.4935],[-80.9546,7.4955],[-80.9622,7.5025],[-80.9669,7.5099],[-80.9547,7.5169],[-80.9527,7.5255],[-80.9516,7.5356],[-80.9477,7.5441],[-80.9463,7.5557],[-80.9557,7.5696],[-80.969,7.5821],[-80.9791,7.5891],[-80.9791,7.5959],[-80.9717,7.5959],[-80.9717,7.6027],[-81.02,7.6505],[-81.0299,7.6561],[-81.0375,7.6583],[-81.0413,7.6617],[-81.0399,7.671],[-81.0352,7.68],[-81.0278,7.6862],[-81.0179,7.6884],[-81.0058,7.6853],[-81.0106,7.6939],[-81.0218,7.7027],[-81.0345,7.7093],[-81.0433,7.712],[-81.0448,7.7167],[-81.0262,7.7467],[-81.0371,7.746],[-81.0469,7.7472],[-81.0548,7.75],[-81.061,7.7542],[-81.0576,7.755],[-81.0548,7.7548],[-81.0533,7.7559],[-81.0536,7.7604],[-81.0767,7.7648],[-81.0861,7.7791],[-81.0854,7.7943],[-81.0781,7.8013],[-81.0725,7.8035],[-81.0675,7.8082],[-81.0608,7.8129],[-81.0502,7.815],[-81.0376,7.815],[-81.0276,7.8168],[-81.0213,7.8227],[-81.02,7.8355],[-81.0262,7.8355],[-81.0489,7.8227],[-81.0559,7.8494],[-81.0536,7.9112],[-81.0752,7.8713],[-81.0904,7.8579],[-81.102,7.8771],[-81.1082,7.8771],[-81.1059,7.8664],[-81.1022,7.8586],[-81.0963,7.8531],[-81.0877,7.8492],[-81.0877,7.8423],[-81.133,7.8423],[-81.1424,7.8444],[-81.1548,7.8538],[-81.1671,7.856],[-81.1924,7.8633],[-81.1974,7.8791],[-81.1999,7.8936],[-81.218,7.8975],[-81.2082,7.8935],[-81.2052,7.8899],[-81.2044,7.8833],[-81.2176,7.879],[-81.2152,7.871],[-81.1975,7.856],[-81.1802,7.8469],[-81.1771,7.8457],[-81.1787,7.8369],[-81.1816,7.8297],[-81.1833,7.8237],[-81.1647,7.789],[-81.1744,7.763],[-81.1967,7.7417],[-81.218,7.7263],[-81.2224,7.7344],[-81.2232,7.7392],[-81.2215,7.7427],[-81.218,7.7467],[-81.218,7.7542],[-81.232,7.755],[-81.246,7.7542],[-81.246,7.7467],[-81.2354,7.7438],[-81.2295,7.7378],[-81.218,7.7194],[-81.2316,7.7144],[-81.2374,7.7151],[-81.246,7.7194],[-81.2387,7.7075],[-81.2317,7.6989],[-81.2255,7.6989],[-81.2121,7.7061],[-81.1975,7.712],[-81.1933,7.7008],[-81.1975,7.6574],[-81.1955,7.6457],[-81.1952,7.6389],[-81.1975,7.6301],[-81.2013,7.6252],[-81.2134,7.6154],[-81.218,7.609],[-81.2255,7.609],[-81.234,7.6153],[-81.2662,7.6324],[-81.2733,7.6335],[-81.2787,7.6461],[-81.2912,7.6507],[-81.3142,7.6505],[-81.397,7.6735],[-81.4241,7.671],[-81.4282,7.6826],[-81.4349,7.6927],[-81.4429,7.7005],[-81.4508,7.7051],[-81.4739,7.6994],[-81.5034,7.702],[-81.5258,7.7115],[-81.5271,7.7263],[-81.5187,7.7289],[-81.5,7.7387],[-81.4888,7.7492],[-81.5281,7.7606],[-81.5391,7.7574],[-81.5402,7.7399],[-81.5632,7.7563],[-81.5749,7.7604],[-81.5749,7.7672],[-81.5684,7.776],[-81.5739,7.7843],[-81.5831,7.7934],[-81.588,7.8045],[-81.5863,7.8209],[-81.5818,7.8316],[-81.5675,7.8492],[-81.5675,7.856],[-81.5746,7.8607],[-81.5819,7.8625],[-81.589,7.8611],[-81.5954,7.856],[-81.6016,7.856],[-81.6091,7.8628],[-81.6091,7.8703],[-81.5998,7.8778],[-81.5999,7.885],[-81.608,7.8898],[-81.6227,7.8901],[-81.6196,7.9053],[-81.6187,7.922],[-81.6129,7.9314],[-81.5954,7.9249],[-81.598,7.9338],[-81.6021,7.94],[-81.6159,7.9522],[-81.6112,7.9596],[-81.6129,7.9742],[-81.6091,7.9864],[-81.6213,7.9814],[-81.6271,7.9828],[-81.6289,7.9818],[-81.6289,7.9693],[-81.6241,7.9554],[-81.6226,7.9479],[-81.6259,7.9447],[-81.6333,7.9459],[-81.6385,7.9492],[-81.6416,7.9547],[-81.6426,7.9621],[-81.6459,7.9731],[-81.6636,7.9973],[-81.6705,8.0068],[-81.6848,8.0446],[-81.691,8.0546],[-81.6971,8.0391],[-81.6984,8.031],[-81.6979,8.0211],[-81.7084,8.0313],[-81.7085,8.0458],[-81.7104,8.0598],[-81.7257,8.0683],[-81.7257,8.0757],[-81.7173,8.0708],[-81.7095,8.0686],[-81.7029,8.07],[-81.6979,8.0757],[-81.691,8.0757],[-81.6876,8.0728],[-81.6854,8.0716],[-81.6774,8.0683],[-81.7115,8.1303],[-81.7336,8.1577],[-81.7434,8.1732],[-81.7462,8.1918],[-81.7525,8.1918],[-81.7582,8.1806],[-81.7607,8.1696],[-81.7575,8.1612],[-81.7462,8.1577],[-81.7524,8.149],[-81.7675,8.1328],[-81.7742,8.1235],[-81.7804,8.1235],[-81.7983,8.1371],[-81.8766,8.1679],[-81.8854,8.1733],[-81.927,8.1832],[-81.9412,8.185],[-81.9518,8.1914],[-81.9479,8.2062],[-81.9312,8.2333],[-81.9433,8.2296],[-81.9567,8.221],[-81.9676,8.2091],[-81.9722,8.1955],[-81.9784,8.1925],[-81.9922,8.2011],[-82.0132,8.2191],[-82.0279,8.2083],[-82.0603,8.2103],[-82.0931,8.2204],[-82.1094,8.2333],[-82.1156,8.2333],[-82.1173,8.2152],[-82.1424,8.1601],[-82.1446,8.1619],[-82.1489,8.1641],[-82.1503,8.1645],[-82.1503,8.1577],[-82.1565,8.1577],[-82.1472,8.1809],[-82.1476,8.1883],[-82.1565,8.185],[-82.1554,8.1932],[-82.1538,8.1993],[-82.1504,8.2033],[-82.1435,8.2054],[-82.1435,8.2129],[-82.1569,8.2117],[-82.1741,8.2017],[-82.1879,8.1992],[-82.1965,8.2022],[-82.2093,8.2155],[-82.2192,8.2191],[-82.2192,8.2259],[-82.2141,8.2274],[-82.2096,8.2311],[-82.2049,8.2333],[-82.2165,8.2642],[-82.2176,8.2782],[-82.2118,8.288],[-82.2118,8.2948],[-82.2176,8.2993],[-82.2188,8.3043],[-82.2164,8.3098],[-82.2118,8.3153],[-82.2106,8.3126],[-82.2108,8.3099],[-82.2098,8.3081],[-82.2049,8.3085],[-82.2098,8.3218],[-82.2086,8.3321],[-82.2006,8.3393],[-82.1844,8.3432],[-82.2079,8.3439],[-82.2201,8.343],[-82.2255,8.3395],[-82.2414,8.3067],[-82.2425,8.3011],[-82.262,8.3028],[-82.2771,8.3093],[-82.2844,8.3222],[-82.2801,8.3432],[-82.2965,8.3362],[-82.314,8.3308],[-82.3317,8.3298],[-82.3489,8.3358],[-82.3471,8.3292],[-82.345,8.315],[-82.3428,8.3085],[-82.3587,8.3061],[-82.3872,8.2914],[-82.4001,8.288],[-82.4189,8.293],[-82.4333,8.3043],[-82.4353,8.3161],[-82.4172,8.3228],[-82.4172,8.3289],[-82.4257,8.3323],[-82.4303,8.3382],[-82.4318,8.3462],[-82.4309,8.3563],[-82.441,8.3487],[-82.4426,8.3363],[-82.447,8.3236],[-82.4656,8.3153],[-82.4656,8.3085],[-82.4614,8.3029],[-82.4574,8.296],[-82.4541,8.2885],[-82.452,8.2812],[-82.4709,8.2771],[-82.4778,8.2774],[-82.4861,8.2812],[-82.5117,8.2764],[-82.5526,8.2874],[-82.6227,8.3153],[-82.6589,8.3228],[-82.6986,8.3228],[-82.738,8.3175],[-82.8087,8.2957],[-82.839,8.2785],[-82.8625,8.2541],[-82.8772,8.2191],[-82.8799,8.1779],[-82.8728,8.1359],[-82.8492,8.0683],[-82.8492,8.062],[-82.8621,8.0489],[-82.8682,8.0324],[-82.8769,8.0239],[-82.8976,8.0347],[-82.8914,8.0575],[-82.8864,8.1022],[-82.9391,8.2168],[-82.9437,8.2486],[-82.9505,8.2588],[-82.968,8.268],[-82.9771,8.2692],[-82.9892,8.2645],[-82.9955,8.2648],[-83.0011,8.2692],[-83.0108,8.2834],[-83.0161,8.289],[-83.0441,8.3054],[-83.0532,8.3151],[-83.0521,8.3276],[-83.0433,8.3347],[-82.9978,8.3602],[-82.9535,8.4021],[-82.9248,8.4167],[-82.8965,8.4254],[-82.8704,8.4381],[-82.8483,8.4652],[-82.8389,8.4946],[-82.836,8.5298],[-82.8419,8.5995],[-82.8498,8.6299],[-82.8622,8.6557],[-82.8789,8.6791],[-82.9103,8.7139],[-82.9192,8.7271],[-82.9242,8.7412],[-82.923,8.7562],[-82.9149,8.7648],[-82.8851,8.7832],[-82.8758,8.7939],[-82.8756,8.8075],[-82.8836,8.8124],[-82.8883,8.8169],[-82.8786,8.8298],[-82.8669,8.8381],[-82.7638,8.88],[-82.7339,8.898],[-82.7202,8.9202],[-82.7194,8.9215],[-82.7233,8.9309],[-82.7491,8.9741],[-82.7627,8.983],[-82.8082,8.9984],[-82.8541,9.032],[-82.8766,9.0419],[-82.8824,9.0453],[-82.8869,9.0515],[-82.8897,9.0594],[-82.8933,9.0669],[-82.9002,9.0721],[-82.9095,9.072],[-82.9394,9.0596],[-82.9395,9.0706],[-82.9417,9.2344],[-82.9432,9.3543],[-82.9443,9.4372],[-82.9417,9.4563],[-82.9333,9.4703],[-82.9146,9.4769],[-82.8613,9.4841],[-82.8464,9.4925],[-82.8448,9.5007],[-82.8494,9.5035],[-82.8559,9.5054],[-82.8602,9.5112],[-82.8671,9.5386],[-82.8793,9.5599],[-82.8774,9.5692],[-82.866,9.5851],[-82.8475,9.6007],[-82.829,9.6027],[-82.7711,9.5799],[-82.7294,9.5449],[-82.7197,9.5413],[-82.7117,9.545],[-82.7015,9.5336],[-82.6887,9.5094],[-82.678,9.4978],[-82.6682,9.4932],[-82.6507,9.4878],[-82.6321,9.4847],[-82.6189,9.4867],[-82.6124,9.4995],[-82.6082,9.5379],[-82.6011,9.5487],[-82.5859,9.5462],[-82.5706,9.5382],[-82.5628,9.5387],[-82.5736,9.5762],[-82.5619,9.5691],[-82.4656,9.494],[-82.4066,9.4352],[-82.369,9.4149],[-82.3428,9.4325],[-82.3451,9.4154],[-82.3496,9.402],[-82.3768,9.3552],[-82.3795,9.3438],[-82.3763,9.3301],[-82.3678,9.3207],[-82.3564,9.3134],[-82.3481,9.3056],[-82.3489,9.2947],[-82.3625,9.2841],[-82.3876,9.2861],[-82.39,9.2748],[-82.3949,9.2671],[-82.3937,9.2621],[-82.3888,9.2601],[-82.383,9.2612],[-82.3732,9.2545],[-82.3645,9.2429],[-82.3581,9.2294],[-82.3558,9.2168],[-82.3506,9.2073],[-82.3148,9.1855],[-82.308,9.1855],[-82.3004,9.1971],[-82.2882,9.1986],[-82.2825,9.2021],[-82.2943,9.2203],[-82.281,9.2166],[-82.2759,9.2064],[-82.2731,9.1945],[-82.2664,9.1855],[-82.2555,9.1826],[-82.2479,9.187],[-82.2445,9.1976],[-82.246,9.2134],[-82.2391,9.2134],[-82.2381,9.2003],[-82.2311,9.1938],[-82.2231,9.1928],[-82.2192,9.1964],[-82.2187,9.2086],[-82.2169,9.2175],[-82.2125,9.22],[-82.2049,9.2134],[-82.204,9.2165],[-82.204,9.2192],[-82.2028,9.2207],[-82.1981,9.2203],[-82.1962,9.2112],[-82.1934,9.2041],[-82.1896,9.1983],[-82.1844,9.1929],[-82.1776,9.1929],[-82.1776,9.1998],[-82.1708,9.1998],[-82.1735,9.1848],[-82.1717,9.1574],[-82.1776,9.1452],[-82.2081,9.1638],[-82.2241,9.1697],[-82.2496,9.1718],[-82.2607,9.164],[-82.2638,9.1466],[-82.2607,9.1279],[-82.2534,9.1166],[-82.2534,9.1104],[-82.2589,9.1127],[-82.2738,9.1166],[-82.2685,9.1024],[-82.2445,9.0899],[-82.2391,9.0793],[-82.246,9.0141],[-82.2505,9.0152],[-82.2535,9.0163],[-82.2562,9.018],[-82.2602,9.021],[-82.243,9.0045],[-82.2188,8.9934],[-82.1947,8.991],[-82.1776,9.0006],[-82.1418,8.989],[-82.129,8.9814],[-82.1292,8.9732],[-82.1144,8.9508],[-82.1094,8.9453],[-82.107,8.9419],[-82.1054,8.9352],[-82.1019,8.9316],[-82.0978,8.9306],[-82.0867,8.9317],[-82.0676,8.9307],[-82.02,8.9453],[-81.9977,8.9475],[-81.9852,8.9423],[-81.9747,8.9352],[-81.9586,8.9316],[-81.944,8.9351],[-81.9294,8.9438],[-81.9208,8.9551],[-81.9237,8.9664],[-81.9125,8.9711],[-81.9037,8.9711],[-81.8896,8.9664],[-81.8877,8.9626],[-81.878,8.9543],[-81.8673,8.9493],[-81.8624,8.9558],[-81.8523,8.9583],[-81.7934,8.9316],[-81.7755,8.9403],[-81.7706,8.9575],[-81.7742,8.9975],[-81.8419,9.0353],[-81.8771,9.0873],[-81.8862,9.0961],[-81.8993,9.1019],[-81.9178,9.115],[-81.9334,9.1292],[-81.9374,9.1383],[-81.922,9.1381],[-81.8966,9.1318],[-81.8729,9.1295],[-81.8624,9.1418],[-81.8948,9.1569],[-81.9103,9.1681],[-81.9033,9.1793],[-81.8828,9.1795],[-81.8655,9.1667],[-81.8419,9.1383],[-81.8188,9.1211],[-81.8146,9.1166],[-81.816,9.1081],[-81.8242,9.1055],[-81.8344,9.107],[-81.8419,9.1104],[-81.8419,9.1036],[-81.8337,9.0938],[-81.8258,9.0853],[-81.8209,9.0706],[-81.8135,9.0678],[-81.8003,9.0678],[-81.7768,9.065],[-81.762,9.0638],[-81.7369,9.0369],[-81.7212,9.032],[-81.7065,8.9992],[-81.7016,8.9943],[-81.6875,8.9842],[-81.6276,8.8991],[-81.5873,8.8564],[-81.5675,8.8435],[-81.5616,8.8344],[-81.5508,8.8228],[-81.5391,8.8129],[-81.5303,8.8087],[-81.5215,8.8068],[-81.5033,8.801],[-81.4912,8.801],[-81.4735,8.8066],[-81.4215,8.7964],[-81.4094,8.8001],[-81.3815,8.8001],[-81.358,8.7851],[-81.3045,8.7819],[-81.2662,8.7892],[-81.2131,8.7918],[-81.1748,8.7968],[-81.1303,8.8017],[-81.0877,8.8087],[-81.0799,8.8048],[-81.0707,8.8068],[-81.0615,8.8132],[-81.0536,8.8224],[-80.9751,8.8481],[-80.8989,8.8796],[-80.8817,8.8857],[-80.8449,8.8845],[-80.8224,8.8907],[-80.8129,8.9027],[-80.8043,8.9124],[-80.7836,8.9392],[-80.7726,8.9534],[-80.7625,8.9595],[-80.7591,8.9627],[-80.7558,8.9698],[-80.7506,8.9769],[-80.7417,8.98],[-80.7268,8.9972],[-80.7035,9.0081],[-80.6671,9.0297],[-80.6532,9.0353],[-80.6371,9.0517],[-80.5793,9.0807],[-80.5068,9.1109],[-80.4083,9.1423],[-80.2926,9.1514],[-80.2775,9.1564],[-80.2448,9.1751],[-80.2349,9.1793],[-80.1999,9.1832],[-80.1629,9.1929],[-80.1297,9.2062],[-80.1008,9.2223],[-80.0652,9.2625],[-80.0262,9.2966],[-80.0008,9.3205],[-79.9985,9.3318],[-79.9789,9.3634],[-79.9537,9.3734],[-79.9474,9.3728],[-79.9438,9.3636],[-79.9459,9.3259],[-79.9438,9.3159],[-79.9382,9.3091],[-79.9294,9.3041],[-79.9192,9.3032],[-79.909,9.3084],[-79.9016,9.3266],[-79.9003,9.3468],[-79.8947,9.3564],[-79.8749,9.3432],[-79.8771,9.3516],[-79.8795,9.3688],[-79.8817,9.3773],[-79.8793,9.3754],[-79.8749,9.3711],[-79.868,9.3773],[-79.8804,9.3946],[-79.8712,9.4042],[-79.8598,9.3991],[-79.8409,9.4007],[-79.8186,9.391],[-79.8004,9.3608],[-79.793,9.3494],[-79.797,9.3713],[-79.8022,9.3867],[-79.8027,9.4006],[-79.793,9.4182],[-79.7781,9.4316],[-79.7483,9.4425],[-79.7315,9.453],[-79.7294,9.456],[-79.7266,9.4634],[-79.7247,9.4667],[-79.7213,9.4692],[-79.7147,9.4798],[-79.7055,9.4855],[-79.6906,9.4958],[-79.6843,9.5215],[-79.6774,9.5456],[-79.6597,9.5524],[-79.6517,9.5597],[-79.6565,9.565],[-79.6677,9.5608],[-79.6765,9.5584],[-79.6822,9.5645],[-79.6757,9.5687],[-79.6698,9.5729],[-79.6645,9.5834],[-79.65,9.5896],[-79.6389,9.5985],[-79.6303,9.6085],[-79.6122,9.6137],[-79.5962,9.6115],[-79.5765,9.6178],[-79.551,9.6293],[-79.5329,9.6243],[-79.528,9.6125]]]}},{"type":"Feature","properties":{"region":"central_america","name":"El Salvador","name_official":"El Salvador"},"geometry":{"type":"Polygon","coordinates":[[[-87.697,13.1781],[-87.6932,13.1679],[-87.7017,13.1634],[-87.7146,13.1679],[-87.7231,13.1641],[-87.723,13.1749],[-87.7284,13.1857],[-87.7263,13.1984],[-87.7272,13.2111],[-87.7199,13.2162],[-87.7061,13.2117],[-87.6976,13.1933],[-87.697,13.1781]]]}},{"type":"Feature","properties":{"region":"central_america","name":"El Salvador","name_official":"El Salvador"},"geometry":{"type":"Polygon","coordinates":[[[-87.7573,13.2207],[-87.7638,13.2143],[-87.7769,13.2257],[-87.7802,13.2416],[-87.7743,13.2474],[-87.7658,13.248],[-87.7579,13.2436],[-87.7514,13.2289],[-87.7573,13.2207]]]}},{"type":"Feature","properties":{"region":"central_america","name":"El Salvador","name_official":"El Salvador"},"geometry":{"type":"Polygon","coordinates":[[[-89.3982,14.4454],[-89.3969,14.426],[-89.3917,14.4337],[-89.3906,14.436],[-89.3616,14.4155],[-89.3462,14.4131],[-89.3076,14.4071],[-89.2765,14.3927],[-89.2255,14.3821],[-89.2002,14.3647],[-89.154,14.3513],[-89.1445,14.3597],[-89.1301,14.3867],[-89.1222,14.3947],[-89.1133,14.3971],[-89.1075,14.396],[-89.1026,14.3915],[-89.0968,14.384],[-89.0918,14.3748],[-89.0897,14.3649],[-89.0906,14.3547],[-89.0945,14.3449],[-89.0831,14.3353],[-89.049,14.3315],[-89.033,14.3237],[-89.0266,14.3113],[-89.0226,14.2807],[-89.0181,14.2717],[-88.9928,14.253],[-88.9835,14.2421],[-88.9746,14.2274],[-88.9708,14.2148],[-88.9702,14.2102],[-88.9692,14.202],[-88.966,14.1914],[-88.9572,14.1852],[-88.9475,14.1873],[-88.9356,14.194],[-88.9216,14.1999],[-88.906,14.1996],[-88.8813,14.1842],[-88.8603,14.1585],[-88.8453,14.1286],[-88.8388,14.1004],[-88.8212,14.1029],[-88.7773,14.0997],[-88.7654,14.1043],[-88.7551,14.1105],[-88.7464,14.1113],[-88.7392,14.0999],[-88.7401,14.083],[-88.7461,14.0666],[-88.7466,14.0525],[-88.731,14.0425],[-88.7095,14.0397],[-88.7049,14.038],[-88.6977,14.032],[-88.6927,14.0253],[-88.6904,14.0169],[-88.6908,14.0118],[-88.6909,14.01],[-88.6848,14.0123],[-88.6593,14.0161],[-88.6339,14.0145],[-88.5581,13.9909],[-88.514,13.9876],[-88.5044,13.9837],[-88.4954,13.9751],[-88.4962,13.972],[-88.4965,13.9696],[-88.4971,13.9691],[-88.4979,13.9684],[-88.4982,13.9684],[-88.5023,13.9689],[-88.5012,13.9666],[-88.4961,13.9557],[-88.4968,13.944],[-88.5002,13.9319],[-88.5023,13.9171],[-88.4995,13.9076],[-88.4887,13.8814],[-88.488,13.8653],[-88.4968,13.8512],[-88.4702,13.8525],[-88.4514,13.8636],[-88.4332,13.8711],[-88.3929,13.8798],[-88.3834,13.8793],[-88.3674,13.8731],[-88.3601,13.8724],[-88.3589,13.8753],[-88.3589,13.8812],[-88.3582,13.8874],[-88.3551,13.891],[-88.3486,13.8914],[-88.3406,13.89],[-88.3326,13.8877],[-88.3262,13.8851],[-88.3193,13.8976],[-88.3084,13.9015],[-88.2963,13.9024],[-88.2854,13.906],[-88.2775,13.9133],[-88.2742,13.9191],[-88.2702,13.926],[-88.2636,13.9331],[-88.2516,13.9381],[-88.2428,13.9367],[-88.2364,13.9381],[-88.2316,13.9518],[-88.2334,13.9545],[-88.2423,13.9625],[-88.2444,13.9661],[-88.2454,13.9859],[-88.2449,13.9893],[-88.2351,13.9929],[-88.2201,13.9913],[-88.2177,13.9908],[-88.1935,13.9856],[-88.1775,13.9852],[-88.1254,13.9913],[-88.099,13.9898],[-88.0875,13.9805],[-88.0729,13.9434],[-88.0584,13.9265],[-88.04,13.9101],[-88.0236,13.8912],[-88.0153,13.8664],[-87.9697,13.8885],[-87.9548,13.8925],[-87.9526,13.892],[-87.9469,13.8909],[-87.9322,13.8816],[-87.9253,13.8796],[-87.9208,13.8819],[-87.9079,13.8915],[-87.9001,13.8941],[-87.8901,13.8935],[-87.8705,13.8896],[-87.8609,13.8902],[-87.8512,13.8969],[-87.843,13.9071],[-87.8329,13.9152],[-87.8179,13.9159],[-87.8085,13.9086],[-87.7987,13.8823],[-87.7906,13.8705],[-87.7854,13.8674],[-87.7714,13.8621],[-87.7653,13.8589],[-87.7495,13.8456],[-87.7212,13.8219],[-87.7036,13.815],[-87.7126,13.8005],[-87.7328,13.7551],[-87.7378,13.7388],[-87.7314,13.7222],[-87.7363,13.7115],[-87.7463,13.7022],[-87.755,13.6899],[-87.7586,13.6723],[-87.7578,13.6352],[-87.7601,13.6169],[-87.7841,13.5605],[-87.7899,13.5328],[-87.7795,13.51],[-87.7692,13.5064],[-87.748,13.5132],[-87.7334,13.5077],[-87.7257,13.499],[-87.7206,13.487],[-87.7188,13.4737],[-87.7212,13.4608],[-87.7384,13.4417],[-87.8172,13.4066],[-87.8179,13.4068],[-87.8257,13.4113],[-87.8307,13.4195],[-87.8383,13.4409],[-87.8664,13.3933],[-87.8738,13.3653],[-87.8554,13.3528],[-87.8436,13.3485],[-87.8104,13.3174],[-87.7915,13.305],[-87.7899,13.2991],[-87.7899,13.287],[-87.7981,13.2657],[-87.818,13.2504],[-87.8923,13.2139],[-87.9125,13.1982],[-87.916,13.1822],[-87.8929,13.1666],[-87.9282,13.1586],[-88.066,13.1679],[-88.0984,13.174],[-88.1052,13.174],[-88.1219,13.1675],[-88.2083,13.1604],[-88.3009,13.1742],[-88.3249,13.1666],[-88.3378,13.1708],[-88.3523,13.174],[-88.3523,13.1802],[-88.3297,13.1817],[-88.3281,13.1971],[-88.3402,13.2161],[-88.3584,13.2287],[-88.3545,13.2209],[-88.3426,13.2047],[-88.3379,13.1945],[-88.3741,13.1957],[-88.3918,13.1939],[-88.4068,13.1877],[-88.3972,13.1836],[-88.3894,13.1848],[-88.38,13.1874],[-88.3659,13.1877],[-88.3659,13.1802],[-88.3891,13.1708],[-88.4148,13.1716],[-88.4348,13.1837],[-88.441,13.2082],[-88.4312,13.2039],[-88.4274,13.2014],[-88.4137,13.215],[-88.4137,13.2212],[-88.4308,13.2288],[-88.4496,13.2546],[-88.4621,13.2622],[-88.4588,13.2477],[-88.4531,13.2359],[-88.4502,13.2254],[-88.4547,13.215],[-88.4692,13.2231],[-88.5115,13.2335],[-88.5298,13.2429],[-88.5463,13.2718],[-88.554,13.2764],[-88.5657,13.2774],[-88.5987,13.2839],[-88.6134,13.2839],[-88.6539,13.2764],[-88.7104,13.275],[-88.7228,13.2696],[-88.7161,13.2643],[-88.7087,13.2605],[-88.7014,13.2593],[-88.6949,13.2622],[-88.6666,13.2558],[-88.5863,13.2642],[-88.5774,13.2628],[-88.5645,13.256],[-88.5575,13.2496],[-88.545,13.2348],[-88.5366,13.2287],[-88.5366,13.2212],[-88.5553,13.2243],[-88.569,13.2268],[-88.5987,13.2355],[-88.5987,13.2287],[-88.5167,13.2122],[-88.4739,13.1986],[-88.4547,13.1802],[-88.4617,13.1683],[-88.4796,13.1712],[-88.4995,13.1814],[-88.5127,13.1911],[-88.5275,13.1984],[-88.7857,13.2453],[-88.8166,13.2593],[-89.0648,13.372],[-89.1835,13.4431],[-89.2515,13.4723],[-89.3249,13.4893],[-89.359,13.4893],[-89.385,13.4953],[-89.5271,13.4942],[-89.5878,13.5089],[-89.6164,13.5144],[-89.6798,13.5347],[-89.7131,13.528],[-89.808,13.5269],[-89.8233,13.5371],[-89.8334,13.5739],[-89.8371,13.5968],[-89.8497,13.6069],[-89.8703,13.6193],[-89.9513,13.6641],[-90.0212,13.6952],[-90.093,13.7289],[-90.1143,13.7963],[-90.1148,13.812],[-90.1123,13.8283],[-90.107,13.8441],[-90.099,13.8585],[-90.0871,13.8705],[-90.0596,13.8847],[-90.0474,13.8943],[-90.0381,13.9084],[-90.0315,13.9229],[-90.023,13.937],[-90.0082,13.9497],[-89.9121,14.0152],[-89.8908,14.0359],[-89.8801,14.0427],[-89.8359,14.0591],[-89.8211,14.0601],[-89.803,14.0555],[-89.7769,14.0358],[-89.7623,14.03],[-89.7476,14.0376],[-89.7473,14.0432],[-89.748,14.0449],[-89.7545,14.0594],[-89.7554,14.0671],[-89.7526,14.0752],[-89.7099,14.1487],[-89.6898,14.17],[-89.6646,14.1889],[-89.6383,14.2006],[-89.5309,14.2256],[-89.5245,14.2318],[-89.5247,14.2474],[-89.5279,14.2515],[-89.5406,14.2576],[-89.5449,14.2618],[-89.5468,14.2683],[-89.5486,14.2836],[-89.5499,14.2883],[-89.5557,14.299],[-89.5586,14.3028],[-89.5644,14.3081],[-89.5713,14.3111],[-89.5922,14.3138],[-89.5984,14.328],[-89.5924,14.3364],[-89.5824,14.3434],[-89.5761,14.3531],[-89.579,14.3648],[-89.5863,14.3747],[-89.5906,14.386],[-89.5841,14.4018],[-89.5699,14.412],[-89.5552,14.4108],[-89.5442,14.4001],[-89.5414,14.3815],[-89.5278,14.3911],[-89.503,14.4201],[-89.4961,14.4229],[-89.4853,14.4274],[-89.4694,14.4254],[-89.4581,14.4196],[-89.4468,14.4155],[-89.4311,14.4187],[-89.4084,14.4415],[-89.3982,14.4454]]]}}]}
